link,name,judge
http://www.spoj.com/problems/CRDS/,Cards,SPOJ
http://www.spoj.com/problems/EC_CONB/,Even Numbers,SPOJ
http://codeforces.com/problemset/problem/869/B,The Eternal Immortality,Codeforces
http://www.spoj.com/problems/ADDREV/,Adding Reversed Numbers,SPOJ
https://uva.onlinejudge.org/index.php?option=onlinejudge&page=show_problem&problem=208,TEX Quotes,UVA
https://uva.onlinejudge.org/index.php?option=onlinejudge&page=show_problem&problem=330,Mapmaker,UVA
http://www.spoj.com/problems/CBINARYT/,Complete Binary Tree,SPOJ
http://www.spoj.com/problems/DAYOFPAY/,Day of Pay,SPOJ
http://www.spoj.com/problems/HAPPYB/,Happy Birthday !!!,SPOJ
