link,name,judge
http://www.spoj.com/problems/EKO/,Eko,SPOJ
http://codeforces.com/problemset/problem/706/B,Interesting drink,Codeforces
http://www.spoj.com/problems/PIE/,Pie,SPOJ
http://codeforces.com/problemset/problem/600/B,Queries about less or equal elements,Codeforces
https://uva.onlinejudge.org/index.php?option=onlinejudge&page=show_problem&problem=2383,GCD LCM,UVA
https://icpcarchive.ecs.baylor.edu/index.php?option=onlinejudge&page=show_problem&problem=2848,Binary Search Tree,Live Archive
http://www.spoj.com/problems/KOPC12A/,K12 - Building Construction,SPOJ
https://uva.onlinejudge.org/index.php?option=onlinejudge&page=show_problem&problem=1415,Where is the Marble?,UVA
http://www.spoj.com/problems/AGGRCOW/,Aggressive cows,SPOJ
http://poj.org/problem?id=1064,Cable master,PKU
http://codeforces.com/problemset/problem/466/C,Number of Ways,Codeforces
http://codeforces.com/problemset/problem/492/B,Vanya and Lanterns,Codeforces
http://codeforces.com/problemset/problem/580/B,Kefa and Company,Codeforces
https://uva.onlinejudge.org/index.php?option=onlinejudge&page=show_problem&problem=1552,The Playboy Chimp,UVA
http://www.spoj.com/problems/MAIN8_C/,Shake Shake Shaky,SPOJ
http://www.spoj.com/problems/SUMFOUR/,4 values whose sum is 0,SPOJ
http://codeforces.com/problemset/problem/445/A,DZY Loves Chessboard,Codeforces
https://uva.onlinejudge.org/index.php?option=onlinejudge&page=show_problem&problem=1282,Solve It,UVA
http://acm.tju.edu.cn/toj/showp2407.html,4 Values whose Sum is 0,TJU
http://poj.org/problem?id=3273,Monthly Expense,PKU
http://www.spoj.com/problems/RENT/,Rent your airplane and make money,SPOJ
http://www.spoj.com/problems/VENOM/,Touch of Venom,SPOJ
http://www.spoj.com/problems/NOTATRI/,Not a Triangle,SPOJ
http://www.spoj.com/problems/TETRA/,Sphere in a tetrahedron,SPOJ
https://uva.onlinejudge.org/index.php?option=onlinejudge&page=show_problem&problem=2126,Ternary,UVA
http://www.spoj.com/problems/CISTFILL/,Fill the Cisterns,SPOJ
http://poj.org/problem?id=3258,River Hopscotch,PKU
http://www.spoj.com/problems/SOLDIER/,Help the soldier,SPOJ
http://codeforces.com/problemset/problem/743/B,Chloe and the sequence ,Codeforces
http://www.spoj.com/problems/SUBS/,String it out,SPOJ
http://www.spoj.com/problems/PIR/,Pyramids,SPOJ
http://codeforces.com/problemset/problem/279/B,Books,Codeforces
https://uva.onlinejudge.org/index.php?option=onlinejudge&page=show_problem&problem=1730,Prime Frequency,UVA
http://www.spoj.com/problems/HAMSTER1/,Hamster flight,SPOJ
http://www.spoj.com/problems/BOOKS1/,Copying Books,SPOJ
https://uva.onlinejudge.org/index.php?option=onlinejudge&page=show_problem&problem=1998,Exact Sum,UVA
http://codeforces.com/problemset/problem/474/B,Worms,Codeforces
http://poj.org/problem?id=2456,Aggressive cows,PKU
http://www.spoj.com/problems/ABCDEF/,ABCDEF,SPOJ
http://codeforces.com/problemset/problem/538/C,Tourist's Notes,Codeforces
https://icpcarchive.ecs.baylor.edu/index.php?option=onlinejudge&page=show_problem&problem=1936,ICPC Scoreboard,Live Archive
http://codeforces.com/problemset/problem/448/D,Multiplication Table,Codeforces
https://icpcarchive.ecs.baylor.edu/index.php?option=onlinejudge&page=show_problem&problem=3137,Mummy Madness,Live Archive
http://codeforces.com/problemset/problem/348/A,Mafia,Codeforces
http://codeforces.com/problemset/problem/96/B,Lucky Numbers (easy),Codeforces
https://uva.onlinejudge.org/index.php?option=onlinejudge&page=show_problem&problem=2408,Fill the Containers,UVA
https://uva.onlinejudge.org/index.php?option=onlinejudge&page=show_problem&problem=1507,Crossed Ladders,UVA
http://www.spoj.com/problems/BALLOT/,Distributing Ballot Boxes,SPOJ
http://www.spoj.com/problems/BST/,Binary Search Tree,SPOJ
http://poj.org/problem?id=3104,Drying,PKU
http://codeforces.com/problemset/problem/607/A,Chain Reaction,Codeforces
http://codeforces.com/problemset/problem/165/B,Burning Midnight Oil,Codeforces
http://codeforces.com/problemset/problem/812/C,Sagheer and Nubian Market,Codeforces
http://codeforces.com/problemset/problem/289/B,Polo the Penguin and Matrix,Codeforces
http://codeforces.com/problemset/problem/604/B,More Cowbell,Codeforces
http://poj.org/problem?id=3579,Median,PKU
http://codeforces.com/problemset/problem/816/B,Karen and Coffee,Codeforces
http://www.spoj.com/problems/SCALE/,Funny scales,SPOJ
http://codeforces.com/problemset/problem/165/C,Another Problem on Strings,Codeforces
http://codeforces.com/problemset/problem/676/C,Vasya and String,Codeforces
http://poj.org/problem?id=3111,K Best,PKU
http://codeforces.com/problemset/problem/371/C,Hamburgers,Codeforces
http://codeforces.com/problemset/problem/126/B,Password,Codeforces
http://codeforces.com/problemset/problem/778/A,String Game,Codeforces
http://codeforces.com/problemset/problem/785/C,Anton and Fairy Tale,Codeforces
http://codeforces.com/problemset/problem/166/A,Rank List,Codeforces
http://codeforces.com/problemset/problem/271/B,Prime Matrix,Codeforces
http://codeforces.com/problemset/problem/750/C,New Year and Rating,Codeforces
http://codeforces.com/problemset/problem/251/A,Points on Line,Codeforces
http://poj.org/problem?id=2010,Moo University - Financial Aid,PKU
http://codeforces.com/problemset/problem/567/C,Geometric Progression,Codeforces
http://www.spoj.com/problems/METEORS/,Meteors,SPOJ
https://uva.onlinejudge.org/index.php?option=onlinejudge&page=show_problem&problem=655,Copying Books,UVA
http://poj.org/problem?id=2976,Dropping tests,PKU
http://codeforces.com/problemset/problem/372/A,Counting Kangaroos is Fun,Codeforces
https://uva.onlinejudge.org/index.php?option=onlinejudge&page=show_problem&problem=898,Popes,UVA
http://codeforces.com/problemset/problem/637/B,Chat Order,Codeforces
http://codeforces.com/problemset/problem/274/A,k-Multiple Free Set,Codeforces
http://poj.org/problem?id=3685,Matrix,PKU
http://codeforces.com/problemset/problem/460/C,Present,Codeforces
http://codeforces.com/problemset/problem/302/B,Eugeny and Play List,Codeforces
http://codeforces.com/problemset/problem/706/D,Vasiliy's Multiset,Codeforces
http://poj.org/problem?id=3045,Cow Acrobats,PKU
http://codeforces.com/problemset/problem/220/B,Little Elephant and Array,Codeforces
http://codeforces.com/problemset/problem/777/C,Alyona and Spreadsheet,Codeforces
http://codeforces.com/problemset/problem/527/C,Glass Carving,Codeforces
http://codeforces.com/problemset/problem/415/B,Mashmokh and Tokens,Codeforces
http://codeforces.com/problemset/problem/231/C,To Add or Not to Add,Codeforces
http://codeforces.com/problemset/problem/204/A,Little Elephant and Interval,Codeforces
https://uva.onlinejudge.org/index.php?option=onlinejudge&page=show_problem&problem=190,Towers of Hanoi,UVA
http://codeforces.com/problemset/problem/224/B,Array,Codeforces
http://www.spoj.com/problems/MROADS/,Roads Repair,SPOJ
http://codeforces.com/problemset/problem/479/D,Long Jumps,Codeforces
http://codeforces.com/problemset/problem/416/C,Booking System,Codeforces
http://codeforces.com/problemset/problem/161/A,Dress'em in Vests!,Codeforces
http://codeforces.com/problemset/problem/547/B,Mike and Feet,Codeforces
http://codeforces.com/problemset/problem/337/C,Quiz,Codeforces
http://www.spoj.com/problems/TRICKTRT/,Trick or Treat,SPOJ
http://www.spoj.com/problems/ICPCS/,ICPC Scoreboard,SPOJ
http://codeforces.com/problemset/problem/192/A,Funky Numbers,Codeforces
http://codeforces.com/problemset/problem/493/C,Vasya and Basketball,Codeforces
https://uva.onlinejudge.org/index.php?option=onlinejudge&page=show_problem&problem=3344,Grapevine,UVA
http://poj.org/problem?id=3662,Telephone Lines,PKU
http://codeforces.com/problemset/problem/514/C,Watto and Mechanism,Codeforces
http://www.spoj.com/problems/IMMERSED/,Fantastic Discovery,SPOJ
http://codeforces.com/problemset/problem/424/B,Megacity,Codeforces
http://codeforces.com/problemset/problem/233/B,Non-square Equation,Codeforces
http://codeforces.com/problemset/problem/573/B,Bear and Blocks,Codeforces
http://codeforces.com/problemset/problem/340/D,Bubble Sort Graph,Codeforces
http://www.spoj.com/problems/MTHUR/,grace marks,SPOJ
http://codeforces.com/problemset/problem/195/A,Let's Watch Football,Codeforces
https://uva.onlinejudge.org/index.php?option=onlinejudge&page=show_problem&problem=3086,Through the Desert,UVA
http://www.spoj.com/problems/GLASNICI/,Glasnici,SPOJ
http://codeforces.com/problemset/problem/660/C,Hard Process,Codeforces
http://codeforces.com/problemset/problem/484/B,Maximum Value,Codeforces
http://codeforces.com/problemset/problem/202/A,LLPS,Codeforces
http://codeforces.com/problemset/problem/385/C,Bear and Prime Numbers,Codeforces
http://codeforces.com/problemset/problem/237/C,Primes on Interval,Codeforces
http://codeforces.com/problemset/problem/732/D,Exams,Codeforces
http://codeforces.com/problemset/problem/777/D,Cloud of Hashtags,Codeforces
http://codeforces.com/problemset/problem/75/C,Modified GCD,Codeforces
http://codeforces.com/problemset/problem/253/B,Physics Practical,Codeforces
http://codeforces.com/problemset/problem/567/D,One-Dimensional Battle Ships,Codeforces
http://codeforces.com/problemset/problem/650/B,Image Preview,Codeforces
http://codeforces.com/problemset/problem/578/C,Weakness and Poorness,Codeforces
http://codeforces.com/problemset/problem/439/D,Devu and his Brother,Codeforces
http://codeforces.com/problemset/problem/111/B,Petya and Divisors,Codeforces
http://codeforces.com/problemset/problem/287/B,Pipeline,Codeforces
http://codeforces.com/problemset/problem/380/A,Sereja and Prefixes,Codeforces
http://codeforces.com/problemset/problem/152/B,Steps,Codeforces
http://codeforces.com/problemset/problem/739/B,Alyona and a tree,Codeforces
http://codeforces.com/problemset/problem/830/A,Office Keys,Codeforces
http://codeforces.com/problemset/problem/487/A,Fight the Monster,Codeforces
http://codeforces.com/problemset/problem/570/D,Tree Requests,Codeforces
http://codeforces.com/problemset/problem/895/B,XK Segments,Codeforces
http://codeforces.com/problemset/problem/92/B,Binary Number,Codeforces
http://codeforces.com/problemset/problem/671/B,Robin Hood,Codeforces
http://codeforces.com/problemset/problem/140/C,New Year Snowmen,Codeforces
http://codeforces.com/problemset/problem/359/D,Pair of Numbers,Codeforces
http://poj.org/problem?id=1759,Garland,PKU
http://codeforces.com/problemset/problem/321/A,Ciel and Robot,Codeforces
http://codeforces.com/problemset/problem/159/B,Matchmaker,Codeforces
http://codeforces.com/problemset/problem/204/B,Little Elephant and Cards,Codeforces
http://codeforces.com/problemset/problem/700/A,As Fast As Possible,Codeforces
http://codeforces.com/problemset/problem/519/E,A and B and Lecture Rooms,Codeforces
http://codeforces.com/problemset/problem/689/C,Mike and Chocolate Thieves,Codeforces
http://codeforces.com/problemset/problem/492/D,Vanya and Computer Game,Codeforces
http://codeforces.com/problemset/problem/255/C,Almost Arithmetical Progression,Codeforces
http://codeforces.com/problemset/problem/225/B,Well-known Numbers,Codeforces
http://codeforces.com/problemset/problem/483/B,Friends and Presents,Codeforces
http://codeforces.com/problemset/problem/616/D,Longest k-Good Segment,Codeforces
http://codeforces.com/problemset/problem/159/C,String Manipulation 1.0,Codeforces
http://codeforces.com/problemset/problem/471/C,MUH and House of Cards,Codeforces
http://codeforces.com/problemset/problem/496/D,Tennis Game,Codeforces
http://codeforces.com/problemset/problem/148/B,Escape,Codeforces
http://codeforces.com/problemset/problem/229/B,Planets,Codeforces
http://codeforces.com/problemset/problem/535/C,Tavas and Karafs,Codeforces
http://codeforces.com/problemset/problem/455/C,Civilization,Codeforces
http://codeforces.com/problemset/problem/595/B,Pasha and Phone,Codeforces
http://codeforces.com/problemset/problem/160/C,Find Pair,Codeforces
http://codeforces.com/problemset/problem/551/C,GukiZ hates Boxes,Codeforces
http://codeforces.com/problemset/problem/91/B,Queue,Codeforces
http://codeforces.com/problemset/problem/613/A,Peter and Snow Blower,Codeforces
http://codeforces.com/problemset/problem/208/E,Blood Cousins,Codeforces
http://codeforces.com/problemset/problem/501/D,Misha and Permutations Summation,Codeforces
http://poj.org/problem?id=3484,Showstopper,PKU
http://codeforces.com/problemset/problem/474/E,Pillars,Codeforces
http://codeforces.com/problemset/problem/553/B,Kyoya and Permutation,Codeforces
http://codeforces.com/problemset/problem/842/D,Vitya and Strange Lesson,Codeforces
http://codeforces.com/problemset/problem/702/D,Road to Post Office,Codeforces
http://codeforces.com/problemset/problem/16/C,Monitor,Codeforces
http://codeforces.com/problemset/problem/590/B,Chip 'n Dale Rescue Rangers,Codeforces
http://codeforces.com/problemset/problem/689/D,Friends and Subsequences,Codeforces
http://codeforces.com/problemset/problem/613/B,Skills,Codeforces
http://codeforces.com/problemset/problem/367/B,Sereja ans Anagrams,Codeforces
http://codeforces.com/problemset/problem/222/D,Olympiad,Codeforces
http://www.spoj.com/problems/MSE07E/,Showstopper,SPOJ
http://codeforces.com/problemset/problem/232/A,Cycles,Codeforces
http://codeforces.com/problemset/problem/373/B,Making Sequences is Fun,Codeforces
http://codeforces.com/problemset/problem/715/B,Complete The Graph,Codeforces
http://codeforces.com/problemset/problem/292/E,Copying Data,Codeforces
http://codeforces.com/problemset/problem/645/C,Enduring Exodus,Codeforces
http://codeforces.com/problemset/problem/754/D,Fedor and coupons,Codeforces
http://codeforces.com/problemset/problem/487/B,Strip,Codeforces
http://codeforces.com/problemset/problem/42/A,Guilty --- to the kitchen!,Codeforces
http://codeforces.com/problemset/problem/360/B,Levko and Array,Codeforces
http://codeforces.com/problemset/problem/534/D,Handshakes,Codeforces
http://codeforces.com/problemset/problem/645/D,Robot Rapping Results Report,Codeforces
http://codeforces.com/problemset/problem/767/D,Cartons of milk,Codeforces
http://codeforces.com/problemset/problem/549/H,Degenerate Matrix,Codeforces
http://codeforces.com/problemset/problem/68/B,Energy exchange,Codeforces
http://codeforces.com/problemset/problem/524/C,The Art of Dealing with ATM,Codeforces
http://codeforces.com/problemset/problem/833/B,The Bakery,Codeforces
http://codeforces.com/problemset/problem/6/E,Exposition,Codeforces
http://codeforces.com/problemset/problem/589/F,Gourmet and Banquet,Codeforces
http://codeforces.com/problemset/problem/363/D,Renting Bikes,Codeforces
http://codeforces.com/problemset/problem/514/D,R2D2 and Droid Army,Codeforces
http://codeforces.com/problemset/problem/301/B,Yaroslav and Time,Codeforces
http://codeforces.com/problemset/problem/749/D,Leaving Auction,Codeforces
http://codeforces.com/problemset/problem/27/C,Unordered Subsequence,Codeforces
http://codeforces.com/problemset/problem/343/C,Read Time,Codeforces
http://codeforces.com/problemset/problem/377/B,Preparing for the Contest,Codeforces
http://www.spoj.com/problems/BOXSCHOC/,Boxes of Chocolate,SPOJ
http://codeforces.com/problemset/problem/62/B,Tyndex.Brome,Codeforces
http://codeforces.com/problemset/problem/386/B,Fly, freebies, fly!,Codeforces
http://codeforces.com/problemset/problem/490/E,Restoring Increasing Sequence,Codeforces
http://codeforces.com/problemset/problem/540/E,Infinite Inversions,Codeforces
http://codeforces.com/problemset/problem/335/A,Banana,Codeforces
http://codeforces.com/problemset/problem/427/E,Police Patrol,Codeforces
https://uva.onlinejudge.org/index.php?option=onlinejudge&page=show_problem&problem=3705,Binary Search Tree,UVA
http://codeforces.com/problemset/problem/21/C,Stripe 2,Codeforces
http://codeforces.com/problemset/problem/255/D,Mr. Bender and Square,Codeforces
http://codeforces.com/problemset/problem/382/B,Number Busters,Codeforces
http://codeforces.com/problemset/problem/85/D,Sum of Medians,Codeforces
http://codeforces.com/problemset/problem/369/E,Valera and Queries,Codeforces
http://codeforces.com/problemset/problem/126/A,Hot Bath,Codeforces
http://codeforces.com/problemset/problem/653/D,Delivery Bears,Codeforces
http://codeforces.com/problemset/problem/431/D,Random Task,Codeforces
http://codeforces.com/problemset/problem/809/B,Glad to see you!,Codeforces
http://codeforces.com/problemset/problem/57/C,Array,Codeforces
http://codeforces.com/problemset/problem/325/B,Stadium and Games,Codeforces
http://codeforces.com/problemset/problem/181/B,Number of Triplets,Codeforces
http://codeforces.com/problemset/problem/258/C,Little Elephant and LCM,Codeforces
http://codeforces.com/problemset/problem/609/D,Gadgets for dollars and pounds,Codeforces
http://codeforces.com/problemset/problem/101/B,Buses,Codeforces
http://www.spoj.com/problems/CUBEROO2/,CUBE ROOT,SPOJ
http://codeforces.com/problemset/problem/333/D,Characteristics of Rectangles,Codeforces
http://codeforces.com/problemset/problem/83/B,Doctor,Codeforces
http://codeforces.com/problemset/problem/201/B,Guess That Car!,Codeforces
http://codeforces.com/problemset/problem/185/B,Mushroom Scientists,Codeforces
http://codeforces.com/problemset/problem/551/E,GukiZ and GukiZiana,Codeforces
http://codeforces.com/problemset/problem/314/B,Sereja and Periods,Codeforces
http://codeforces.com/problemset/problem/525/E,Anya and Cubes,Codeforces
http://codeforces.com/problemset/problem/229/D,Towers,Codeforces
http://codeforces.com/problemset/problem/713/B,Searching Rectangles,Codeforces
http://codeforces.com/problemset/problem/748/E,Santa Claus and Tangerines,Codeforces
http://codeforces.com/problemset/problem/589/G,Hiring,Codeforces
http://codeforces.com/problemset/problem/743/E,Vladik and cards,Codeforces
http://codeforces.com/problemset/problem/484/E,Sign on Fence,Codeforces
http://codeforces.com/problemset/problem/84/C,Biathlon,Codeforces
http://codeforces.com/problemset/problem/366/D,Dima and Trap Graph,Codeforces
http://codeforces.com/problemset/problem/518/E,Arthur and Questions,Codeforces
http://codeforces.com/problemset/problem/425/D,Sereja and Squares,Codeforces
http://codeforces.com/problemset/problem/138/C,Mushroom Gnomes - 2,Codeforces
http://codeforces.com/problemset/problem/248/C,Robo-Footballer,Codeforces
http://codeforces.com/problemset/problem/644/C,Hostname Aliases,Codeforces
http://codeforces.com/problemset/problem/65/C,Harry Potter and the Golden Snitch,Codeforces
http://codeforces.com/problemset/problem/650/D,Zip-line,Codeforces
http://codeforces.com/problemset/problem/626/E,Simple Skewness,Codeforces
http://codeforces.com/problemset/problem/387/E,George and Cards,Codeforces
http://codeforces.com/problemset/problem/163/B,Lemmings,Codeforces
http://codeforces.com/problemset/problem/245/F,Log Stream Analysis,Codeforces
http://codeforces.com/problemset/problem/200/D,Programming Language,Codeforces
http://codeforces.com/problemset/problem/553/D,Nudist Beach,Codeforces
http://codeforces.com/problemset/problem/180/E,Cubes,Codeforces
http://codeforces.com/problemset/problem/51/C,Three Base Stations,Codeforces
http://codeforces.com/problemset/problem/421/D,Bug in Code,Codeforces
http://codeforces.com/problemset/problem/615/E,Hexagons,Codeforces
http://codeforces.com/problemset/problem/67/D,Optical Experiment,Codeforces
http://codeforces.com/problemset/problem/468/C,Hack it!,Codeforces
http://codeforces.com/problemset/problem/400/E,Inna and Binary Logic,Codeforces
http://codeforces.com/problemset/problem/246/E,Blood Cousins Return,Codeforces
http://codeforces.com/problemset/problem/374/D,Inna and Sequence ,Codeforces
http://codeforces.com/problemset/problem/250/D,Building Bridge,Codeforces
http://codeforces.com/problemset/problem/555/D,Case of a Top Secret,Codeforces
http://codeforces.com/problemset/problem/300/E,Empire Strikes Back,Codeforces
http://codeforces.com/problemset/problem/53/B,Blog Photo,Codeforces
http://codeforces.com/problemset/problem/56/E,Domino Principle,Codeforces
http://codeforces.com/problemset/problem/620/D,Professor GukiZ and Two Arrays,Codeforces
http://codeforces.com/problemset/problem/489/E,Hiking,Codeforces
http://codeforces.com/problemset/problem/216/D,Spider's Web,Codeforces
http://codeforces.com/problemset/problem/333/E,Summer Earnings,Codeforces
http://codeforces.com/problemset/problem/623/C,Electric Charges,Codeforces
http://codeforces.com/problemset/problem/28/D,Don't fear, DravDe is kind,Codeforces
http://codeforces.com/problemset/problem/372/D,Choosing Subtree is Fun,Codeforces
http://codeforces.com/problemset/problem/853/D,Michael and Charging Stations,Codeforces
http://codeforces.com/problemset/problem/314/D,Sereja and Straight Lines,Codeforces
http://codeforces.com/problemset/problem/73/B,Need For Brake,Codeforces
http://codeforces.com/problemset/problem/50/D,Bombing,Codeforces
http://codeforces.com/problemset/problem/253/E,Printer,Codeforces
http://codeforces.com/problemset/problem/85/C,Petya and Tree,Codeforces
http://codeforces.com/problemset/problem/125/E,MST Company,Codeforces
http://codeforces.com/problemset/problem/309/A,Morning run,Codeforces
http://codeforces.com/problemset/problem/191/E,Thwarting Demonstrations,Codeforces
http://codeforces.com/problemset/problem/30/E,Tricky and Clever Password,Codeforces
http://codeforces.com/problemset/problem/248/D,Sweets for Everyone!,Codeforces
http://codeforces.com/problemset/problem/76/F,Tourist,Codeforces
http://codeforces.com/problemset/problem/444/D,DZY Loves Strings,Codeforces
http://codeforces.com/problemset/problem/677/E,Vanya and Balloons,Codeforces
http://codeforces.com/problemset/problem/309/C,Memory for Arrays,Codeforces
http://codeforces.com/problemset/problem/627/D,Preorder Test,Codeforces
http://codeforces.com/problemset/problem/147/B,Smile House,Codeforces
http://codeforces.com/problemset/problem/444/E,DZY Loves Planting,Codeforces
http://codeforces.com/problemset/problem/24/E,Berland collider,Codeforces
http://codeforces.com/problemset/problem/594/B,Max and Bike,Codeforces
http://codeforces.com/problemset/problem/383/B,Volcanoes,Codeforces
http://codeforces.com/problemset/problem/85/E,Guard Towers,Codeforces
http://codeforces.com/problemset/problem/633/E,Startup Funding,Codeforces
http://codeforces.com/problemset/problem/404/E,Maze 1D,Codeforces
http://codeforces.com/problemset/problem/424/D,Biathlon Track,Codeforces
http://codeforces.com/problemset/problem/131/F,Present to Mom,Codeforces
http://codeforces.com/problemset/problem/713/D,Animals and Puzzle,Codeforces
http://codeforces.com/problemset/problem/70/C,Lucky Tickets,Codeforces
http://codeforces.com/problemset/problem/660/F,Bear and Bowling 4,Codeforces
http://codeforces.com/problemset/problem/611/F,New Year and Cleaning,Codeforces
http://codeforces.com/problemset/problem/414/D,Mashmokh and Water Tanks,Codeforces
http://codeforces.com/problemset/problem/177/E1,Space Voyage,Codeforces
http://codeforces.com/problemset/problem/501/E,Misha and Palindrome Degree,Codeforces
http://codeforces.com/problemset/problem/8/D,Two Friends,Codeforces
http://codeforces.com/problemset/problem/106/E,Space Rescuers,Codeforces
http://codeforces.com/problemset/problem/201/E,Thoroughly Bureaucratic Organization,Codeforces
http://codeforces.com/problemset/problem/160/E,Buses and People,Codeforces
http://codeforces.com/problemset/problem/241/B,Friends,Codeforces
http://codeforces.com/problemset/problem/198/E,Gripping Story,Codeforces
http://codeforces.com/problemset/problem/177/E2,Space Voyage,Codeforces
http://codeforces.com/problemset/problem/121/D,Lucky Segments,Codeforces
http://codeforces.com/problemset/problem/518/F,Pasha and Pipe,Codeforces
http://codeforces.com/problemset/problem/97/C,Winning Strategy,Codeforces
http://codeforces.com/problemset/problem/505/E,Mr. Kitayuta vs. Bamboos,Codeforces
http://codeforces.com/problemset/problem/232/D,Fence,Codeforces
http://codeforces.com/problemset/problem/164/D,Minimum Diameter,Codeforces
http://codeforces.com/problemset/problem/260/E,Dividing Kingdom,Codeforces
http://codeforces.com/problemset/problem/721/E,Road to Home,Codeforces
http://codeforces.com/problemset/problem/98/C,Help Greg the Dwarf,Codeforces
http://codeforces.com/problemset/problem/200/E,Tractor College,Codeforces
http://codeforces.com/problemset/problem/78/D,Archer's Shot,Codeforces
http://codeforces.com/problemset/problem/212/D,Cutting a Fence,Codeforces
http://codeforces.com/problemset/problem/815/D,Karen and Cards,Codeforces
http://codeforces.com/problemset/problem/431/E,Chemistry Experiment,Codeforces
http://codeforces.com/problemset/problem/832/C,Strange Radiation,Codeforces
http://codeforces.com/problemset/problem/685/C,Optimal Point,Codeforces
http://codeforces.com/problemset/problem/198/C,Delivering Carcinogen,Codeforces
http://codeforces.com/problemset/problem/150/E,Freezing with Style,Codeforces
http://codeforces.com/problemset/problem/185/E,Soap Time! - 2,Codeforces
http://codeforces.com/problemset/problem/504/E,Misha and LCP on Tree,Codeforces
http://codeforces.com/problemset/problem/889/E,Mod Mod Mod,Codeforces
http://codeforces.com/problemset/problem/350/D,Looking for Owls,Codeforces
http://codeforces.com/problemset/problem/842/E,Nikita and game,Codeforces
http://codeforces.com/problemset/problem/533/A,Berland Miners,Codeforces
http://codeforces.com/problemset/problem/592/E,BCPC,Codeforces
http://codeforces.com/problemset/problem/571/D,Campus,Codeforces
http://codeforces.com/problemset/problem/815/E,Karen and Neighborhood,Codeforces
http://codeforces.com/problemset/problem/607/E,Cross Sum,Codeforces
http://codeforces.com/problemset/problem/587/D,Duff in Mafia,Codeforces
http://codeforces.com/problemset/problem/309/E,Sheep,Codeforces
http://codeforces.com/problemset/problem/11/E,Forward, march!,Codeforces
http://codeforces.com/problemset/problem/374/E,Inna and Babies,Codeforces
http://codeforces.com/problemset/problem/645/G,Armistice Area Apportionment,Codeforces
http://codeforces.com/problemset/problem/576/E,Painting Edges,Codeforces
http://codeforces.com/problemset/problem/434/E,Furukawa Nagisa's Tree,Codeforces
