link,name,judge
http://community.topcoder.com/stat?c=problem_statement&pm=10589,AgeEncoding,TopCoder
http://community.topcoder.com/stat?c=problem_statement&pm=7386,ImprovingStatistics,TopCoder
http://community.topcoder.com/stat?c=problem_statement&pm=5955,LogCutter,TopCoder
http://community.topcoder.com/stat?c=problem_statement&pm=6765,ModularInequality,TopCoder
http://community.topcoder.com/stat?c=problem_statement&pm=6539,RPSTournament,TopCoder
http://community.topcoder.com/stat?c=problem_statement&pm=6646,StrawberryFieldsOnFire,TopCoder
