link,name,judge
http://www.spoj.com/problems/NICEDAY/,The day of the competitors,SPOJ
https://icpcarchive.ecs.baylor.edu/index.php?option=onlinejudge&page=show_problem&problem=2807,Bingo!,Live Archive
http://www.spoj.com/problems/ASSIST/,Assistance Required,SPOJ
http://www.spoj.com/problems/ORDERS/,Ordering the Soldiers,SPOJ
http://www.spoj.com/problems/GSS4/,Can you answer these queries IV,SPOJ
http://www.spoj.com/problems/DQUERY/,D-query,SPOJ
http://www.spoj.com/problems/ORDERSET/,Order statistic set,SPOJ
http://www.spoj.com/problems/KQUERY/,K-query,SPOJ
http://www.spoj.com/problems/MSE06H/,Japan,SPOJ
http://www.spoj.com/problems/HORRIBLE/,Horrible Queries,SPOJ
http://codeforces.com/problemset/problem/466/C,Number of Ways,Codeforces
https://icpcarchive.ecs.baylor.edu/index.php?option=onlinejudge&page=show_problem&problem=3809,Jupiter Atacks!,Live Archive
http://www.spoj.com/problems/CTRICK/,Card Trick,SPOJ
http://www.spoj.com/problems/UPDATEIT/,Update the array !,SPOJ
http://www.spoj.com/problems/MATSUM/,Matrix Summation,SPOJ
http://www.spoj.com/problems/INVCNT/,Inversion Count,SPOJ
http://codeforces.com/problemset/problem/276/C,Little Girl and Maximum Sum,Codeforces
http://www.spoj.com/problems/INCSEQ/,Increasing Subsequences,SPOJ
http://www.codechef.com/problems/SPREAD,Gravel,CodeChef
http://www.spoj.com/problems/YODANESS/,Yodaness Level,SPOJ
http://www.spoj.com/problems/RATING/,Coder Ratings,SPOJ
https://icpcarchive.ecs.baylor.edu/index.php?option=onlinejudge&page=show_problem&problem=4150,Interval Product,Live Archive
http://www.spoj.com/problems/INCDSEQ/,Distinct Increasing Subsequences,SPOJ
http://www.spoj.com/problems/WINDVANE/,WIND VANE,SPOJ
http://www.spoj.com/problems/KPMATRIX/,Matrix,SPOJ
http://www.spoj.com/problems/CVJETICI/,Cvjetici,SPOJ
https://uva.onlinejudge.org/index.php?option=onlinejudge&page=show_problem&problem=3238,Potentiometers,UVA
http://www.spoj.com/problems/SWAPS/,Counting inversions,SPOJ
http://codeforces.com/problemset/problem/816/B,Karen and Coffee,Codeforces
http://www.spoj.com/problems/RRSCHED/,Round-Robin Scheduling,SPOJ
http://www.spoj.com/problems/MCHAOS/,Chaos Strings,SPOJ
http://www.spoj.com/problems/NKMOBILE/,IOI01 Mobiles,SPOJ
http://www.spoj.com/problems/FENTREE/,Fenwick Trees,SPOJ
http://codeforces.com/problemset/problem/704/A,Thor,Codeforces
http://www.spoj.com/problems/METEORS/,Meteors,SPOJ
https://uva.onlinejudge.org/index.php?option=onlinejudge&page=show_problem&problem=3977,Interval Product,UVA
http://codeforces.com/problemset/problem/295/A,Greg and Array,Codeforces
https://uva.onlinejudge.org/index.php?option=onlinejudge&page=show_problem&problem=4174,Ping pong,UVA
http://www.spoj.com/problems/SALMAN/,Salary Management,SPOJ
http://www.codechef.com/problems/CHEFINV,Chef and Swaps,CodeChef
http://acm.timus.ru/problem.aspx?space=1&num=1470,UFOs,Timus
https://uva.onlinejudge.org/index.php?option=onlinejudge&page=show_problem&problem=2272,Census,UVA
http://vn.spoj.com/problems/KMEDIAN/,Above the Median ,SPOJ Vietnam
http://www.spoj.com/problems/NKTEAM/,Team Selection,SPOJ
http://www.spoj.com/problems/QUE2/,Queue (Pro),SPOJ
http://www.spoj.com/problems/CCOST/,Calculate The Cost,SPOJ
http://www.spoj.com/problems/BRICKS/,New bricks disorder,SPOJ
http://codeforces.com/problemset/problem/459/D,Pashmak and Parmida's problem,Codeforces
http://www.spoj.com/problems/CPAIR/,Counting pairs,SPOJ
http://codeforces.com/problemset/problem/383/C,Propagating tree,Codeforces
http://www.spoj.com/problems/COWPIC/,Cow Photographs ,SPOJ
https://uva.onlinejudge.org/index.php?option=onlinejudge&page=show_problem&problem=4259,Movie collection,UVA
http://codeforces.com/problemset/problem/474/E,Pillars,Codeforces
https://uva.onlinejudge.org/index.php?option=onlinejudge&page=show_problem&problem=3141,``Dynamic'' Inversion,UVA
http://codeforces.com/problemset/problem/755/D,PolandBall and Polygon,Codeforces
http://codeforces.com/problemset/problem/961/E,Tufurama,Codeforces
https://uva.onlinejudge.org/index.php?option=onlinejudge&page=show_problem&problem=3787,Jupiter Atacks!,UVA
http://br.spoj.com/problems/BALE11/,Balé,SPOJ Brazil
http://codeforces.com/problemset/problem/703/D,Mishka and Interesting sum,Codeforces
http://codeforces.com/problemset/problem/540/E,Infinite Inversions,Codeforces
http://community.topcoder.com/stat?c=problem_statement&pm=6551,FloatingMedian,TopCoder
http://codeforces.com/problemset/problem/369/E,Valera and Queries,Codeforces
http://www.codechef.com/problems/SEAARC,Sereja and Arcs,CodeChef
http://acm.timus.ru/problem.aspx?space=1&num=2062,Ambitious Experiment,Timus
http://www.spoj.com/problems/CNTINDX2/,Count The Indexes 2,SPOJ
http://codeforces.com/problemset/problem/387/E,George and Cards,Codeforces
http://codeforces.com/problemset/problem/847/D,Dog Show,Codeforces
http://br.spoj.com/problems/JUPT11/,Júpiter Ataca!,SPOJ Brazil
http://codeforces.com/problemset/problem/762/E,Radio stations,Codeforces
