link,name,judge
http://www.spoj.com/problems/BITMAP/,Bitmap,SPOJ
http://www.spoj.com/problems/XMAX/,XOR Maximization,SPOJ
http://www.spoj.com/problems/ASSIGN/,Assignments,SPOJ
http://www.codechef.com/problems/PPXOR,Polo the Penguin and the XOR,CodeChef
http://www.codechef.com/problems/TOOLS,Fetching Cooking Tools,CodeChef
http://codeforces.com/problemset/problem/11/D,A Simple Task,Codeforces
http://codeforces.com/problemset/problem/482/C,Game with Strings,Codeforces
http://codeforces.com/problemset/problem/472/F,Design Tutorial: Change the Goal,Codeforces
