link,name,judge
http://codeforces.com/problemset/problem/166/E,Tetrahedron,Codeforces
http://codeforces.com/problemset/problem/109/A,Lucky Sum of Digits,Codeforces
http://codeforces.com/problemset/problem/576/A,Vasya and Petya's Game,Codeforces
http://codeforces.com/problemset/problem/431/C,k-Tree,Codeforces
http://codeforces.com/problemset/problem/546/C,Soldier and Cards,Codeforces
http://codeforces.com/problemset/problem/455/A,Boredom,Codeforces
http://codeforces.com/problemset/problem/258/A,Little Elephant and Bits,Codeforces
http://codeforces.com/problemset/problem/285/C,Building Permutation,Codeforces
http://codeforces.com/problemset/problem/573/A,Bear and Poker,Codeforces
http://codeforces.com/problemset/problem/659/C,Tanya and Toys,Codeforces
http://codeforces.com/problemset/problem/519/C,A and B and Team Training,Codeforces
http://codeforces.com/problemset/problem/377/A,Maze,Codeforces
http://codeforces.com/problemset/problem/277/A,Learning Languages,Codeforces
http://codeforces.com/problemset/problem/559/A,Gerald's Hexagon,Codeforces
http://codeforces.com/problemset/problem/545/C,Woodcutters,Codeforces
http://codeforces.com/problemset/problem/687/A,NP-Hard Problem,Codeforces
http://codeforces.com/problemset/problem/115/A,Party,Codeforces
http://codeforces.com/problemset/problem/4/C,Registration System,Codeforces
http://codeforces.com/problemset/problem/732/C,Sanatorium,Codeforces
http://codeforces.com/problemset/problem/466/C,Number of Ways,Codeforces
http://codeforces.com/problemset/problem/650/A,Watchmen,Codeforces
http://codeforces.com/problemset/problem/401/C,Team,Codeforces
http://codeforces.com/problemset/problem/482/A,Diverse Permutation,Codeforces
http://codeforces.com/problemset/problem/779/C,Dishonest Sellers,Codeforces
http://codeforces.com/problemset/problem/276/C,Little Girl and Maximum Sum,Codeforces
http://codeforces.com/problemset/problem/461/A,Appleman and Toastman,Codeforces
http://codeforces.com/problemset/problem/580/C,Kefa and Park,Codeforces
http://codeforces.com/problemset/problem/875/A,Classroom Watch,Codeforces
http://codeforces.com/problemset/problem/217/A,Ice Skating,Codeforces
http://codeforces.com/problemset/problem/550/C,Divisibility by Eight,Codeforces
http://codeforces.com/problemset/problem/479/C,Exams,Codeforces
http://codeforces.com/problemset/problem/698/A,Vacations,Codeforces
http://codeforces.com/problemset/problem/515/C,Drazil and Factorial,Codeforces
https://uva.onlinejudge.org/index.php?option=onlinejudge&page=show_problem&problem=1186,The Closest Pair Problem,UVA
http://codeforces.com/problemset/problem/489/C,Given Length and Sum of Digits...,Codeforces
http://codeforces.com/problemset/problem/701/A,Cards,Codeforces
http://codeforces.com/problemset/problem/804/A,Find Amir,Codeforces
http://codeforces.com/problemset/problem/20/C,Dijkstra?,Codeforces
http://codeforces.com/problemset/problem/478/C,Table Decorations,Codeforces
http://codeforces.com/problemset/problem/538/C,Tourist's Notes,Codeforces
http://codeforces.com/problemset/problem/372/A,Counting Kangaroos is Fun,Codeforces
http://codeforces.com/problemset/problem/771/B,Bear and Different Names,Codeforces
http://codeforces.com/problemset/problem/553/A,Kyoya and Colored Balls,Codeforces
http://codeforces.com/problemset/problem/388/A,Fox and Box Accumulation,Codeforces
http://codeforces.com/problemset/problem/468/A,24 Game,Codeforces
http://codeforces.com/problemset/problem/145/A,Lucky Conversion,Codeforces
http://codeforces.com/problemset/problem/486/C,Palindrome Transformation,Codeforces
http://codeforces.com/problemset/problem/704/A,Thor,Codeforces
http://codeforces.com/problemset/problem/679/A,Bear and Prime 100,Codeforces
http://codeforces.com/problemset/problem/251/A,Points on Line,Codeforces
http://codeforces.com/problemset/problem/567/C,Geometric Progression,Codeforces
http://codeforces.com/problemset/problem/625/C,K-special Tables,Codeforces
http://codeforces.com/problemset/problem/755/C,PolandBall and Forest,Codeforces
http://codeforces.com/problemset/problem/152/C,Pocket Book,Codeforces
http://codeforces.com/problemset/problem/582/A,GCD Table,Codeforces
http://codeforces.com/problemset/problem/812/C,Sagheer and Nubian Market,Codeforces
http://codeforces.com/problemset/problem/510/C,Fox And Names,Codeforces
http://codeforces.com/problemset/problem/492/C,Vanya and Exams,Codeforces
http://codeforces.com/problemset/problem/743/C,Vladik and fractions,Codeforces
http://codeforces.com/problemset/problem/220/A,Little Elephant and Problem,Codeforces
http://codeforces.com/problemset/problem/371/C,Hamburgers,Codeforces
http://codeforces.com/problemset/problem/785/C,Anton and Fairy Tale,Codeforces
http://codeforces.com/problemset/problem/864/C,Bus,Codeforces
http://codeforces.com/problemset/problem/763/A,Timofey and a tree,Codeforces
http://codeforces.com/problemset/problem/467/C,George and Job,Codeforces
http://codeforces.com/problemset/problem/484/A,Bits,Codeforces
http://codeforces.com/problemset/problem/165/C,Another Problem on Strings,Codeforces
http://codeforces.com/problemset/problem/780/C,Andryusha and Colored Balloons,Codeforces
http://codeforces.com/problemset/problem/498/A,Crazy Town,Codeforces
http://codeforces.com/problemset/problem/9/C,Hexadecimal's Numbers,Codeforces
http://codeforces.com/problemset/problem/446/A,DZY Loves Sequences,Codeforces
http://codeforces.com/problemset/problem/735/C,Tennis Championship,Codeforces
http://codeforces.com/problemset/problem/295/A,Greg and Array,Codeforces
http://codeforces.com/problemset/problem/581/C,Developing Skills,Codeforces
http://codeforces.com/problemset/problem/670/C,Cinema,Codeforces
http://codeforces.com/problemset/problem/870/C,Maximum splitting,Codeforces
http://codeforces.com/problemset/problem/919/C,Seat Arrangements,Codeforces
http://codeforces.com/problemset/problem/437/C,The Child and Toy,Codeforces
http://codeforces.com/problemset/problem/235/A,LCM Challenge,Codeforces
http://codeforces.com/problemset/problem/414/A,Mashmokh and Numbers,Codeforces
http://codeforces.com/problemset/problem/490/C,Hacking Cypher,Codeforces
http://codeforces.com/problemset/problem/453/A,Little Pony and Expected Maximum,Codeforces
http://codeforces.com/problemset/problem/607/A,Chain Reaction,Codeforces
http://codeforces.com/problemset/problem/356/A,Knight Tournament,Codeforces
http://codeforces.com/problemset/problem/268/C,Beautiful Sets of Points,Codeforces
http://codeforces.com/problemset/problem/639/B,Bear and Forgotten Tree 3,Codeforces
http://codeforces.com/problemset/problem/701/C,They Are Everywhere,Codeforces
http://codeforces.com/problemset/problem/587/A,Duff and Weight Lifting,Codeforces
http://codeforces.com/problemset/problem/676/C,Vasya and String,Codeforces
http://codeforces.com/problemset/problem/893/C,Rumor,Codeforces
http://codeforces.com/problemset/problem/429/A,Xor-tree,Codeforces
http://codeforces.com/problemset/problem/715/A,Plus and Square Root,Codeforces
http://codeforces.com/problemset/problem/605/A,Sorting Railway Cars,Codeforces
http://codeforces.com/problemset/problem/348/A,Mafia,Codeforces
http://codeforces.com/problemset/problem/839/C,Journey,Codeforces
http://codeforces.com/problemset/problem/518/C,Anya and Smartphone,Codeforces
http://codeforces.com/problemset/problem/496/C,Removing Columns,Codeforces
http://codeforces.com/problemset/problem/363/C,Fixing Typos,Codeforces
http://codeforces.com/problemset/problem/739/A,Alyona and mex,Codeforces
http://codeforces.com/problemset/problem/274/A,k-Multiple Free Set,Codeforces
http://codeforces.com/problemset/problem/788/A,Functions again,Codeforces
http://codeforces.com/problemset/problem/765/C,Table Tennis Game 2,Codeforces
http://codeforces.com/problemset/problem/472/C,Design Tutorial: Make It Nondeterministic,Codeforces
http://codeforces.com/problemset/problem/131/C,The World is a Theatre,Codeforces
http://codeforces.com/problemset/problem/707/C,Pythagorean Triples,Codeforces
http://codeforces.com/problemset/problem/570/C,Replacement,Codeforces
http://codeforces.com/problemset/problem/427/C,Checkposts,Codeforces
http://codeforces.com/problemset/problem/713/A,Sonya and Queries,Codeforces
http://codeforces.com/problemset/problem/603/A,Alternative Thinking,Codeforces
http://codeforces.com/problemset/problem/346/A,Alice and Bob,Codeforces
http://codeforces.com/problemset/problem/840/A,Leha and Function,Codeforces
http://codeforces.com/problemset/problem/555/A,Case of Matryoshkas,Codeforces
http://codeforces.com/problemset/problem/288/A,Polo the Penguin and Strings,Codeforces
http://codeforces.com/problemset/problem/706/C,Hard problem,Codeforces
http://codeforces.com/problemset/problem/264/A,Escape from Stones,Codeforces
http://codeforces.com/problemset/problem/601/A,The Two Routes,Codeforces
http://codeforces.com/problemset/problem/343/A,Rational Resistance,Codeforces
http://codeforces.com/problemset/problem/6/C,Alice, Bob and Chocolate,Codeforces
http://codeforces.com/problemset/problem/441/C,Valera and Tubes ,Codeforces
http://codeforces.com/problemset/problem/459/C,Pashmak and Buses,Codeforces
http://codeforces.com/problemset/problem/748/C,Santa Claus and Robot,Codeforces
http://codeforces.com/problemset/problem/734/C,Anton and Making Potions,Codeforces
http://codeforces.com/problemset/problem/166/C,Median,Codeforces
https://uva.onlinejudge.org/index.php?option=onlinejudge&page=show_problem&problem=2203,K-Multiple Free set ,UVA
http://codeforces.com/problemset/problem/773/A,Success Rate,Codeforces
http://codeforces.com/problemset/problem/901/A,Hashing Trees,Codeforces
http://codeforces.com/problemset/problem/749/C,Voting,Codeforces
http://codeforces.com/problemset/problem/501/C,Misha and Forest,Codeforces
http://codeforces.com/problemset/problem/721/C,Journey,Codeforces
http://codeforces.com/problemset/problem/833/A,The Meaningless Game,Codeforces
http://codeforces.com/problemset/problem/448/C,Painting Fence,Codeforces
http://codeforces.com/problemset/problem/520/C,DNA Alignment,Codeforces
http://codeforces.com/problemset/problem/279/C,Ladder,Codeforces
http://codeforces.com/problemset/problem/814/C,An impassioned circulation of affection,Codeforces
http://codeforces.com/problemset/problem/476/C,Dreamoon and Sums,Codeforces
http://codeforces.com/problemset/problem/643/A,Bear and Colors,Codeforces
http://codeforces.com/problemset/problem/599/C,Day at the Beach,Codeforces
http://codeforces.com/problemset/problem/815/A,Karen and Game,Codeforces
http://codeforces.com/problemset/problem/916/C,Jamie and Interesting Graph,Codeforces
http://codeforces.com/problemset/problem/5/C,Longest Regular Bracket Sequence,Codeforces
http://codeforces.com/problemset/problem/237/C,Primes on Interval,Codeforces
http://codeforces.com/problemset/problem/678/C,Joty and Chocolate,Codeforces
http://codeforces.com/problemset/problem/822/C,Hacker, pack your bags!,Codeforces
http://codeforces.com/problemset/problem/552/C,Vanya and Scales,Codeforces
http://codeforces.com/problemset/problem/402/C,Searching for Graph,Codeforces
http://codeforces.com/problemset/problem/590/A,Median Smoothing,Codeforces
http://codeforces.com/problemset/problem/677/C,Vanya and Label,Codeforces
http://codeforces.com/problemset/problem/333/A,Secrets,Codeforces
http://codeforces.com/problemset/problem/898/C,Phone Numbers,Codeforces
http://codeforces.com/problemset/problem/741/A,Arpa's loud Owf and Mehrdad's evil plan,Codeforces
http://codeforces.com/problemset/problem/718/A,Efim and Strange Grade,Codeforces
http://codeforces.com/problemset/problem/350/C,Bombs,Codeforces
http://codeforces.com/problemset/problem/835/C,Star sky,Codeforces
http://codeforces.com/problemset/problem/18/C,Stripe,Codeforces
http://codeforces.com/problemset/problem/137/C,History,Codeforces
http://codeforces.com/problemset/problem/463/C,Gargari and Bishops,Codeforces
http://codeforces.com/problemset/problem/621/C,Wet Shark and Flowers,Codeforces
http://codeforces.com/problemset/problem/821/C,Okabe and Boxes,Codeforces
http://codeforces.com/problemset/problem/150/A,Win or Freeze,Codeforces
http://codeforces.com/problemset/problem/416/C,Booking System,Codeforces
http://codeforces.com/problemset/problem/772/A,Voltage Keepsake,Codeforces
http://codeforces.com/problemset/problem/711/C,Coloring Trees,Codeforces
http://codeforces.com/problemset/problem/317/A,Perfect Pair,Codeforces
http://codeforces.com/problemset/problem/685/A,Robbers' watch,Codeforces
http://codeforces.com/problemset/problem/534/C,Polycarpus' Dice,Codeforces
http://codeforces.com/problemset/problem/744/A,Hongcow Builds A Nation,Codeforces
http://codeforces.com/problemset/problem/219/C,Color Stripe,Codeforces
http://codeforces.com/problemset/problem/385/C,Bear and Prime Numbers,Codeforces
http://codeforces.com/problemset/problem/369/C,Valera and Elections,Codeforces
http://codeforces.com/problemset/problem/283/A,Cows and Sequence,Codeforces
http://codeforces.com/problemset/problem/121/A,Lucky Sum,Codeforces
http://codeforces.com/problemset/problem/303/A,Lucky Permutation Triple,Codeforces
http://codeforces.com/problemset/problem/935/C,Fifa and Fafa,Codeforces
http://codeforces.com/problemset/problem/329/A,Purification,Codeforces
http://codeforces.com/problemset/problem/939/C,Convenient For Everybody,Codeforces
http://codeforces.com/problemset/problem/135/A,Replacement,Codeforces
http://codeforces.com/problemset/problem/617/C,Watering Flowers,Codeforces
http://codeforces.com/problemset/problem/261/A,Maxim and Discounts,Codeforces
http://codeforces.com/problemset/problem/543/A,Writing Code,Codeforces
http://codeforces.com/problemset/problem/225/C,Barcode,Codeforces
http://codeforces.com/problemset/problem/913/C,Party Lemonade,Codeforces
http://codeforces.com/problemset/problem/3/C,Tic-tac-toe,Codeforces
http://codeforces.com/problemset/problem/407/A,Triangle,Codeforces
http://codeforces.com/problemset/problem/508/C,Anya and Ghosts,Codeforces
http://codeforces.com/problemset/problem/75/C,Modified GCD,Codeforces
http://codeforces.com/problemset/problem/682/C,Alyona and the Tree,Codeforces
http://codeforces.com/problemset/problem/339/C,Xenia and Weights,Codeforces
http://codeforces.com/problemset/problem/798/C,Mike and gcd problem,Codeforces
http://codeforces.com/problemset/problem/525/C,Ilya and Sticks,Codeforces
http://codeforces.com/problemset/problem/507/C,Guess Your Way Out!,Codeforces
http://codeforces.com/problemset/problem/731/C,Socks,Codeforces
http://codeforces.com/problemset/problem/354/A,Vasya and Robot,Codeforces
http://codeforces.com/problemset/problem/761/C,Dasha and Password,Codeforces
http://codeforces.com/problemset/problem/231/C,To Add or Not to Add,Codeforces
http://codeforces.com/problemset/problem/383/A,Milking cows,Codeforces
http://codeforces.com/problemset/problem/367/A,Sereja and Algorithm ,Codeforces
http://codeforces.com/problemset/problem/464/A,No to Palindromes!,Codeforces
http://codeforces.com/problemset/problem/282/C,XOR and OR,Codeforces
http://codeforces.com/problemset/problem/845/C,Two TVs,Codeforces
http://codeforces.com/problemset/problem/585/A,Gennady the Dentist,Codeforces
http://codeforces.com/problemset/problem/809/A,Do you want a date?,Codeforces
http://codeforces.com/problemset/problem/777/C,Alyona and Spreadsheet,Codeforces
http://codeforces.com/problemset/problem/922/C,Cave Painting,Codeforces
http://codeforces.com/problemset/problem/494/A,Treasure,Codeforces
http://codeforces.com/problemset/problem/204/A,Little Elephant and Interval,Codeforces
http://codeforces.com/problemset/problem/460/C,Present,Codeforces
http://codeforces.com/problemset/problem/540/C,Ice Cave,Codeforces
http://codeforces.com/problemset/problem/578/A,A Problem about Polyline,Codeforces
http://codeforces.com/problemset/problem/641/B,Little Artem and Matrix,Codeforces
http://codeforces.com/problemset/problem/272/C,Dima and Staircase,Codeforces
http://codeforces.com/problemset/problem/766/C,Mahmoud and a Message,Codeforces
http://codeforces.com/problemset/problem/111/A,Petya and Inequiations,Codeforces
http://codeforces.com/problemset/problem/405/C,Unusual Product,Codeforces
http://codeforces.com/problemset/problem/196/A,Lexicographically Maximum Subsequence,Codeforces
http://codeforces.com/problemset/problem/313/C,Ilya and Matrix,Codeforces
http://codeforces.com/problemset/problem/681/C,Heap Operations,Codeforces
http://codeforces.com/problemset/problem/337/C,Quiz,Codeforces
http://codeforces.com/problemset/problem/527/C,Glass Carving,Codeforces
http://codeforces.com/problemset/problem/747/C,Servers,Codeforces
http://codeforces.com/problemset/problem/505/C,Mr. Kitayuta, the Treasure Hunter,Codeforces
http://codeforces.com/problemset/problem/723/C,Polycarp at the Radio,Codeforces
http://codeforces.com/problemset/problem/449/A,Jzzhu and Chocolate,Codeforces
http://codeforces.com/problemset/problem/382/C,Arithmetic Progression,Codeforces
http://codeforces.com/problemset/problem/103/B,Cthulhu,Codeforces
http://codeforces.com/problemset/problem/568/A,Primes or Palindromes?,Codeforces
http://codeforces.com/problemset/problem/843/A,Sorting by Subsequences,Codeforces
http://codeforces.com/problemset/problem/696/A,Lorenzo Von Matterhorn,Codeforces
http://codeforces.com/problemset/problem/584/C,Marina and Vasya,Codeforces
http://codeforces.com/problemset/problem/671/A,Recycling Bottles,Codeforces
http://codeforces.com/problemset/problem/776/C,Molly's Chemicals,Codeforces
http://codeforces.com/problemset/problem/185/A,Plant,Codeforces
http://codeforces.com/problemset/problem/920/C,Swap Adjacent Elements,Codeforces
http://codeforces.com/problemset/problem/514/C,Watto and Mechanism,Codeforces
http://codeforces.com/problemset/problem/493/C,Vasya and Basketball,Codeforces
http://codeforces.com/problemset/problem/203/C,Photographer,Codeforces
http://codeforces.com/problemset/problem/712/C,Memory and De-Evolution,Codeforces
http://codeforces.com/problemset/problem/271/C,Secret,Codeforces
http://codeforces.com/problemset/problem/91/B,Queue,Codeforces
http://codeforces.com/problemset/problem/286/A,Lucky Permutation,Codeforces
http://codeforces.com/problemset/problem/35/C,Fire Again,Codeforces
http://codeforces.com/problemset/problem/404/C,Restore Graph,Codeforces
http://codeforces.com/problemset/problem/71/C,Round Table Knights,Codeforces
http://codeforces.com/problemset/problem/311/A,The Closest Pair,Codeforces
http://codeforces.com/problemset/problem/592/C,The Big Race,Codeforces
http://codeforces.com/problemset/problem/1/C,Ancient Berland Circus,Codeforces
http://codeforces.com/problemset/problem/351/A,Jeff and Rounding,Codeforces
http://codeforces.com/problemset/problem/380/A,Sereja and Prefixes,Codeforces
http://codeforces.com/problemset/problem/101/A,Homework,Codeforces
http://codeforces.com/problemset/problem/364/A,Matrix,Codeforces
http://codeforces.com/problemset/problem/689/C,Mike and Chocolate Thieves,Codeforces
http://codeforces.com/problemset/problem/297/A,Parity Game,Codeforces
http://codeforces.com/problemset/problem/768/C,Jon Snow and his Favourite Number,Codeforces
http://codeforces.com/problemset/problem/424/C,Magic Formulas,Codeforces
http://codeforces.com/problemset/problem/439/C,Devu and Partitioning of the Array,Codeforces
http://codeforces.com/problemset/problem/610/C,Harmony Analysis,Codeforces
http://codeforces.com/problemset/problem/535/C,Tavas and Karafs,Codeforces
http://codeforces.com/problemset/problem/733/C,Epidemic in Monstropolis,Codeforces
http://codeforces.com/problemset/problem/25/C,Roads in Berland,Codeforces
http://codeforces.com/problemset/problem/107/A,Dorm Water Supply,Codeforces
http://codeforces.com/problemset/problem/144/C,Anagram Search,Codeforces
http://codeforces.com/problemset/problem/269/A,Magical Boxes,Codeforces
http://codeforces.com/problemset/problem/34/C,Page Numbers,Codeforces
http://codeforces.com/problemset/problem/799/C,Fountains,Codeforces
http://codeforces.com/problemset/problem/243/A,The Brand New Function,Codeforces
http://codeforces.com/problemset/problem/758/C,Unfair Poll,Codeforces
http://codeforces.com/problemset/problem/226/A,Flying Saucer Segments,Codeforces
http://codeforces.com/problemset/problem/767/C,Garland,Codeforces
http://codeforces.com/problemset/problem/474/C,Captain Marmot,Codeforces
http://codeforces.com/problemset/problem/340/C,Tourist Problem,Codeforces
http://codeforces.com/problemset/problem/132/A,Turing Tape,Codeforces
http://codeforces.com/problemset/problem/180/C,Letter,Codeforces
http://codeforces.com/problemset/problem/255/C,Almost Arithmetical Progression,Codeforces
http://codeforces.com/problemset/problem/87/A,Trains,Codeforces
http://codeforces.com/problemset/problem/827/A,String Reconstruction,Codeforces
http://codeforces.com/problemset/problem/756/A,Pavel and barbecue,Codeforces
http://codeforces.com/problemset/problem/106/C,Buns,Codeforces
http://codeforces.com/problemset/problem/551/C,GukiZ hates Boxes,Codeforces
http://codeforces.com/problemset/problem/160/C,Find Pair,Codeforces
http://codeforces.com/problemset/problem/794/C,Naming Company,Codeforces
http://codeforces.com/problemset/problem/444/A,DZY Loves Physics,Codeforces
http://codeforces.com/problemset/problem/43/C,Lucky Tickets,Codeforces
http://codeforces.com/problemset/problem/53/C,Little Frog,Codeforces
http://codeforces.com/problemset/problem/558/C,Amr and Chemistry,Codeforces
http://codeforces.com/problemset/problem/375/A,Divisible by Seven,Codeforces
http://codeforces.com/problemset/problem/149/C,Division into Teams,Codeforces
http://codeforces.com/problemset/problem/666/A,Reberland Linguistics,Codeforces
http://codeforces.com/problemset/problem/557/C,Arthur and Table,Codeforces
http://codeforces.com/problemset/problem/435/C,Cardiogram,Codeforces
http://codeforces.com/problemset/problem/234/C,Weather,Codeforces
http://codeforces.com/problemset/problem/488/C,Fight the Monster,Codeforces
http://codeforces.com/problemset/problem/198/A,About Bacteria,Codeforces
http://codeforces.com/problemset/problem/746/C,Tram,Codeforces
http://codeforces.com/problemset/problem/831/C,Jury Marks,Codeforces
http://codeforces.com/problemset/problem/12/C,Fruits,Codeforces
http://codeforces.com/problemset/problem/451/C,Predict Outcome of the Game,Codeforces
http://codeforces.com/problemset/problem/631/C,Report,Codeforces
http://codeforces.com/problemset/problem/301/A,Yaroslav and Sequence,Codeforces
http://codeforces.com/problemset/problem/156/A,Message,Codeforces
http://codeforces.com/problemset/problem/675/C,Money Transfers,Codeforces
http://codeforces.com/problemset/problem/868/C,Qualification Rounds,Codeforces
http://codeforces.com/problemset/problem/400/C,Inna and Huge Candy Matrix,Codeforces
http://codeforces.com/problemset/problem/327/C,Magic Five,Codeforces
http://codeforces.com/problemset/problem/242/C,King's Path,Codeforces
http://codeforces.com/problemset/problem/613/A,Peter and Snow Blower,Codeforces
http://codeforces.com/problemset/problem/257/C,View Angle,Codeforces
http://codeforces.com/problemset/problem/729/C,Road to Cinema,Codeforces
http://codeforces.com/problemset/problem/471/C,MUH and House of Cards,Codeforces
http://codeforces.com/problemset/problem/128/A,Statues,Codeforces
http://codeforces.com/problemset/problem/914/C,Travelling Salesman and Special Numbers,Codeforces
http://codeforces.com/problemset/problem/353/C,Find Maximum,Codeforces
http://codeforces.com/problemset/problem/366/C,Dima and Salad,Codeforces
http://codeforces.com/problemset/problem/140/C,New Year Snowmen,Codeforces
http://codeforces.com/problemset/problem/229/A,Shifts,Codeforces
http://codeforces.com/problemset/problem/300/C,Beautiful Numbers,Codeforces
http://codeforces.com/problemset/problem/154/A,Hometask,Codeforces
http://codeforces.com/problemset/problem/811/C,Vladik and Memorable Trip,Codeforces
http://codeforces.com/problemset/problem/869/C,The Intriguing Obsession,Codeforces
http://codeforces.com/problemset/problem/425/A,Sereja and Swaps,Codeforces
http://codeforces.com/problemset/problem/321/A,Ciel and Robot,Codeforces
http://codeforces.com/problemset/problem/615/C,Running Track,Codeforces
http://codeforces.com/problemset/problem/260/C,Balls and Boxes,Codeforces
http://codeforces.com/problemset/problem/91/A,Newspaper Headline,Codeforces
http://codeforces.com/problemset/problem/359/C,Prime Number,Codeforces
http://codeforces.com/problemset/problem/336/C,Vasily the Bear and Sequence,Codeforces
http://codeforces.com/problemset/problem/138/A,Literature Lesson,Codeforces
http://codeforces.com/problemset/problem/873/C,Strange Game On Matrix,Codeforces
http://codeforces.com/problemset/problem/117/C,Cycle,Codeforces
http://codeforces.com/problemset/problem/342/C,Cupboard and Balloons,Codeforces
http://codeforces.com/problemset/problem/201/A,Clear Symmetry,Codeforces
http://codeforces.com/problemset/problem/319/A,Malek Dance Club,Codeforces
http://codeforces.com/problemset/problem/14/C,Four Segments,Codeforces
http://codeforces.com/problemset/problem/387/C,George and Number,Codeforces
http://codeforces.com/problemset/problem/123/A,Prime Permutation,Codeforces
http://codeforces.com/problemset/problem/193/A,Cutting Figure,Codeforces
http://codeforces.com/problemset/problem/305/C,Ivan and Powers of Two,Codeforces
http://codeforces.com/problemset/problem/432/C,Prime Swaps,Codeforces
http://codeforces.com/problemset/problem/796/C,Bank Hacking,Codeforces
http://codeforces.com/problemset/problem/29/C,Mail Stamps,Codeforces
http://codeforces.com/problemset/problem/509/C,Sums of Digits,Codeforces
http://codeforces.com/problemset/problem/596/C,Wilbur and Points,Codeforces
http://codeforces.com/problemset/problem/13/C,Sequence,Codeforces
http://codeforces.com/problemset/problem/232/A,Cycles,Codeforces
http://codeforces.com/problemset/problem/142/A,Help Farmer,Codeforces
http://codeforces.com/problemset/problem/571/A,Lengthening Sticks,Codeforces
http://codeforces.com/problemset/problem/191/A,Dynasty Puzzles,Codeforces
http://codeforces.com/problemset/problem/190/C,STL,Codeforces
http://codeforces.com/problemset/problem/246/C,Beauty Pageant,Codeforces
http://codeforces.com/problemset/problem/294/C,Shaass and Lights,Codeforces
http://codeforces.com/problemset/problem/113/A,Grammar Lessons,Codeforces
http://codeforces.com/problemset/problem/314/A,Sereja and Contest,Codeforces
http://codeforces.com/problemset/problem/141/C,Queue,Codeforces
http://codeforces.com/problemset/problem/187/A,Permutations,Codeforces
http://codeforces.com/problemset/problem/7/C,Line,Codeforces
http://codeforces.com/problemset/problem/442/A,Borya and Hanabi,Codeforces
http://codeforces.com/problemset/problem/360/A,Levko and Array Recovery,Codeforces
http://codeforces.com/problemset/problem/16/C,Monitor,Codeforces
http://codeforces.com/problemset/problem/757/C,Felicity is Coming!,Codeforces
http://codeforces.com/problemset/problem/223/A,Bracket Sequence,Codeforces
http://codeforces.com/problemset/problem/374/C,Inna and Dima,Codeforces
http://codeforces.com/problemset/problem/93/A,Frames,Codeforces
http://codeforces.com/problemset/problem/786/A,Berzerk,Codeforces
http://codeforces.com/problemset/problem/27/C,Unordered Subsequence,Codeforces
http://codeforces.com/problemset/problem/148/C,Terse princess,Codeforces
http://codeforces.com/problemset/problem/433/C,Ryouko's Memory Note,Codeforces
http://codeforces.com/problemset/problem/167/A,Wizards and Trolleybuses,Codeforces
http://codeforces.com/problemset/problem/253/C,Text Editor,Codeforces
http://codeforces.com/problemset/problem/629/C,Famil Door and Brackets,Codeforces
http://codeforces.com/problemset/problem/547/A,Mike and Frog,Codeforces
http://codeforces.com/problemset/problem/762/C,Two strings,Codeforces
http://codeforces.com/problemset/problem/118/C,Fancy Number,Codeforces
http://codeforces.com/problemset/problem/41/C,Email address,Codeforces
http://codeforces.com/problemset/problem/238/A,Not Wool Sequences,Codeforces
http://codeforces.com/problemset/problem/15/C,Industrial Nim,Codeforces
http://codeforces.com/problemset/problem/222/C,Reducing Fractions,Codeforces
http://codeforces.com/problemset/problem/662/D,International Olympiad,Codeforces
http://codeforces.com/problemset/problem/126/A,Hot Bath,Codeforces
http://codeforces.com/problemset/problem/30/C,Shooting Gallery,Codeforces
http://codeforces.com/problemset/problem/77/A,Heroes,Codeforces
http://codeforces.com/problemset/problem/89/A,Robbery,Codeforces
http://codeforces.com/problemset/problem/358/C,Dima and Containers,Codeforces
http://codeforces.com/problemset/problem/59/C,Title,Codeforces
http://codeforces.com/problemset/problem/703/C,Chris and Road,Codeforces
http://codeforces.com/problemset/problem/213/A,Game,Codeforces
http://codeforces.com/problemset/problem/46/C,Hamsters and Tigers,Codeforces
http://codeforces.com/problemset/problem/362/C,Insertion Sort,Codeforces
http://codeforces.com/problemset/problem/63/C,Bulls and Cows,Codeforces
http://codeforces.com/problemset/problem/38/C,Blinds,Codeforces
http://codeforces.com/problemset/problem/370/C,Mittens,Codeforces
http://codeforces.com/problemset/problem/58/C,Trees,Codeforces
http://codeforces.com/problemset/problem/22/C,System Administrator,Codeforces
http://codeforces.com/problemset/problem/33/C,Wonderful Randomized Sum,Codeforces
http://codeforces.com/problemset/problem/208/C,Police Station,Codeforces
http://codeforces.com/problemset/problem/8/C,Looking for Order,Codeforces
http://codeforces.com/problemset/problem/95/A,Hockey,Codeforces
http://codeforces.com/problemset/problem/594/A,Warrior and Archer,Codeforces
http://codeforces.com/problemset/problem/254/C,Anagram,Codeforces
http://codeforces.com/problemset/problem/57/C,Array,Codeforces
http://codeforces.com/problemset/problem/21/C,Stripe 2,Codeforces
http://codeforces.com/problemset/problem/266/C,Below the Diagonal,Codeforces
http://codeforces.com/problemset/problem/32/C,Flea,Codeforces
http://codeforces.com/problemset/problem/79/C,Beaver,Codeforces
http://codeforces.com/problemset/problem/216/C,Hiring Staff,Codeforces
http://codeforces.com/problemset/problem/280/A,Rectangle Puzzle,Codeforces
http://codeforces.com/problemset/problem/31/C,Schedule,Codeforces
http://codeforces.com/problemset/problem/78/C,Beaver Game,Codeforces
http://codeforces.com/problemset/problem/24/C,Sequence of points,Codeforces
http://codeforces.com/problemset/problem/195/C,Try and Catch,Codeforces
http://codeforces.com/problemset/problem/10/C,Digital Root,Codeforces
http://codeforces.com/problemset/problem/55/C,Pie or die,Codeforces
http://codeforces.com/problemset/problem/263/C,Circle of Numbers,Codeforces
http://codeforces.com/problemset/problem/396/A,On Number of Decompositions into Multipliers,Codeforces
http://codeforces.com/problemset/problem/65/C,Harry Potter and the Golden Snitch,Codeforces
http://codeforces.com/problemset/problem/51/C,Three Base Stations,Codeforces
http://codeforces.com/problemset/problem/248/C,Robo-Footballer,Codeforces
http://codeforces.com/problemset/problem/54/C,First Digit Law,Codeforces
http://codeforces.com/problemset/problem/98/A,Help Victoria the Wise,Codeforces
http://codeforces.com/problemset/problem/74/C,Chessboard Billiard,Codeforces
http://codeforces.com/problemset/problem/200/C,Football Championship,Codeforces
http://codeforces.com/problemset/problem/332/C,Students' Revenge,Codeforces
http://codeforces.com/problemset/problem/84/C,Biathlon,Codeforces
http://codeforces.com/problemset/problem/754/C,Vladik and chat,Codeforces
http://codeforces.com/problemset/problem/392/A,Blocked Points,Codeforces
http://codeforces.com/problemset/problem/37/C,Old Berland Language,Codeforces
http://codeforces.com/problemset/problem/175/C,Geometry Horse,Codeforces
http://codeforces.com/problemset/problem/49/C,Disposition,Codeforces
http://codeforces.com/problemset/problem/119/C,Education Reform,Codeforces
http://codeforces.com/problemset/problem/2/C,Commentator problem,Codeforces
http://codeforces.com/problemset/problem/73/C,LionAge II,Codeforces
http://codeforces.com/problemset/problem/56/C,Corporation Mail,Codeforces
http://codeforces.com/problemset/problem/66/C,Petya and File System,Codeforces
http://codeforces.com/problemset/problem/398/A,Cards,Codeforces
http://codeforces.com/problemset/problem/26/C,Parquet,Codeforces
http://codeforces.com/problemset/problem/60/C,Mushroom Strife,Codeforces
http://codeforces.com/problemset/problem/215/C,Crosses,Codeforces
http://codeforces.com/problemset/problem/47/C,Crossword,Codeforces
http://codeforces.com/problemset/problem/19/C,Deletion of Repeats,Codeforces
http://codeforces.com/problemset/problem/228/C,Fractal Detector,Codeforces
http://codeforces.com/problemset/problem/182/C,Optimal Sum,Codeforces
http://codeforces.com/problemset/problem/23/C,Oranges and Apples,Codeforces
http://codeforces.com/problemset/problem/70/C,Lucky Tickets,Codeforces
http://codeforces.com/problemset/problem/394/C,Dominoes,Codeforces
http://codeforces.com/problemset/problem/50/C,Happy Farm 5,Codeforces
http://codeforces.com/problemset/problem/69/C,Game,Codeforces
http://codeforces.com/problemset/problem/17/C,Balance,Codeforces
http://codeforces.com/problemset/problem/28/C,Bath Queue,Codeforces
http://codeforces.com/problemset/problem/42/C,Safe cracking,Codeforces
http://codeforces.com/problemset/problem/390/C,Inna and Candy Boxes,Codeforces
http://codeforces.com/problemset/problem/61/C,Capture Valerian,Codeforces
http://codeforces.com/problemset/problem/11/C,How Many Squares?,Codeforces
http://codeforces.com/problemset/problem/48/C,The Race,Codeforces
http://codeforces.com/problemset/problem/40/C,Berland Square,Codeforces
http://codeforces.com/problemset/problem/413/E,Maze 2D,Codeforces
http://codeforces.com/problemset/problem/819/A,Mister B and Boring Game,Codeforces
http://codeforces.com/problemset/problem/62/C,Inquisition,Codeforces
http://codeforces.com/problemset/problem/105/C,Item World,Codeforces
http://codeforces.com/problemset/problem/68/C,Synchrophasotron,Codeforces
http://codeforces.com/problemset/problem/36/C,Bowls,Codeforces
http://codeforces.com/problemset/problem/593/C,Beautiful Function,Codeforces
http://codeforces.com/problemset/problem/832/C,Strange Radiation,Codeforces
http://codeforces.com/problemset/problem/845/E,Fire in the City,Codeforces
