link,name,judge
http://codeforces.com/problemset/problem/785/B,Anton and Classes,Codeforces
http://codeforces.com/problemset/problem/766/B,Mahmoud and a Triangle,Codeforces
http://codeforces.com/problemset/problem/330/B,Road Construction,Codeforces
http://codeforces.com/problemset/problem/706/B,Interesting drink,Codeforces
http://codeforces.com/problemset/problem/478/B,Random Teams,Codeforces
http://codeforces.com/problemset/problem/546/A,Soldier and Bananas,Codeforces
http://codeforces.com/problemset/problem/276/B,Little Girl and Game,Codeforces
http://codeforces.com/problemset/problem/144/A,Arrival of the General,Codeforces
http://codeforces.com/problemset/problem/841/B,Godsend,Codeforces
http://codeforces.com/problemset/problem/363/B,Fence,Codeforces
http://codeforces.com/problemset/problem/200/B,Drinks,Codeforces
http://codeforces.com/problemset/problem/514/B,Han Solo and Lazer Gun,Codeforces
http://codeforces.com/problemset/problem/538/B,Quasi Binary,Codeforces
http://codeforces.com/problemset/problem/672/B,Different is Good,Codeforces
http://codeforces.com/problemset/problem/1/B,Spreadsheet,Codeforces
http://codeforces.com/problemset/problem/339/B,Xenia and Ringroad,Codeforces
http://codeforces.com/problemset/problem/714/B,Filya and Homework,Codeforces
http://codeforces.com/problemset/problem/451/B,Sort the Array,Codeforces
http://codeforces.com/problemset/problem/266/B,Queue at the School,Codeforces
http://codeforces.com/problemset/problem/368/B,Sereja and Suffixes,Codeforces
http://codeforces.com/problemset/problem/486/B,OR in Matrix,Codeforces
http://codeforces.com/problemset/problem/592/B,The Monster and the Squirrel,Codeforces
http://codeforces.com/problemset/problem/734/B,Anton and Digits,Codeforces
http://codeforces.com/problemset/problem/869/B,The Eternal Immortality,Codeforces
http://codeforces.com/problemset/problem/501/B,Misha and Changing Handles,Codeforces
http://codeforces.com/problemset/problem/166/E,Tetrahedron,Codeforces
http://codeforces.com/problemset/problem/427/B,Prison Transfer,Codeforces
http://codeforces.com/problemset/problem/4/C,Registration System,Codeforces
http://codeforces.com/problemset/problem/520/B,Two Buttons,Codeforces
http://codeforces.com/problemset/problem/327/B,Hungry Sequence,Codeforces
http://codeforces.com/problemset/problem/567/B,Berland National Library,Codeforces
http://codeforces.com/problemset/problem/546/B,Soldier and Badges,Codeforces
http://codeforces.com/problemset/problem/705/B,Spider Man,Codeforces
http://codeforces.com/problemset/problem/680/B,Bear and Finding Criminals,Codeforces
http://codeforces.com/problemset/problem/583/B,Robot's Task,Codeforces
http://codeforces.com/problemset/problem/723/B,Text Document Analysis,Codeforces
http://codeforces.com/problemset/problem/476/B,Dreamoon and WiFi,Codeforces
http://codeforces.com/problemset/problem/492/B,Vanya and Lanterns,Codeforces
http://codeforces.com/problemset/problem/433/B,Kuriyama Mirai's Stones,Codeforces
http://codeforces.com/problemset/problem/701/A,Cards,Codeforces
http://codeforces.com/problemset/problem/535/B,Tavas and SaDDas,Codeforces
http://codeforces.com/problemset/problem/313/B,Ilya and Queries,Codeforces
http://codeforces.com/problemset/problem/552/B,Vanya and Books,Codeforces
http://codeforces.com/problemset/problem/712/B,Memory and Trident,Codeforces
http://codeforces.com/problemset/problem/831/B,Keyboard Layouts,Codeforces
http://codeforces.com/problemset/problem/467/B,Fedor and New Game,Codeforces
http://codeforces.com/problemset/problem/450/B,Jzzhu and Sequences,Codeforces
http://codeforces.com/problemset/problem/746/B,Decoding,Codeforces
http://codeforces.com/problemset/problem/733/B,Parade,Codeforces
http://codeforces.com/problemset/problem/265/B,Roadside Trees (Simplified Edition),Codeforces
http://codeforces.com/problemset/problem/499/B,Lecture,Codeforces
http://codeforces.com/problemset/problem/779/B,Weird Rounding,Codeforces
http://codeforces.com/problemset/problem/758/B,Blown Garland,Codeforces
http://codeforces.com/problemset/problem/519/B,A and B and Compilation Errors,Codeforces
http://codeforces.com/problemset/problem/34/B,Sale,Codeforces
http://codeforces.com/problemset/problem/545/B,Equidistant String,Codeforces
http://codeforces.com/problemset/problem/4/B,Before an Exam,Codeforces
http://codeforces.com/problemset/problem/459/B,Pashmak and Flowers,Codeforces
http://codeforces.com/problemset/problem/581/B,Luxurious Houses,Codeforces
http://codeforces.com/problemset/problem/721/B,Passwords,Codeforces
http://codeforces.com/problemset/problem/474/B,Worms,Codeforces
http://codeforces.com/problemset/problem/621/B,Wet Shark and Bishops,Codeforces
http://codeforces.com/problemset/problem/596/B,Wilbur and Array,Codeforces
http://codeforces.com/problemset/problem/688/B,Lovely Palindromes,Codeforces
http://codeforces.com/problemset/problem/670/B,Game of Robots,Codeforces
http://codeforces.com/problemset/problem/450/A,Jzzhu and Children,Codeforces
http://codeforces.com/problemset/problem/711/B,Chris and Magic Square,Codeforces
http://codeforces.com/problemset/problem/805/B,3-palindrome,Codeforces
http://codeforces.com/problemset/problem/230/B,T-primes,Codeforces
http://codeforces.com/problemset/problem/448/B,Suffix Structures,Codeforces
http://codeforces.com/problemset/problem/588/B,Duff in Love,Codeforces
http://codeforces.com/problemset/problem/279/B,Books,Codeforces
http://codeforces.com/problemset/problem/732/B,Cormen --- The Best Friend Of a Man,Codeforces
http://codeforces.com/problemset/problem/835/B,The number on the board,Codeforces
http://codeforces.com/problemset/problem/651/B,Beautiful Paintings,Codeforces
http://codeforces.com/problemset/problem/37/A,Towers,Codeforces
http://codeforces.com/problemset/problem/776/B,Sherlock and his girlfriend,Codeforces
http://codeforces.com/problemset/problem/439/B,Devu, the Dumb Guy,Codeforces
http://codeforces.com/problemset/problem/701/B,Cells Not Under Attack,Codeforces
http://codeforces.com/problemset/problem/580/B,Kefa and Company,Codeforces
http://codeforces.com/problemset/problem/574/A,Bear and Elections,Codeforces
http://codeforces.com/problemset/problem/456/B,Fedya and Maths,Codeforces
http://codeforces.com/problemset/problem/508/B,Anton and currency you all know,Codeforces
http://codeforces.com/problemset/problem/617/B,Chocolate,Codeforces
http://codeforces.com/problemset/problem/507/B,Amr and Pins,Codeforces
http://codeforces.com/problemset/problem/764/B,Timofey and cubes,Codeforces
http://codeforces.com/problemset/problem/118/B,Present from Lena,Codeforces
http://codeforces.com/problemset/problem/682/B,Alyona and Mex,Codeforces
http://codeforces.com/problemset/problem/465/B,Inbox (100500),Codeforces
http://codeforces.com/problemset/problem/447/B,DZY Loves Strings,Codeforces
http://codeforces.com/problemset/problem/570/B,Simple Game,Codeforces
http://codeforces.com/problemset/problem/550/B,Preparing Olympiad,Codeforces
http://codeforces.com/problemset/problem/707/B,Bakery,Codeforces
http://codeforces.com/problemset/problem/463/B,Caisa and Pylons,Codeforces
http://codeforces.com/problemset/problem/939/B,Hamster Farm,Codeforces
http://codeforces.com/problemset/problem/32/B,Borze,Codeforces
http://codeforces.com/problemset/problem/716/B,Complete the Word,Codeforces
http://codeforces.com/problemset/problem/822/B,Crossword solving,Codeforces
http://codeforces.com/problemset/problem/454/B,Little Pony and Sort by Shift,Codeforces
http://codeforces.com/problemset/problem/268/B,Buttons,Codeforces
http://codeforces.com/problemset/problem/489/B,BerSU Ball,Codeforces
http://codeforces.com/problemset/problem/743/B,Chloe and the sequence ,Codeforces
http://codeforces.com/problemset/problem/102/B,Sum of Digits,Codeforces
http://codeforces.com/problemset/problem/506/D,Mr. Kitayuta's Colorful Graph,Codeforces
http://codeforces.com/problemset/problem/641/A,Little Artem and Grasshopper,Codeforces
http://codeforces.com/problemset/problem/681/B,Economy Game,Codeforces
http://codeforces.com/problemset/problem/227/B,Effective Approach,Codeforces
http://codeforces.com/problemset/problem/349/B,Color the Fence,Codeforces
http://codeforces.com/problemset/problem/445/B,DZY Loves Chemistry,Codeforces
http://codeforces.com/problemset/problem/569/B,Inventory,Codeforces
http://codeforces.com/problemset/problem/137/B,Permutation,Codeforces
http://codeforces.com/problemset/problem/548/B,Mike and Fun,Codeforces
http://codeforces.com/problemset/problem/462/B,Appleman and Card Game,Codeforces
http://codeforces.com/problemset/problem/584/B,Kolya and Tanya ,Codeforces
http://codeforces.com/problemset/problem/864/B,Polycarp and Letters,Codeforces
http://codeforces.com/problemset/problem/602/B,Approximating a Constant Range,Codeforces
http://codeforces.com/problemset/problem/754/B,Ilya and tic-tac-toe game,Codeforces
http://codeforces.com/problemset/problem/922/B,Magic Forest,Codeforces
http://codeforces.com/problemset/problem/493/B,Vasya and Wrestling,Codeforces
http://codeforces.com/problemset/problem/629/B,Far Relative’s Problem,Codeforces
http://codeforces.com/problemset/problem/697/B,Barnicle,Codeforces
http://codeforces.com/problemset/problem/796/B,Find The Bone,Codeforces
http://codeforces.com/problemset/problem/554/B,Ohana Cleans Up,Codeforces
http://codeforces.com/problemset/problem/801/B,Valued Keys,Codeforces
http://codeforces.com/problemset/problem/469/B,Chat Online,Codeforces
http://codeforces.com/problemset/problem/577/B,Modulo Sum,Codeforces
http://codeforces.com/problemset/problem/160/B,Unlucky Ticket,Codeforces
http://codeforces.com/problemset/problem/282/B,Painting Eggs,Codeforces
http://codeforces.com/problemset/problem/347/B,Fixed Points,Codeforces
http://codeforces.com/problemset/problem/116/B,Little Pigs and Wolves,Codeforces
http://codeforces.com/problemset/problem/242/B,Big Segment,Codeforces
http://codeforces.com/problemset/problem/58/B,Coins,Codeforces
http://codeforces.com/problemset/problem/460/B,Little Dima and Equation,Codeforces
http://codeforces.com/problemset/problem/742/B,Arpa’s obvious problem and Mehrdad’s terrible solution,Codeforces
http://codeforces.com/problemset/problem/814/B,An express train to reveries,Codeforces
http://codeforces.com/problemset/problem/757/B,Bash's Big Day,Codeforces
http://codeforces.com/problemset/problem/289/B,Polo the Penguin and Matrix,Codeforces
http://codeforces.com/problemset/problem/510/B,Fox And Two Dots,Codeforces
http://codeforces.com/problemset/problem/625/B,War of the Corporations,Codeforces
http://codeforces.com/problemset/problem/218/B,Airport,Codeforces
http://codeforces.com/problemset/problem/765/B,Code obfuscation,Codeforces
http://codeforces.com/problemset/problem/122/B,Lucky Substring,Codeforces
http://codeforces.com/problemset/problem/798/B,Mike and strings,Codeforces
http://codeforces.com/problemset/problem/574/B,Bear and Three Musketeers,Codeforces
http://codeforces.com/problemset/problem/834/B,The Festive Evening,Codeforces
http://codeforces.com/problemset/problem/485/B,Valuable Resources,Codeforces
http://codeforces.com/problemset/problem/610/B,Vika and Squares,Codeforces
http://codeforces.com/problemset/problem/591/B,Rebranding,Codeforces
http://codeforces.com/problemset/problem/157/B,Trace,Codeforces
http://codeforces.com/problemset/problem/96/B,Lucky Numbers (easy),Codeforces
http://codeforces.com/problemset/problem/659/B,Qualifying Contest,Codeforces
http://codeforces.com/problemset/problem/344/B,Simple Molecules,Codeforces
http://codeforces.com/problemset/problem/777/B,Game of Credit Cards,Codeforces
http://codeforces.com/problemset/problem/322/B,Ciel and Flowers,Codeforces
http://codeforces.com/problemset/problem/560/B,Gerald is into Art,Codeforces
http://codeforces.com/problemset/problem/703/B,Mishka and trip,Codeforces
http://codeforces.com/problemset/problem/677/B,Vanya and Food Processor,Codeforces
http://codeforces.com/problemset/problem/810/B,Summer sell-off,Codeforces
http://codeforces.com/problemset/problem/735/B,Urbanization,Codeforces
http://codeforces.com/problemset/problem/131/B,Opposites Attract,Codeforces
http://codeforces.com/problemset/problem/821/B,Okabe and Banana Trees,Codeforces
http://codeforces.com/problemset/problem/259/B,Little Elephant and Magic Square,Codeforces
http://codeforces.com/problemset/problem/898/B,Proper Nutrition,Codeforces
http://codeforces.com/problemset/problem/271/B,Prime Matrix,Codeforces
http://codeforces.com/problemset/problem/389/B,Fox and Cross,Codeforces
http://codeforces.com/problemset/problem/509/B,Painting Pebbles,Codeforces
http://codeforces.com/problemset/problem/534/B,Covered Path,Codeforces
http://codeforces.com/problemset/problem/787/B,Not Afraid,Codeforces
http://codeforces.com/problemset/problem/312/B,Archer,Codeforces
http://codeforces.com/problemset/problem/431/B,Shower Line,Codeforces
http://codeforces.com/problemset/problem/686/B,Little Robber Girl's Zoo,Codeforces
http://codeforces.com/problemset/problem/352/B,Jeff and Periods,Codeforces
http://codeforces.com/problemset/problem/365/B,The Fibonacci Segment,Codeforces
http://codeforces.com/problemset/problem/747/B,Mammoth's Genome Decoding,Codeforces
http://codeforces.com/problemset/problem/155/B,Combination,Codeforces
http://codeforces.com/problemset/problem/870/B,Maximum of Maximums of Minimums,Codeforces
http://codeforces.com/problemset/problem/263/B,Squares,Codeforces
http://codeforces.com/problemset/problem/298/B,Sail,Codeforces
http://codeforces.com/problemset/problem/518/B,Tanya and Postcard,Codeforces
http://codeforces.com/problemset/problem/558/B,Amr and The Large Array,Codeforces
http://codeforces.com/problemset/problem/544/B,Sea and Islands,Codeforces
http://codeforces.com/problemset/problem/557/B,Pasha and Tea,Codeforces
http://codeforces.com/problemset/problem/719/B,Anatoly and Cockroaches,Codeforces
http://codeforces.com/problemset/problem/472/B,Design Tutorial: Learn from Life,Codeforces
http://codeforces.com/problemset/problem/285/B,Find Marble,Codeforces
http://codeforces.com/problemset/problem/740/B,Alyona and flowers,Codeforces
http://codeforces.com/problemset/problem/893/B,Beautiful Divisors,Codeforces
http://codeforces.com/problemset/problem/387/B,George and Round,Codeforces
http://codeforces.com/problemset/problem/66/B,Petya and Countryside,Codeforces
http://codeforces.com/problemset/problem/525/B,Pasha and String,Codeforces
http://codeforces.com/problemset/problem/771/A,Bear and Friendship Condition,Codeforces
http://codeforces.com/problemset/problem/432/B,Football Kit,Codeforces
https://icpcarchive.ecs.baylor.edu/index.php?option=onlinejudge&page=show_problem&problem=2638,Repeated Substitution with Sed,Live Archive
http://codeforces.com/problemset/problem/246/B,Increase and Decrease,Codeforces
http://codeforces.com/problemset/problem/362/B,Petya and Staircases,Codeforces
http://codeforces.com/problemset/problem/479/B,Towers,Codeforces
http://codeforces.com/problemset/problem/586/B,Laurenty and Shop,Codeforces
http://codeforces.com/problemset/problem/749/B,Parallelogram is Back,Codeforces
http://codeforces.com/problemset/problem/731/B,Coupons and Discounts,Codeforces
http://codeforces.com/problemset/problem/876/B,Divisiblity of Differences,Codeforces
http://codeforces.com/problemset/problem/604/B,More Cowbell,Codeforces
http://codeforces.com/problemset/problem/761/B,Dasha and friends,Codeforces
http://codeforces.com/problemset/problem/515/B,Drazil and His Happy Friends,Codeforces
http://codeforces.com/problemset/problem/631/B,Print Check,Codeforces
http://codeforces.com/problemset/problem/318/B,Strings of Power,Codeforces
http://codeforces.com/problemset/problem/699/B,One Bomb,Codeforces
http://codeforces.com/problemset/problem/675/B,Restoring Painting,Codeforces
http://codeforces.com/problemset/problem/811/B,Vladik and Complicated Book,Codeforces
http://codeforces.com/problemset/problem/556/B,Case of Fake Numbers,Codeforces
http://codeforces.com/problemset/problem/816/B,Karen and Coffee,Codeforces
http://codeforces.com/problemset/problem/471/B,MUH and Important Things,Codeforces
http://codeforces.com/problemset/problem/385/B,Bear and Strings,Codeforces
http://codeforces.com/problemset/problem/614/B,Gena's Code,Codeforces
http://codeforces.com/problemset/problem/165/B,Burning Midnight Oil,Codeforces
http://codeforces.com/problemset/problem/630/J,Divisibility,Codeforces
http://codeforces.com/problemset/problem/527/B,Error Correct System,Codeforces
http://codeforces.com/problemset/problem/332/B,Maximum Absurdity,Codeforces
http://codeforces.com/problemset/problem/401/B,Sereja and Contests,Codeforces
http://codeforces.com/problemset/problem/6/B,President's Office,Codeforces
http://codeforces.com/problemset/problem/799/B,T-shirt buying,Codeforces
http://codeforces.com/problemset/problem/151/B,Phone Numbers,Codeforces
http://codeforces.com/problemset/problem/257/B,Playing Cubes,Codeforces
http://codeforces.com/problemset/problem/315/B,Sereja and Array,Codeforces
http://codeforces.com/problemset/problem/435/B,Pasha Maximizes,Codeforces
http://codeforces.com/problemset/problem/408/B,Garland,Codeforces
http://codeforces.com/problemset/problem/234/B,Reading,Codeforces
http://codeforces.com/problemset/problem/828/B,Black Square,Codeforces
http://codeforces.com/problemset/problem/253/B,Physics Practical,Codeforces
http://codeforces.com/problemset/problem/233/B,Non-square Equation,Codeforces
http://codeforces.com/problemset/problem/355/B,Vasya and Public Transport,Codeforces
http://codeforces.com/problemset/problem/615/B,Longtail Hedgehog,Codeforces
http://codeforces.com/problemset/problem/745/B,Hongcow Solves A Puzzle,Codeforces
http://codeforces.com/problemset/problem/780/B,The Meeting Place Cannot Be Changed,Codeforces
http://codeforces.com/problemset/problem/302/B,Eugeny and Play List,Codeforces
http://codeforces.com/problemset/problem/26/B,Regular Bracket Sequence,Codeforces
http://codeforces.com/problemset/problem/400/B,Inna and New Matrix of Candies,Codeforces
http://codeforces.com/problemset/problem/794/B,Cutting Carrot,Codeforces
http://codeforces.com/problemset/problem/136/B,Ternary Logic,Codeforces
http://codeforces.com/problemset/problem/133/B,Unary,Codeforces
http://codeforces.com/problemset/problem/845/B,Luba And The Ticket,Codeforces
http://codeforces.com/problemset/problem/361/B,Levko and Permutation,Codeforces
http://codeforces.com/problemset/problem/599/B,Spongebob and Joke,Codeforces
http://codeforces.com/problemset/problem/405/B,Domino Effect,Codeforces
http://codeforces.com/problemset/problem/689/B,Mike and Shortcuts,Codeforces
http://codeforces.com/problemset/problem/789/B,Masha and geometric depression,Codeforces
http://codeforces.com/problemset/problem/337/B,Routine Problem,Codeforces
http://codeforces.com/problemset/problem/366/B,Dima and To-do List,Codeforces
http://codeforces.com/problemset/problem/873/B,Balanced Substring,Codeforces
http://codeforces.com/problemset/problem/300/B,Coach,Codeforces
http://codeforces.com/problemset/problem/25/B,Phone numbers,Codeforces
http://codeforces.com/problemset/problem/224/B,Array,Codeforces
http://codeforces.com/problemset/problem/441/B,Valera and Fruits,Codeforces
http://codeforces.com/problemset/problem/832/B,Petya and Exam,Codeforces
http://codeforces.com/problemset/problem/359/B,Permutation,Codeforces
http://codeforces.com/problemset/problem/729/B,Spotlights,Codeforces
http://codeforces.com/problemset/problem/490/B,Queue,Codeforces
http://codeforces.com/problemset/problem/572/B,Order Book,Codeforces
http://codeforces.com/problemset/problem/608/B,Hamming Distance Sum,Codeforces
http://codeforces.com/problemset/problem/381/B,Sereja and Stairs,Codeforces
http://codeforces.com/problemset/problem/760/B,Frodo and pillows,Codeforces
http://codeforces.com/problemset/problem/424/B,Megacity,Codeforces
http://codeforces.com/problemset/problem/496/B,Secret Combination,Codeforces
http://codeforces.com/problemset/problem/320/B,Ping-Pong (Easy Version),Codeforces
http://codeforces.com/problemset/problem/676/B,Pyramid of Glasses,Codeforces
http://codeforces.com/problemset/problem/812/B,Sagheer, the Hausmeister,Codeforces
http://codeforces.com/problemset/problem/222/B,Cosmic Tables,Codeforces
http://codeforces.com/problemset/problem/43/B,Letter,Codeforces
http://codeforces.com/problemset/problem/129/B,Students and Shoelaces,Codeforces
http://codeforces.com/problemset/problem/820/B,Mister B and Angle in Polygon,Codeforces
http://codeforces.com/problemset/problem/255/B,Code Parsing,Codeforces
http://codeforces.com/problemset/problem/12/B,Correct Solution?,Codeforces
http://codeforces.com/problemset/problem/371/B,Fox Dividing Cheese,Codeforces
http://codeforces.com/problemset/problem/270/B,Multithreading,Codeforces
http://codeforces.com/problemset/problem/748/B,Santa Claus and Keyboard Check,Codeforces
http://codeforces.com/problemset/problem/103/A,Testing Pants for Sadness,Codeforces
http://codeforces.com/problemset/problem/667/B,Coat of Anticubism,Codeforces
http://codeforces.com/problemset/problem/78/B,Easter Eggs,Codeforces
http://codeforces.com/problemset/problem/807/B,T-Shirt Hunt,Codeforces
http://codeforces.com/problemset/problem/262/B,Roma and Changing Signs,Codeforces
http://codeforces.com/problemset/problem/16/B,Burglar and Matches,Codeforces
http://codeforces.com/problemset/problem/182/B,Vasya's Calendar,Codeforces
http://codeforces.com/problemset/problem/416/B,Art Union,Codeforces
http://codeforces.com/problemset/problem/495/B,Modular Equations,Codeforces
http://codeforces.com/problemset/problem/437/B,The Child and Set,Codeforces
http://codeforces.com/problemset/problem/415/B,Mashmokh and Tokens,Codeforces
http://codeforces.com/problemset/problem/540/B,School Marks,Codeforces
http://codeforces.com/problemset/problem/110/B,Lucky String,Codeforces
http://codeforces.com/problemset/problem/236/B,Easy Number Challenge,Codeforces
http://codeforces.com/problemset/problem/2/B,The least round way,Codeforces
http://codeforces.com/problemset/problem/221/B,Little Elephant and Numbers,Codeforces
http://codeforces.com/problemset/problem/768/B,Code For 1,Codeforces
http://codeforces.com/problemset/problem/127/B,Canvas Frames,Codeforces
http://codeforces.com/problemset/problem/357/B,Flag Day,Codeforces
http://codeforces.com/problemset/problem/579/B,Finding Team Member,Codeforces
http://codeforces.com/problemset/problem/369/B,Valera and Contest,Codeforces
http://codeforces.com/problemset/problem/593/B,Anton and Lines,Codeforces
http://codeforces.com/problemset/problem/284/B,Cows and Poker Game,Codeforces
http://codeforces.com/problemset/problem/80/B,Depression,Codeforces
http://codeforces.com/problemset/problem/214/B,Hometask,Codeforces
http://codeforces.com/problemset/problem/430/B,Balls Game,Codeforces
http://codeforces.com/problemset/problem/27/B,Tournament,Codeforces
http://codeforces.com/problemset/problem/244/B,Undoubtedly Lucky Numbers,Codeforces
http://codeforces.com/problemset/problem/59/B,Fortune Telling,Codeforces
http://codeforces.com/problemset/problem/376/B,I.O.U.,Codeforces
http://codeforces.com/problemset/problem/294/B,Shaass and Bookshelf,Codeforces
http://codeforces.com/problemset/problem/90/B,African Crossword,Codeforces
http://codeforces.com/problemset/problem/219/B,Special Offer! Super Price 999 Bourles!,Codeforces
http://codeforces.com/problemset/problem/143/B,Help Kingdom of Far Far Away 2,Codeforces
http://codeforces.com/problemset/problem/384/B,Multitasking,Codeforces
http://codeforces.com/problemset/problem/63/B,Settlers' Training,Codeforces
http://codeforces.com/problemset/problem/192/B,Walking in the Rain,Codeforces
http://codeforces.com/problemset/problem/663/A,Rebus,Codeforces
http://codeforces.com/problemset/problem/225/B,Well-known Numbers,Codeforces
http://codeforces.com/problemset/problem/443/B,Kolya and Tandem Repeat,Codeforces
http://codeforces.com/problemset/problem/5/B,Center Alignment,Codeforces
http://codeforces.com/problemset/problem/47/B,Coins,Codeforces
http://codeforces.com/problemset/problem/260/B,Ancient Prophesy,Codeforces
http://codeforces.com/problemset/problem/14/B,Young Photographer,Codeforces
http://codeforces.com/problemset/problem/374/B,Inna and Nine,Codeforces
https://icpcarchive.ecs.baylor.edu/index.php?option=onlinejudge&page=show_problem&problem=221,Binary Search,Live Archive
http://codeforces.com/problemset/problem/272/B,Dima and Sequence,Codeforces
http://codeforces.com/problemset/problem/106/B,Choosing Laptop,Codeforces
http://codeforces.com/problemset/problem/673/B,Problems for Round,Codeforces
http://codeforces.com/problemset/problem/83/A,Magical Array,Codeforces
http://codeforces.com/problemset/problem/9/B,Running Student,Codeforces
http://codeforces.com/problemset/problem/231/B,Magic, Wizardry and Wonders,Codeforces
http://codeforces.com/problemset/problem/141/B,Hopscotch,Codeforces
http://codeforces.com/problemset/problem/205/B,Little Elephant and Sorting,Codeforces
http://codeforces.com/problemset/problem/189/B,Counting Rhombi,Codeforces
http://codeforces.com/problemset/problem/426/B,Sereja and Mirroring,Codeforces
http://codeforces.com/problemset/problem/148/B,Escape,Codeforces
http://codeforces.com/problemset/problem/287/B,Pipeline,Codeforces
http://codeforces.com/problemset/problem/197/B,Limit,Codeforces
http://codeforces.com/problemset/problem/404/B,Marathon,Codeforces
http://codeforces.com/problemset/problem/216/B,Forming Teams,Codeforces
http://codeforces.com/problemset/problem/248/B,Chilly Willy,Codeforces
http://codeforces.com/problemset/problem/466/B,Wonder Room,Codeforces
http://codeforces.com/problemset/problem/551/B,ZgukistringZ,Codeforces
http://codeforces.com/problemset/problem/483/B,Friends and Presents,Codeforces
http://codeforces.com/problemset/problem/61/B,Hard Work,Codeforces
http://codeforces.com/problemset/problem/50/B,Choosing Symbol Pairs,Codeforces
http://codeforces.com/problemset/problem/606/B,Testing Robots,Codeforces
http://codeforces.com/problemset/problem/186/B,Growing Mushrooms,Codeforces
http://codeforces.com/problemset/problem/342/B,Xenia and Spies,Codeforces
http://codeforces.com/problemset/problem/112/B,Petya and Square,Codeforces
http://codeforces.com/problemset/problem/3/B,Lorry,Codeforces
http://codeforces.com/problemset/problem/146/B,Lucky Mask,Codeforces
http://codeforces.com/problemset/problem/358/B,Dima and Text Messages,Codeforces
http://codeforces.com/problemset/problem/195/B,After Training,Codeforces
http://codeforces.com/problemset/problem/595/B,Pasha and Phone,Codeforces
http://codeforces.com/problemset/problem/402/B,Trees in a Row,Codeforces
http://codeforces.com/problemset/problem/215/B,Olympic Medal,Codeforces
http://codeforces.com/problemset/problem/334/B,Eight Point Sets,Codeforces
http://codeforces.com/problemset/problem/228/B,Two Tables,Codeforces
http://codeforces.com/problemset/problem/350/B,Resort,Codeforces
http://codeforces.com/problemset/problem/60/B,Serial Time!,Codeforces
http://codeforces.com/problemset/problem/152/B,Steps,Codeforces
http://codeforces.com/problemset/problem/278/B,New Problem,Codeforces
http://codeforces.com/problemset/problem/378/B,Semifinals,Codeforces
http://codeforces.com/problemset/problem/839/B,Game of the Rows,Codeforces
http://codeforces.com/problemset/problem/71/B,Progress Bar,Codeforces
http://codeforces.com/problemset/problem/92/B,Binary Number,Codeforces
http://codeforces.com/problemset/problem/144/B,Meeting,Codeforces
http://codeforces.com/problemset/problem/868/B,Race Against Time,Codeforces
http://codeforces.com/problemset/problem/194/B,Square,Codeforces
http://codeforces.com/problemset/problem/304/B,Calendar,Codeforces
http://codeforces.com/problemset/problem/275/B,Convex Shape,Codeforces
http://codeforces.com/problemset/problem/31/B,Sysadmin Bob,Codeforces
http://codeforces.com/problemset/problem/108/B,Datatypes,Codeforces
http://codeforces.com/problemset/problem/767/B,The Queue,Codeforces
http://codeforces.com/problemset/problem/41/B,Martian Dollar,Codeforces
http://codeforces.com/problemset/problem/124/B,Permutations,Codeforces
http://codeforces.com/problemset/problem/19/B,Checkout Assistant,Codeforces
http://codeforces.com/problemset/problem/99/B,Help Chef Gerasim,Codeforces
http://codeforces.com/problemset/problem/190/B,Surrounded,Codeforces
http://codeforces.com/problemset/problem/149/B,Martian Clock,Codeforces
http://codeforces.com/problemset/problem/69/B,Bets,Codeforces
http://codeforces.com/problemset/problem/353/B,Two Heaps,Codeforces
http://codeforces.com/problemset/problem/281/B,Nearest Fraction,Codeforces
http://codeforces.com/problemset/problem/75/B,Facetook Priority Wall,Codeforces
http://codeforces.com/problemset/problem/114/B,PFAST Inc.,Codeforces
http://codeforces.com/problemset/problem/46/B,T-shirts from Sponsor,Codeforces
http://codeforces.com/problemset/problem/373/B,Making Sequences is Fun,Codeforces
http://codeforces.com/problemset/problem/22/B,Bargaining Table,Codeforces
http://codeforces.com/problemset/problem/68/B,Energy exchange,Codeforces
http://codeforces.com/problemset/problem/440/B,Balancer,Codeforces
http://codeforces.com/problemset/problem/79/B,Colorful Field,Codeforces
http://codeforces.com/problemset/problem/8/B,Obsession with Robots,Codeforces
http://codeforces.com/problemset/problem/38/B,Chess,Codeforces
http://codeforces.com/problemset/problem/17/B,Hierarchy,Codeforces
http://codeforces.com/problemset/problem/203/B,Game on Paper,Codeforces
http://codeforces.com/problemset/problem/94/B,Friends,Codeforces
http://codeforces.com/problemset/problem/237/B,Young Table,Codeforces
http://codeforces.com/problemset/problem/56/B,Spoilt Permutation,Codeforces
http://codeforces.com/problemset/problem/488/B,Candy Boxes,Codeforces
http://codeforces.com/problemset/problem/28/B,pSort,Codeforces
http://codeforces.com/problemset/problem/305/B,Continued Fractions,Codeforces
http://codeforces.com/problemset/problem/7/B,Memory Manager,Codeforces
http://codeforces.com/problemset/problem/49/B,Sum,Codeforces
http://codeforces.com/problemset/problem/254/B,Jury Size,Codeforces
http://codeforces.com/problemset/problem/11/B,Jumping Jack,Codeforces
http://codeforces.com/problemset/problem/370/B,Berland Bingo,Codeforces
http://codeforces.com/problemset/problem/20/B,Equation,Codeforces
http://codeforces.com/problemset/problem/117/B,Very Interesting Game,Codeforces
http://codeforces.com/problemset/problem/48/B,Land Lot,Codeforces
http://codeforces.com/problemset/problem/24/B,F1 Champions,Codeforces
http://codeforces.com/problemset/problem/70/B,Text Messaging,Codeforces
http://codeforces.com/problemset/problem/10/B,Cinema Cashier,Codeforces
http://codeforces.com/problemset/problem/74/B,Train,Codeforces
http://codeforces.com/problemset/problem/208/B,Solitaire,Codeforces
http://codeforces.com/problemset/problem/175/B,Plane of Tanks: Pro,Codeforces
https://uva.onlinejudge.org/index.php?option=onlinejudge&page=show_problem&problem=3705,Binary Search Tree,UVA
http://codeforces.com/problemset/problem/23/B,Party,Codeforces
http://codeforces.com/problemset/problem/88/B,Keyboard,Codeforces
http://codeforces.com/problemset/problem/252/B,Unsorting Array,Codeforces
http://codeforces.com/problemset/problem/18/B,Platforms,Codeforces
http://codeforces.com/problemset/problem/382/B,Number Busters,Codeforces
http://codeforces.com/problemset/problem/62/B,Tyndex.Brome,Codeforces
http://codeforces.com/problemset/problem/399/B,Red and Blue Balls,Codeforces
http://codeforces.com/problemset/problem/239/B,Easy Tape Programming,Codeforces
http://codeforces.com/problemset/problem/168/B,Wizards and Minimal Spell,Codeforces
http://codeforces.com/problemset/problem/29/B,Traffic Lights,Codeforces
http://codeforces.com/problemset/problem/336/B,Vasily the Bear and Fly,Codeforces
http://codeforces.com/problemset/problem/140/B,New Year Cards,Codeforces
http://codeforces.com/problemset/problem/33/B,String Problem,Codeforces
http://codeforces.com/problemset/problem/166/B,Polygons,Codeforces
http://codeforces.com/problemset/problem/139/B,Wallpaper,Codeforces
http://codeforces.com/problemset/problem/340/B,Maximal Area Quadrilateral,Codeforces
http://codeforces.com/problemset/problem/55/B,Smallest number,Codeforces
http://codeforces.com/problemset/problem/65/B,Harry Potter and the History of Magic,Codeforces
https://icpcarchive.ecs.baylor.edu/index.php?option=onlinejudge&page=show_problem&problem=3364,Decode,Live Archive
http://codeforces.com/problemset/problem/36/B,Fractal,Codeforces
http://codeforces.com/problemset/problem/15/B,Laser,Codeforces
http://codeforces.com/problemset/problem/393/B,Three matrices,Codeforces
http://codeforces.com/problemset/problem/35/B,Warehouse,Codeforces
http://codeforces.com/problemset/problem/390/B,Inna, Dima and Song,Codeforces
http://codeforces.com/problemset/problem/30/B,Codeforces World Finals,Codeforces
http://codeforces.com/problemset/problem/53/B,Blog Photo,Codeforces
http://codeforces.com/problemset/problem/40/B,Repaintings,Codeforces
http://codeforces.com/problemset/problem/51/B,bHTML Tables Analisys,Codeforces
http://codeforces.com/problemset/problem/57/B,Martian Architecture,Codeforces
http://codeforces.com/problemset/problem/105/B,Dark Assembly,Codeforces
http://codeforces.com/problemset/problem/524/E,Rooks and Rectangles,Codeforces
http://codeforces.com/problemset/problem/119/B,Before Exam,Codeforces
http://codeforces.com/problemset/problem/397/B,On Corruption and Numbers,Codeforces
http://codeforces.com/problemset/problem/21/B,Intersection,Codeforces
http://codeforces.com/problemset/problem/37/B,Computer Game,Codeforces
http://codeforces.com/problemset/problem/202/B,Brand New Easy Problem,Codeforces
http://codeforces.com/problemset/problem/296/B,Yaroslav and Two Strings,Codeforces
http://codeforces.com/problemset/problem/42/B,Game of chess unfinished,Codeforces
http://codeforces.com/problemset/problem/54/B,Cutting Jigsaw Puzzle,Codeforces
http://codeforces.com/problemset/problem/199/B,Special Olympics,Codeforces
http://codeforces.com/problemset/problem/13/B,Letter A,Codeforces
http://codeforces.com/problemset/problem/73/B,Need For Brake,Codeforces
http://codeforces.com/problemset/problem/394/B,Very Beautiful Number,Codeforces
http://codeforces.com/problemset/problem/180/B,Divisibility Rules,Codeforces
p?ID=29,Fence,A2 Online Judge
