link,name,judge
http://codeforces.com/problemset/problem/527/A,Playing with Paper,Codeforces
http://codeforces.com/problemset/problem/80/A,Panoramix's Prediction,Codeforces
http://codeforces.com/problemset/problem/780/A,Andryusha and Socks,Codeforces
http://codeforces.com/problemset/problem/214/A,System of Equations,Codeforces
http://codeforces.com/problemset/problem/166/E,Tetrahedron,Codeforces
http://codeforces.com/problemset/problem/520/B,Two Buttons,Codeforces
http://codeforces.com/problemset/problem/401/A,Vanya and Cards,Codeforces
http://codeforces.com/problemset/problem/681/A,A Good Contest,Codeforces
http://codeforces.com/problemset/problem/6/A,Triangle,Codeforces
http://codeforces.com/problemset/problem/811/A,Vladik and Courtesy,Codeforces
http://codeforces.com/problemset/problem/349/A,Cinema Line,Codeforces
http://codeforces.com/problemset/problem/330/A,Cakeminator,Codeforces
http://codeforces.com/problemset/problem/445/A,DZY Loves Chessboard,Codeforces
http://codeforces.com/problemset/problem/548/A,Mike and Fax,Codeforces
http://codeforces.com/problemset/problem/706/A,Beru-taxi,Codeforces
http://codeforces.com/problemset/problem/478/A,Initial Bet,Codeforces
http://codeforces.com/problemset/problem/59/A,Word,Codeforces
http://codeforces.com/problemset/problem/462/A,Appleman and Easy Task,Codeforces
http://codeforces.com/problemset/problem/584/A,Olesya and Rodion,Codeforces
p?ID=6,Balloons Colors,A2 Online Judge
http://codeforces.com/problemset/problem/151/A,Soft Drinking,Codeforces
http://codeforces.com/problemset/problem/276/A,Lunch Rush,Codeforces
http://codeforces.com/problemset/problem/732/A,Buy a Shovel,Codeforces
http://codeforces.com/problemset/problem/602/A,Two Bases,Codeforces
http://codeforces.com/problemset/problem/757/A,Gotta Catch Em' All!,Codeforces
http://codeforces.com/problemset/problem/922/A,Cloning Toys,Codeforces
http://codeforces.com/problemset/problem/294/A,Shaass and Oskols,Codeforces
http://codeforces.com/problemset/problem/876/A,Trip For Meal,Codeforces
http://codeforces.com/problemset/problem/275/A,Lights Out,Codeforces
http://codeforces.com/problemset/problem/514/A,Chewba?ca and Number,Codeforces
http://codeforces.com/problemset/problem/629/A,Far Relative’s Birthday Cake,Codeforces
http://codeforces.com/problemset/problem/435/A,Queue on Bus Stop,Codeforces
http://codeforces.com/problemset/problem/697/A,Pineapple Incident,Codeforces
http://codeforces.com/problemset/problem/672/A,Summer Camp,Codeforces
http://codeforces.com/problemset/problem/1/A,Theatre Square,Codeforces
http://codeforces.com/problemset/problem/789/A,Anastasia and pebbles,Codeforces
http://codeforces.com/problemset/problem/219/A,k-String,Codeforces
http://codeforces.com/problemset/problem/339/A,Helpful Maths,Codeforces
https://uva.onlinejudge.org/index.php?option=onlinejudge&page=show_problem&problem=136,Rare Order,UVA
http://codeforces.com/problemset/problem/41/A,Translation,Codeforces
http://codeforces.com/problemset/problem/554/A,Kyoya and Photobooks,Codeforces
http://codeforces.com/problemset/problem/714/A,Meeting of Old Friends,Codeforces
http://codeforces.com/problemset/problem/124/A,The number of positions,Codeforces
http://codeforces.com/problemset/problem/839/A,Arya and Bran,Codeforces
http://codeforces.com/problemset/problem/233/A,Perfect Permutation,Codeforces
http://codeforces.com/problemset/problem/469/A,I Wanna Be the Guy,Codeforces
http://codeforces.com/problemset/problem/1041/A,Heist,Codeforces
http://codeforces.com/problemset/problem/451/A,Game With Sticks,Codeforces
http://codeforces.com/problemset/problem/577/A,Multiplication Table,Codeforces
http://codeforces.com/problemset/problem/266/A,Stones on the Table,Codeforces
http://codeforces.com/problemset/problem/384/A,Coder,Codeforces
http://codeforces.com/problemset/problem/486/A,Calculating Function,Codeforces
http://codeforces.com/problemset/problem/615/A,Bulbs,Codeforces
http://codeforces.com/problemset/problem/746/A,Compote,Codeforces
http://codeforces.com/problemset/problem/160/A,Twins,Codeforces
http://codeforces.com/problemset/problem/282/A,Bit++,Codeforces
http://codeforces.com/problemset/problem/734/A,Anton and Danik,Codeforces
http://codeforces.com/problemset/problem/816/A,Karen and Morning,Codeforces
http://codeforces.com/problemset/problem/501/A,Contest,Codeforces
http://codeforces.com/problemset/problem/664/A,Complicated GCD,Codeforces
http://codeforces.com/problemset/problem/779/A,Pupils Redistribution,Codeforces
http://codeforces.com/problemset/problem/208/A,Dubstep,Codeforces
http://codeforces.com/problemset/problem/758/A,Holiday Of Equality,Codeforces
https://icpcarchive.ecs.baylor.edu/index.php?option=onlinejudge&page=show_problem&problem=1918,Tiling a Grid With Dominoes,Live Archive
http://codeforces.com/problemset/problem/427/A,Police Recruits,Codeforces
http://codeforces.com/problemset/problem/26/A,Almost Prime,Codeforces
http://codeforces.com/problemset/problem/520/A,Pangram,Codeforces
http://www.spoj.com/problems/ACMAKER/,ACM (ACronymMaker),SPOJ
http://codeforces.com/problemset/problem/327/A,Flipping Game,Codeforces
http://codeforces.com/problemset/problem/443/A,Anton and Letters,Codeforces
http://codeforces.com/problemset/problem/567/A,Lineland Mail,Codeforces
http://codeforces.com/problemset/problem/136/A,Presents,Codeforces
http://codeforces.com/problemset/problem/546/A,Soldier and Bananas,Codeforces
http://codeforces.com/problemset/problem/705/A,Hulk,Codeforces
http://codeforces.com/problemset/problem/116/A,Tram,Codeforces
http://codeforces.com/problemset/problem/680/A,Bear and Five Cards,Codeforces
http://codeforces.com/problemset/problem/58/A,Chat room,Codeforces
http://codeforces.com/problemset/problem/460/A,Vasya and Socks,Codeforces
http://codeforces.com/problemset/problem/583/A,Asphalting Roads,Codeforces
http://codeforces.com/problemset/problem/742/A,Arpa’s hard exam and Mehrdad’s naive cheat,Codeforces
http://codeforces.com/problemset/problem/149/A,Business trip,Codeforces
http://codeforces.com/problemset/problem/723/A,The New Year: Meeting Friends,Codeforces
http://codeforces.com/problemset/problem/133/A,HQ9+,Codeforces
http://codeforces.com/problemset/problem/831/A,Unimodal Array,Codeforces
http://codeforces.com/problemset/problem/476/A,Dreamoon and Stairs,Codeforces
https://uva.onlinejudge.org/index.php?option=onlinejudge&page=show_problem&problem=976,Primary Arithmetic,UVA
http://www.codechef.com/problems/PPERM,Prime Permutations,CodeChef
http://codeforces.com/problemset/problem/272/A,Dima and Friends,Codeforces
http://codeforces.com/problemset/problem/510/A,Fox And Snake,Codeforces
http://codeforces.com/problemset/problem/492/A,Vanya and Cubes,Codeforces
http://codeforces.com/problemset/problem/69/A,Young Physicist,Codeforces
http://codeforces.com/problemset/problem/199/A,Hexadecimal's theorem,Codeforces
http://codeforces.com/problemset/problem/599/A,Patrick and Shopping,Codeforces
http://codeforces.com/problemset/problem/898/A,Rounding,Codeforces
http://codeforces.com/problemset/problem/405/A,Gravity Flip,Codeforces
http://codeforces.com/problemset/problem/535/A,Tavas and Nafas,Codeforces
http://codeforces.com/problemset/problem/84/A,Toy Army,Codeforces
http://codeforces.com/problemset/problem/787/A,The Monster,Codeforces
http://codeforces.com/problemset/problem/337/A,Puzzles,Codeforces
http://codeforces.com/problemset/problem/313/A,Ilya and Bank Account,Codeforces
http://codeforces.com/problemset/problem/552/A,Vanya and Table,Codeforces
http://codeforces.com/problemset/problem/712/A,Memory and Crow,Codeforces
http://codeforces.com/problemset/problem/122/A,Lucky Division,Codeforces
http://codeforces.com/problemset/problem/841/A,Generous Kefa,Codeforces
http://codeforces.com/problemset/problem/9/A,Die Roll,Codeforces
http://codeforces.com/problemset/problem/231/A,Team,Codeforces
http://codeforces.com/problemset/problem/353/A,Domino,Codeforces
http://codeforces.com/problemset/problem/467/A,George and Accommodation,Codeforces
http://codeforces.com/problemset/problem/609/A,USB Flash Drives,Codeforces
http://codeforces.com/problemset/problem/450/A,Jzzhu and Children,Codeforces
http://codeforces.com/problemset/problem/574/A,Bear and Elections,Codeforces
http://codeforces.com/problemset/problem/141/A,Amusing Joke,Codeforces
http://codeforces.com/problemset/problem/610/A,Pasha and Stick,Codeforces
http://codeforces.com/problemset/problem/591/A,Wizards' Duel,Codeforces
http://codeforces.com/problemset/problem/281/A,Word Capitalization,Codeforces
http://codeforces.com/problemset/problem/1/B,Spreadsheet,Codeforces
http://codeforces.com/problemset/problem/265/A,Colorful Stones (Simplified Edition),Codeforces
http://codeforces.com/problemset/problem/96/A,Football,Codeforces
http://codeforces.com/problemset/problem/499/A,Watching a movie,Codeforces
http://codeforces.com/problemset/problem/659/A,Round House,Codeforces
http://codeforces.com/problemset/problem/75/A,Life Without Zeros,Codeforces
http://codeforces.com/problemset/problem/777/A,Shell Game,Codeforces
http://codeforces.com/problemset/problem/189/A,Cut Ribbon,Codeforces
https://icpcarchive.ecs.baylor.edu/index.php?option=onlinejudge&page=show_problem&problem=2717,Relational Operators,Live Archive
http://codeforces.com/problemset/problem/300/A,Array,Codeforces
http://codeforces.com/problemset/problem/869/A,The Artful Expedient,Codeforces
http://codeforces.com/problemset/problem/25/A,IQ test,Codeforces
http://codeforces.com/problemset/problem/519/A,A and B and Chess,Codeforces
http://codeforces.com/problemset/problem/224/A,Parallelepiped,Codeforces
http://codeforces.com/problemset/problem/344/A,Magnets,Codeforces
http://codeforces.com/problemset/problem/776/A,A Serial Killer,Codeforces
http://codeforces.com/problemset/problem/441/A,Valera and Antique Items,Codeforces
http://codeforces.com/problemset/problem/560/A,Currency System in Geraldion,Codeforces
http://codeforces.com/problemset/problem/34/A,Reconnaissance 2,Codeforces
http://codeforces.com/problemset/problem/545/A,Toy Cars,Codeforces
http://codeforces.com/problemset/problem/703/A,Mishka and Game,Codeforces
http://codeforces.com/problemset/problem/114/A,Cifera,Codeforces
http://codeforces.com/problemset/problem/677/A,Vanya and Fence,Codeforces
http://codeforces.com/problemset/problem/4/A,Watermelon,Codeforces
http://codeforces.com/problemset/problem/459/A,Pashmak and Garden,Codeforces
http://codeforces.com/problemset/problem/581/A,Vasya the Hipster,Codeforces
http://codeforces.com/problemset/problem/735/A,Ostap and Grasshopper,Codeforces
http://codeforces.com/problemset/problem/148/A,Insomnia cure,Codeforces
http://codeforces.com/problemset/problem/721/A,One-dimensional Japanese Crossword,Codeforces
http://codeforces.com/problemset/problem/131/A,cAPS lOCK,Codeforces
http://codeforces.com/problemset/problem/832/A,Sasha and Sticks,Codeforces
http://codeforces.com/problemset/problem/474/A,Keyboard,Codeforces
http://codeforces.com/problemset/problem/864/A,Fair Game,Codeforces
http://codeforces.com/problemset/problem/271/A,Beautiful Year,Codeforces
http://codeforces.com/problemset/problem/389/A,Fox and Number Game,Codeforces
http://codeforces.com/problemset/problem/509/A,Maximum in Table,Codeforces
http://codeforces.com/problemset/problem/490/A,Team Olympiad,Codeforces
http://codeforces.com/problemset/problem/621/A,Wet Shark and Odd and Even,Codeforces
http://codeforces.com/problemset/problem/404/A,Valera and X,Codeforces
http://codeforces.com/problemset/problem/534/A,Exam,Codeforces
http://codeforces.com/problemset/problem/688/A,Opponents,Codeforces
http://codeforces.com/problemset/problem/670/A,Holidays,Codeforces
http://codeforces.com/problemset/problem/791/A,Bear and Big Brother,Codeforces
http://codeforces.com/problemset/problem/764/A,Taymyr is calling you,Codeforces
http://codeforces.com/problemset/problem/431/A,Black Square,Codeforces
http://codeforces.com/problemset/problem/711/A,Bus to Udayland,Codeforces
http://codeforces.com/problemset/problem/119/A,Epic Game,Codeforces
http://codeforces.com/problemset/problem/686/A,Free Ice Cream,Codeforces
http://codeforces.com/problemset/problem/230/A,Dragons,Codeforces
http://codeforces.com/problemset/problem/352/A,Jeff and Digits,Codeforces
http://codeforces.com/problemset/problem/466/A,Cheap Travel,Codeforces
http://codeforces.com/problemset/problem/702/A,Maximum Increase,Codeforces
http://codeforces.com/problemset/problem/448/A,Rewards,Codeforces
http://codeforces.com/problemset/problem/572/A,Arrays,Codeforces
http://codeforces.com/problemset/problem/38/A,Army,Codeforces
http://codeforces.com/problemset/problem/551/A,GukiZ and Contest,Codeforces
http://codeforces.com/problemset/problem/483/A,Counterexample ,Codeforces
http://codeforces.com/problemset/problem/61/A,Ultra-Fast Mathematician,Codeforces
http://codeforces.com/problemset/problem/588/A,Duff and Meat,Codeforces
http://codeforces.com/problemset/problem/749/A,Bachgold Problem,Codeforces
http://codeforces.com/problemset/problem/50/A,Domino piling,Codeforces
http://codeforces.com/problemset/problem/155/A,I_love_\%username\%,Codeforces
http://codeforces.com/problemset/problem/733/A,Grasshopper And the String,Codeforces
http://codeforces.com/problemset/problem/263/A,Beautiful Matrix,Codeforces
http://codeforces.com/problemset/problem/381/A,Sereja and Dima,Codeforces
http://codeforces.com/problemset/problem/651/A,Joysticks,Codeforces
http://codeforces.com/problemset/problem/761/A,Dasha and Stairs,Codeforces
http://codeforces.com/problemset/problem/939/A,Love Triangle,Codeforces
http://codeforces.com/problemset/problem/496/A,Minimum Difficulty,Codeforces
http://codeforces.com/problemset/problem/768/A,Oath of the Night's Watch,Codeforces
http://codeforces.com/problemset/problem/570/B,Simple Game,Codeforces
http://codeforces.com/problemset/problem/320/A,Magic Numbers,Codeforces
http://codeforces.com/problemset/problem/439/A,Devu, the Singer and Churu, the Joker,Codeforces
http://codeforces.com/problemset/problem/558/A,Lala Land and Apple Trees,Codeforces
http://codeforces.com/problemset/problem/701/A,Cards,Codeforces
http://codeforces.com/problemset/problem/112/A,Petya and Strings,Codeforces
http://codeforces.com/problemset/problem/237/A,Free Cash,Codeforces
http://codeforces.com/problemset/problem/676/A,Nicholas and Permutation,Codeforces
http://codeforces.com/problemset/problem/3/A,Shortest path of the king,Codeforces
p?ID=159,Nth Smallest Value,A2 Online Judge
http://codeforces.com/problemset/problem/580/A,Kefa and First Steps,Codeforces
http://codeforces.com/problemset/problem/43/A,Football,Codeforces
http://codeforces.com/problemset/problem/146/A,Lucky Ticket,Codeforces
http://codeforces.com/problemset/problem/557/A,Ilya and Diplomas,Codeforces
http://codeforces.com/problemset/problem/719/A,Vitya in the Countryside,Codeforces
http://codeforces.com/problemset/problem/129/A,Cookies,Codeforces
http://codeforces.com/problemset/problem/834/A,The Useless Toy,Codeforces
http://codeforces.com/problemset/problem/255/A,Greg's Workout,Codeforces
http://codeforces.com/problemset/problem/798/A,Mike and palindrome,Codeforces
http://codeforces.com/problemset/problem/472/A,Design Tutorial: Learn from Math,Codeforces
http://codeforces.com/problemset/problem/456/A,Laptops,Codeforces
http://codeforces.com/problemset/problem/285/A,Slightly Decreasing Permutations,Codeforces
http://codeforces.com/problemset/problem/270/A,Fancy Fence,Codeforces
http://codeforces.com/problemset/problem/488/A,Giga Tower,Codeforces
http://codeforces.com/problemset/problem/617/A,Elephant,Codeforces
http://codeforces.com/problemset/problem/595/A,Vitaly and Night,Codeforces
http://codeforces.com/problemset/problem/743/A,Vladik and flights,Codeforces
http://codeforces.com/problemset/problem/525/A,Vitaliy and Pie,Codeforces
http://codeforces.com/problemset/problem/507/A,Amr and Music,Codeforces
http://codeforces.com/problemset/problem/785/A,Anton and Polyhedrons,Codeforces
http://codeforces.com/problemset/problem/334/A,Candy Bags,Codeforces
http://codeforces.com/problemset/problem/766/A,Mahmoud and Longest Uncommon Subsequence,Codeforces
http://codeforces.com/problemset/problem/432/A,Choosing Teams,Codeforces
http://codeforces.com/problemset/problem/118/A,String Task,Codeforces
http://codeforces.com/problemset/problem/682/A,Alyona and Numbers,Codeforces
http://codeforces.com/problemset/problem/228/A,Is your horseshoe on the other hoof?,Codeforces
http://codeforces.com/problemset/problem/350/A,TL,Codeforces
http://codeforces.com/problemset/problem/465/A,inc ARG,Codeforces
http://codeforces.com/problemset/problem/570/A,Elections,Codeforces
http://codeforces.com/problemset/problem/37/A,Towers,Codeforces
http://codeforces.com/problemset/problem/139/A,Petr and Book,Codeforces
http://codeforces.com/problemset/problem/550/A,Two Substrings,Codeforces
http://codeforces.com/problemset/problem/707/A,Brain's Photos,Codeforces
http://codeforces.com/problemset/problem/479/A,Expression,Codeforces
http://codeforces.com/problemset/problem/463/A,Caisa and Sugar,Codeforces
http://codeforces.com/problemset/problem/586/A,Alena's Schedule,Codeforces
http://codeforces.com/problemset/problem/152/A,Marks,Codeforces
http://codeforces.com/problemset/problem/278/A,Circle Line,Codeforces
http://codeforces.com/problemset/problem/731/A,Night at the Museum,Codeforces
http://codeforces.com/problemset/problem/822/A,I'm bored with life,Codeforces
http://codeforces.com/problemset/problem/262/A,Roma and Lucky Numbers,Codeforces
http://codeforces.com/problemset/problem/378/A,Playing with Dice,Codeforces
http://codeforces.com/problemset/problem/489/C,Given Length and Sum of Digits...,Codeforces
http://codeforces.com/problemset/problem/71/A,Way Too Long Words,Codeforces
http://codeforces.com/problemset/problem/604/A,Uncowed Forces,Codeforces
http://codeforces.com/problemset/problem/916/A,Jamie and Alarm Snooze,Codeforces
http://codeforces.com/problemset/problem/870/A,Search for Pretty Integers,Codeforces
http://codeforces.com/problemset/problem/515/A,Drazil and Date,Codeforces
http://codeforces.com/problemset/problem/92/A,Chips,Codeforces
http://codeforces.com/problemset/problem/318/A,Even Odds,Codeforces
http://codeforces.com/problemset/problem/540/A,Combination Lock,Codeforces
http://codeforces.com/problemset/problem/699/A,Launch of Collider,Codeforces
http://codeforces.com/problemset/problem/110/A,Nearly Lucky Number,Codeforces
http://codeforces.com/problemset/problem/236/A,Boy or Girl,Codeforces
http://codeforces.com/problemset/problem/675/A,Infinite Sequence,Codeforces
http://codeforces.com/problemset/problem/2/A,Winner,Codeforces
http://codeforces.com/problemset/problem/796/A,Buying A House,Codeforces
http://codeforces.com/problemset/problem/767/A,Snacktower,Codeforces
http://codeforces.com/problemset/problem/144/A,Arrival of the General,Codeforces
http://codeforces.com/problemset/problem/556/A,Case of the Zeros and Ones,Codeforces
http://codeforces.com/problemset/problem/716/A,Crazy Computer,Codeforces
http://codeforces.com/problemset/problem/835/A,Key races,Codeforces
http://codeforces.com/problemset/problem/805/A,Fake NP,Codeforces
http://codeforces.com/problemset/problem/471/A,MUH and Sticks,Codeforces
http://codeforces.com/problemset/problem/454/A,Little Pony and Crystal Mine,Codeforces
http://codeforces.com/problemset/problem/579/A,Raising Bacteria,Codeforces
http://codeforces.com/problemset/problem/814/A,An abandoned sentiment from past,Codeforces
http://codeforces.com/problemset/problem/268/A,Games,Codeforces
http://codeforces.com/problemset/problem/385/A,Bear and Raspberry,Codeforces
http://codeforces.com/problemset/problem/369/A,Valera and Plates,Codeforces
http://codeforces.com/problemset/problem/745/A,Hongcow Learns the Cyclic Shift,Codeforces
http://codeforces.com/problemset/problem/165/A,Supercentral Point,Codeforces
http://codeforces.com/problemset/problem/505/A,Mr. Kitayuta's Gift,Codeforces
http://codeforces.com/problemset/problem/669/A,Little Artem and Presents,Codeforces
http://codeforces.com/problemset/problem/27/A,Next Test,Codeforces
http://codeforces.com/problemset/problem/828/A,Restaurant Tables,Codeforces
http://codeforces.com/problemset/problem/376/A,Lever,Codeforces
http://codeforces.com/problemset/problem/363/A,Soroban,Codeforces
http://codeforces.com/problemset/problem/493/A,Vasya and Football,Codeforces
http://codeforces.com/problemset/problem/408/A,Line to Cashier,Codeforces
http://codeforces.com/problemset/problem/538/A,Cutting Banner,Codeforces
http://codeforces.com/problemset/problem/108/A,Palindromic Times,Codeforces
http://codeforces.com/problemset/problem/765/A,Neverending competitions,Codeforces
http://codeforces.com/problemset/problem/143/A,Help Vasilisa the Wise 2,Codeforces
http://codeforces.com/problemset/problem/253/A,Boys and Girls,Codeforces
http://codeforces.com/problemset/problem/807/A,Is it rated?,Codeforces
http://codeforces.com/problemset/problem/355/A,Vasya and Digital Root,Codeforces
http://codeforces.com/problemset/problem/368/A,Sereja and Coat Rack,Codeforces
http://codeforces.com/problemset/problem/63/A,Sinking Ship,Codeforces
http://codeforces.com/problemset/problem/592/A,PawnChess,Codeforces
http://codeforces.com/problemset/problem/302/A,Eugeny and Array,Codeforces
http://codeforces.com/problemset/problem/868/A,Bark to Unlock,Codeforces
http://codeforces.com/problemset/problem/400/A,Inna and Choose Options,Codeforces
http://codeforces.com/problemset/problem/812/A,Sagheer and Crossroads,Codeforces
http://codeforces.com/problemset/problem/347/A,Difference Row,Codeforces
http://codeforces.com/problemset/problem/5/A,Chat Servers Outgoing Traffic,Codeforces
http://codeforces.com/problemset/problem/47/A,Triangular numbers,Codeforces
http://codeforces.com/problemset/problem/260/A,Adding Digits,Codeforces
http://codeforces.com/problemset/problem/361/A,Levko and Table,Codeforces
http://codeforces.com/problemset/problem/251/A,Points on Line,Codeforces
http://codeforces.com/problemset/problem/433/A,Kitahara Haruki's Gift,Codeforces
http://codeforces.com/problemset/problem/673/A,Bear and Game,Codeforces
https://icpcarchive.ecs.baylor.edu/index.php?option=onlinejudge&page=show_problem&problem=1401,Book Replacement,Live Archive
http://codeforces.com/problemset/problem/799/A,Carrot Cakes,Codeforces
http://codeforces.com/problemset/problem/382/A,Ksenia and Pan Scales,Codeforces
http://codeforces.com/problemset/problem/845/A,Chess Tourney,Codeforces
http://codeforces.com/problemset/problem/485/A,Factory,Codeforces
http://codeforces.com/problemset/problem/747/A,Display Size,Codeforces
http://codeforces.com/problemset/problem/157/A,Game Outcome,Codeforces
http://codeforces.com/problemset/problem/821/A,Okabe and Future Gadget Laboratory,Codeforces
http://codeforces.com/problemset/problem/205/A,Little Elephant and Rozdil,Codeforces
http://codeforces.com/problemset/problem/760/A,Petr and a calendar,Codeforces
http://codeforces.com/problemset/problem/426/A,Sereja and Mugs,Codeforces
http://codeforces.com/problemset/problem/322/A,Ciel and Dancing,Codeforces
http://codeforces.com/problemset/problem/239/A,Two Bags of Potatoes,Codeforces
http://codeforces.com/problemset/problem/259/A,Little Elephant and Chess,Codeforces
http://codeforces.com/problemset/problem/373/A,Collecting Beats is Fun,Codeforces
http://codeforces.com/problemset/problem/801/A,Vicious Keyboard,Codeforces
http://codeforces.com/problemset/problem/359/A,Table,Codeforces
http://codeforces.com/problemset/problem/168/A,Wizards and Demonstration,Codeforces
http://codeforces.com/problemset/problem/287/A,IQ Test,Codeforces
http://codeforces.com/problemset/problem/740/B,Alyona and flowers,Codeforces
http://codeforces.com/problemset/problem/22/A,Second Order Statistics,Codeforces
http://codeforces.com/problemset/problem/596/A,Wilbur and Swimming Pool,Codeforces
http://codeforces.com/problemset/problem/748/A,Santa Claus and a Place in a Class,Codeforces
http://codeforces.com/problemset/problem/336/A,Vasily the Bear and Triangle,Codeforces
http://codeforces.com/problemset/problem/893/A,Chess For Three,Codeforces
http://codeforces.com/problemset/problem/248/A,Cupboards,Codeforces
http://codeforces.com/problemset/problem/794/A,Bank Robbery,Codeforces
http://codeforces.com/problemset/problem/365/A,Good Number,Codeforces
http://codeforces.com/problemset/problem/608/A,Saitama Destroys Hotel,Codeforces
http://codeforces.com/problemset/problem/820/A,Mister B and Book Reading,Codeforces
http://codeforces.com/problemset/problem/606/A,Magic Spheres,Codeforces
http://codeforces.com/problemset/problem/186/A,Comparing Strings,Codeforces
http://codeforces.com/problemset/problem/424/A,Squats,Codeforces
http://codeforces.com/problemset/problem/873/A,Chores,Codeforces
http://codeforces.com/problemset/problem/518/A,Vitaly and Strings,Codeforces
http://codeforces.com/problemset/problem/94/A,Restoring Password,Codeforces
http://codeforces.com/problemset/problem/342/A,Xenia and Divisors,Codeforces
http://codeforces.com/problemset/problem/544/A,Set of Strings,Codeforces
http://codeforces.com/problemset/problem/222/A,Shooshuns and Sequence ,Codeforces
http://codeforces.com/problemset/problem/358/A,Dima and Continuous Line,Codeforces
http://codeforces.com/problemset/problem/740/A,Alyona and copybooks,Codeforces
http://codeforces.com/problemset/problem/387/A,George and Sleep,Codeforces
http://codeforces.com/problemset/problem/508/A,Pasha and Pixels,Codeforces
http://codeforces.com/problemset/problem/166/A,Rank List,Codeforces
http://codeforces.com/problemset/problem/104/A,Blackjack,Codeforces
http://codeforces.com/problemset/problem/667/A,Pouring Rain,Codeforces
http://codeforces.com/problemset/problem/215/A,Bicycle Chain,Codeforces
http://codeforces.com/problemset/problem/246/A,Buggy Sorting,Codeforces
http://codeforces.com/problemset/problem/810/A,Straight <<A>>,Codeforces
http://codeforces.com/problemset/problem/447/A,DZY Loves Hash,Codeforces
http://www.spoj.com/problems/FENTREE/,Fenwick Trees,SPOJ
http://codeforces.com/problemset/problem/16/A,Flag,Codeforces
http://codeforces.com/problemset/problem/754/A,Lesha and array splitting,Codeforces
http://codeforces.com/problemset/problem/296/A,Yaroslav and Permutations,Codeforces
http://codeforces.com/problemset/problem/495/A,Digital Counter,Codeforces
http://codeforces.com/problemset/problem/631/A,Interview,Codeforces
http://codeforces.com/problemset/problem/437/A,The Child and Homework,Codeforces
http://codeforces.com/problemset/problem/415/A,Mashmokh and Lights,Codeforces
http://codeforces.com/problemset/problem/221/A,Little Elephant and Function,Codeforces
http://codeforces.com/problemset/problem/340/A,The Wall,Codeforces
http://codeforces.com/problemset/problem/127/A,Wasted Time,Codeforces
http://codeforces.com/problemset/problem/357/A,Group of Students,Codeforces
http://codeforces.com/problemset/problem/489/A,SwapSort,Codeforces
http://codeforces.com/problemset/problem/614/A,Link/Cut Tree,Codeforces
http://codeforces.com/problemset/problem/593/A,2Char,Codeforces
http://codeforces.com/problemset/problem/729/A,Interview with Oleg,Codeforces
http://codeforces.com/problemset/problem/332/A,Down the Hatch!,Codeforces
http://codeforces.com/problemset/problem/304/A,Pythagorean Theorem II,Codeforces
http://codeforces.com/problemset/problem/244/A,Dividing Orange,Codeforces
http://codeforces.com/problemset/problem/569/A,Music,Codeforces
http://codeforces.com/problemset/problem/137/A,Postcards and photos,Codeforces
http://codeforces.com/problemset/problem/257/A,Sockets,Codeforces
http://codeforces.com/problemset/problem/315/A,Sereja and Bottles,Codeforces
http://codeforces.com/problemset/problem/31/A,Worms Evolution,Codeforces
http://codeforces.com/problemset/problem/192/A,Funky Numbers,Codeforces
http://codeforces.com/problemset/problem/99/A,Help Far Away Kingdom,Codeforces
http://codeforces.com/problemset/problem/74/A,Room Leader,Codeforces
http://codeforces.com/problemset/problem/190/A,Vasya and the Bus,Codeforces
http://codeforces.com/problemset/problem/225/A,Dice Tower,Codeforces
http://codeforces.com/problemset/problem/242/A,Heads or Tails,Codeforces
http://codeforces.com/problemset/problem/14/A,Letter,Codeforces
http://codeforces.com/problemset/problem/289/A,Polo the Penguin and Segments ,Codeforces
http://codeforces.com/problemset/problem/625/A,Guest From the Past,Codeforces
http://codeforces.com/problemset/problem/689/A,Mike and Cellphone,Codeforces
http://codeforces.com/problemset/problem/106/A,Card Game,Codeforces
http://codeforces.com/problemset/problem/224/B,Array,Codeforces
http://codeforces.com/problemset/problem/252/A,Little Xor,Codeforces
http://codeforces.com/problemset/problem/366/A,Dima and Guards,Codeforces
http://www.spoj.com/problems/WMELON/,Johnny and the Watermelon Plantation,SPOJ
http://codeforces.com/problemset/problem/46/A,Ball Game,Codeforces
http://codeforces.com/problemset/problem/13/A,Numbers,Codeforces
http://codeforces.com/problemset/problem/216/A,Tiling with Hexagons,Codeforces
http://codeforces.com/problemset/problem/312/A,Whose sentence is it?,Codeforces
http://codeforces.com/problemset/problem/140/A,New Year Table,Codeforces
http://codeforces.com/problemset/problem/279/A,Point on Spiral,Codeforces
http://codeforces.com/problemset/problem/17/A,Noldbach problem,Codeforces
http://codeforces.com/problemset/problem/203/A,Two Problems,Codeforces
http://codeforces.com/problemset/problem/298/A,Snow Footprints,Codeforces
http://codeforces.com/problemset/problem/12/A,Super Agent,Codeforces
http://codeforces.com/problemset/problem/371/A,K-Periodic Array,Codeforces
http://codeforces.com/problemset/problem/56/A,Bar,Codeforces
http://codeforces.com/problemset/problem/66/A,Petya and Java,Codeforces
http://codeforces.com/problemset/problem/195/A,Let's Watch Football,Codeforces
http://codeforces.com/problemset/problem/402/A,Nuts,Codeforces
http://codeforces.com/problemset/problem/78/A,Haiku,Codeforces
http://www.spoj.com/problems/MAP/,The Map,SPOJ
http://codeforces.com/problemset/problem/7/A,Kalevitch and Chess,Codeforces
http://codeforces.com/problemset/problem/49/A,Sleuth,Codeforces
http://codeforces.com/problemset/problem/202/A,LLPS,Codeforces
http://codeforces.com/problemset/problem/416/A,Guess a number!,Codeforces
http://codeforces.com/problemset/problem/32/A,Reconnaissance,Codeforces
http://codeforces.com/problemset/problem/254/A,Cards with Numbers,Codeforces
http://codeforces.com/problemset/problem/11/A,Increasing Sequence,Codeforces
http://codeforces.com/problemset/problem/370/A,Rook, Bishop and King,Codeforces
http://codeforces.com/problemset/problem/194/A,Exams,Codeforces
http://codeforces.com/problemset/problem/284/A,Cows and Primitive Roots,Codeforces
http://codeforces.com/problemset/problem/227/A,Where do I Turn?,Codeforces
http://codeforces.com/problemset/problem/24/A,Ring road,Codeforces
http://codeforces.com/problemset/problem/393/A,Nineteen,Codeforces
http://codeforces.com/problemset/problem/90/A,Cableway,Codeforces
http://codeforces.com/problemset/problem/70/A,Cookies,Codeforces
http://codeforces.com/problemset/problem/234/A,Lefthanders and Righthanders ,Codeforces
http://codeforces.com/problemset/problem/10/A,Power Consumption Calculation,Codeforces
http://codeforces.com/problemset/problem/35/A,Shell Game,Codeforces
http://codeforces.com/problemset/problem/23/A,You're Given a String...,Codeforces
http://codeforces.com/problemset/problem/88/A,Chord,Codeforces
http://codeforces.com/problemset/problem/218/A,Mountain Scenery,Codeforces
http://codeforces.com/problemset/problem/53/A,Autocomplete,Codeforces
http://codeforces.com/problemset/problem/18/A,Triangle,Codeforces
http://codeforces.com/problemset/problem/62/A,A Student's Dream,Codeforces
http://codeforces.com/problemset/problem/68/A,Irrational problem,Codeforces
http://codeforces.com/problemset/problem/197/A,Plate Game,Codeforces
http://codeforces.com/problemset/problem/29/A,Spit Problem,Codeforces
http://codeforces.com/problemset/problem/79/A,Bus Game,Codeforces
http://codeforces.com/problemset/problem/8/A,Train and Peter,Codeforces
p?ID=276,K-Palindrome,A2 Online Judge
http://codeforces.com/problemset/problem/305/A,Strange Addition,Codeforces
http://codeforces.com/problemset/problem/362/A,Two Semiknights Meet,Codeforces
http://codeforces.com/problemset/problem/60/A,Where Are My Flakes?,Codeforces
https://icpcarchive.ecs.baylor.edu/index.php?option=onlinejudge&page=show_problem&problem=221,Binary Search,Live Archive
http://codeforces.com/problemset/problem/20/A,BerOS file system,Codeforces
http://codeforces.com/problemset/problem/102/A,Clothes,Codeforces
http://codeforces.com/problemset/problem/430/A,Points and Segments (easy),Codeforces
http://codeforces.com/problemset/problem/930/B,Game with String,Codeforces
http://codeforces.com/problemset/problem/36/A,Extra-terrestrial Intelligence,Codeforces
http://codeforces.com/problemset/problem/117/A,Elevator,Codeforces
http://codeforces.com/problemset/problem/48/A,Rock-paper-scissors,Codeforces
http://codeforces.com/problemset/problem/15/A,Cottage Village,Codeforces
http://www.codechef.com/problems/DFSGRID,Chef and The Recursive Algorithm,CodeChef
http://codeforces.com/problemset/problem/19/A,World Football Cup,Codeforces
http://codeforces.com/problemset/problem/374/A,Inna and Pink Pony,Codeforces
http://codeforces.com/problemset/problem/802/M,April Fools' Problem (easy),Codeforces
http://codeforces.com/problemset/problem/175/A,Robot Bicorn Attack,Codeforces
http://codeforces.com/problemset/problem/390/A,Inna and Alarm Clock,Codeforces
http://codeforces.com/problemset/problem/30/A,Accounting,Codeforces
http://codeforces.com/problemset/problem/40/A,Find Color,Codeforces
http://codeforces.com/problemset/problem/399/A,Pages,Codeforces
http://codeforces.com/problemset/problem/57/A,Square Earth?,Codeforces
http://codeforces.com/problemset/problem/33/A,What is for dinner?,Codeforces
http://codeforces.com/problemset/problem/394/A,Counting Sticks,Codeforces
http://codeforces.com/problemset/problem/42/A,Guilty --- to the kitchen!,Codeforces
http://codeforces.com/problemset/problem/55/A,Flea travel,Codeforces
http://codeforces.com/problemset/problem/54/A,Presents,Codeforces
http://codeforces.com/problemset/problem/51/A,Cheaterius's Problem,Codeforces
http://codeforces.com/problemset/problem/105/A,Transmigration,Codeforces
http://codeforces.com/problemset/problem/73/A,The Elder Trolls IV: Oblivon,Codeforces
http://codeforces.com/problemset/problem/397/A,On Segment's Own Points,Codeforces
https://uva.onlinejudge.org/index.php?option=onlinejudge&page=show_problem&problem=2752,Grasshopper,UVA
http://codeforces.com/problemset/problem/65/A,Harry Potter and Three Spells,Codeforces
http://codeforces.com/problemset/problem/87/B,Vasya and Types,Codeforces
http://codeforces.com/problemset/problem/21/A,Jabber ID,Codeforces
http://codeforces.com/problemset/problem/28/A,Bender Problem,Codeforces
http://codeforces.com/problemset/problem/837/F,Prefix Sums,Codeforces
http://codeforces.com/problemset/problem/200/A,Cinema,Codeforces
http://codeforces.com/problemset/problem/180/A,Defragmentation,Codeforces
http://www.spoj.com/problems/AMRALAA/,Amr and Math,SPOJ
http://acm.tju.edu.cn/toj/showp3253.html,Watermelons,TJU
http://codeforces.com/problemset/problem/182/A,Battlefield,Codeforces
http://www.spoj.com/problems/BFSBFS/,bfs,SPOJ
