link,name,judge
http://codeforces.com/problemset/problem/545/D,Queue,Codeforces
http://codeforces.com/problemset/problem/474/D,Flowers,Codeforces
https://uva.onlinejudge.org/index.php?option=onlinejudge&page=show_problem&problem=1346,Longest Common Subsequence,UVA
http://codeforces.com/problemset/problem/414/B,Mashmokh and ACM,Codeforces
https://icpcarchive.ecs.baylor.edu/index.php?option=onlinejudge&page=show_problem&problem=3133,Coffee Central,Live Archive
http://codeforces.com/problemset/problem/166/E,Tetrahedron,Codeforces
http://codeforces.com/problemset/problem/339/D,Xenia and Bit Operations,Codeforces
http://codeforces.com/problemset/problem/208/D,Prizes, Prizes, more Prizes,Codeforces
http://codeforces.com/problemset/problem/546/D,Soldier and Number Game,Codeforces
http://codeforces.com/problemset/problem/559/B,Equivalent Strings,Codeforces
http://codeforces.com/problemset/problem/670/D2,Magic Powder - 2,Codeforces
http://codeforces.com/problemset/problem/778/A,String Game,Codeforces
http://codeforces.com/problemset/problem/343/B,Alternating Current,Codeforces
http://codeforces.com/problemset/problem/670/D1,Magic Powder - 1,Codeforces
http://codeforces.com/problemset/problem/448/D,Multiplication Table,Codeforces
http://codeforces.com/problemset/problem/804/B,Minimum number of steps,Codeforces
http://codeforces.com/problemset/problem/735/D,Taxes,Codeforces
http://codeforces.com/problemset/problem/118/D,Caesar's Legions,Codeforces
http://codeforces.com/problemset/problem/584/D,Dima and Lisa,Codeforces
http://codeforces.com/problemset/problem/493/D,Vasya and Chess,Codeforces
http://codeforces.com/problemset/problem/126/B,Password,Codeforces
http://codeforces.com/problemset/problem/442/B,Andrey and Problem,Codeforces
http://codeforces.com/problemset/problem/723/D,Lakes in Berland,Codeforces
http://codeforces.com/problemset/problem/573/B,Bear and Blocks,Codeforces
http://codeforces.com/problemset/problem/264/B,Good Sequences,Codeforces
http://codeforces.com/problemset/problem/484/B,Maximum Value,Codeforces
http://codeforces.com/problemset/problem/734/D,Anton and Chess,Codeforces
http://codeforces.com/problemset/problem/659/D,Bicycle Race,Codeforces
http://codeforces.com/problemset/problem/607/B,Zuma,Codeforces
http://codeforces.com/problemset/problem/519/D,A and B and Interesting Substrings,Codeforces
http://codeforces.com/problemset/problem/459/D,Pashmak and Parmida's problem,Codeforces
http://codeforces.com/problemset/problem/741/B,Arpa's weak amphitheater and Mehrdad's valuable Hoses,Codeforces
http://codeforces.com/problemset/problem/271/D,Good Substrings,Codeforces
http://codeforces.com/problemset/problem/777/D,Cloud of Hashtags,Codeforces
http://codeforces.com/problemset/problem/482/B,Interesting Array,Codeforces
http://codeforces.com/problemset/problem/733/D,Kostya the Sculptor,Codeforces
http://codeforces.com/problemset/problem/518/D,Ilya and Escalator,Codeforces
http://codeforces.com/problemset/problem/698/B,Fix a Tree,Codeforces
http://codeforces.com/problemset/problem/580/D,Kefa and Dishes,Codeforces
http://codeforces.com/problemset/problem/875/B,Sorting the Coins,Codeforces
http://codeforces.com/problemset/problem/269/B,Greenhouse Effect,Codeforces
http://codeforces.com/problemset/problem/864/D,Make a Permutation!,Codeforces
http://codeforces.com/problemset/problem/617/D,Polyline,Codeforces
http://codeforces.com/problemset/problem/706/D,Vasiliy's Multiset,Codeforces
http://codeforces.com/problemset/problem/246/D,Colorful Graph,Codeforces
http://codeforces.com/problemset/problem/479/D,Long Jumps,Codeforces
http://codeforces.com/problemset/problem/463/D,Gargari and Permutations,Codeforces
http://codeforces.com/problemset/problem/732/D,Exams,Codeforces
http://codeforces.com/problemset/problem/295/B,Greg and Graph,Codeforces
http://codeforces.com/problemset/problem/746/D,Green and Black Tea,Codeforces
http://codeforces.com/problemset/problem/276/D,Little Girl and Maximum XOR,Codeforces
http://codeforces.com/problemset/problem/340/D,Bubble Sort Graph,Codeforces
http://codeforces.com/problemset/problem/220/B,Little Elephant and Array,Codeforces
http://codeforces.com/problemset/problem/578/B,"Or" Game,Codeforces
http://codeforces.com/problemset/problem/489/D,Unbearable Controversy of Being,Codeforces
http://codeforces.com/problemset/problem/429/B,Working out,Codeforces
http://codeforces.com/problemset/problem/329/B,Biridian Forest,Codeforces
http://codeforces.com/problemset/problem/547/B,Mike and Feet,Codeforces
http://codeforces.com/problemset/problem/182/D,Common Divisors,Codeforces
http://codeforces.com/problemset/problem/407/B,Long Path,Codeforces
http://codeforces.com/problemset/problem/219/D,Choosing Capital for Treeland,Codeforces
http://codeforces.com/problemset/problem/939/D,Love Rescue,Codeforces
http://codeforces.com/problemset/problem/4/D,Mysterious Present,Codeforces
http://codeforces.com/problemset/problem/150/B,Quantity of Strings,Codeforces
http://codeforces.com/problemset/problem/772/B,Volatile Kite,Codeforces
http://codeforces.com/problemset/problem/476/D,Dreamoon and Sets,Codeforces
http://codeforces.com/problemset/problem/599/D,Spongebob and Squares,Codeforces
http://codeforces.com/problemset/problem/288/B,Polo the Penguin and Houses ,Codeforces
http://codeforces.com/problemset/problem/492/D,Vanya and Computer Game,Codeforces
http://codeforces.com/problemset/problem/405/D,Toy Sum,Codeforces
http://codeforces.com/problemset/problem/535/D,Tavas and Malekas,Codeforces
http://codeforces.com/problemset/problem/337/D,Book of Evil,Codeforces
http://codeforces.com/problemset/problem/552/D,Vanya and Triangles,Codeforces
http://codeforces.com/problemset/problem/711/D,Directed Roads,Codeforces
http://codeforces.com/problemset/problem/231/D,Magic Box,Codeforces
http://codeforces.com/problemset/problem/449/B,Jzzhu and Cities,Codeforces
http://codeforces.com/problemset/problem/204/B,Little Elephant and Cards,Codeforces
http://codeforces.com/problemset/problem/700/A,As Fast As Possible,Codeforces
http://codeforces.com/problemset/problem/581/D,Three Logos,Codeforces
http://codeforces.com/problemset/problem/359/D,Pair of Numbers,Codeforces
http://codeforces.com/problemset/problem/756/B,Travel Card,Codeforces
http://codeforces.com/problemset/problem/371/D,Vessels,Codeforces
http://codeforces.com/problemset/problem/229/B,Planets,Codeforces
http://codeforces.com/problemset/problem/822/D,My pretty girl Noora,Codeforces
http://codeforces.com/problemset/problem/743/D,Chloe and pleasant prizes,Codeforces
http://codeforces.com/problemset/problem/898/D,Alarm Clock,Codeforces
http://codeforces.com/problemset/problem/496/D,Tennis Game,Codeforces
http://codeforces.com/problemset/problem/34/D,Road Map,Codeforces
http://codeforces.com/problemset/problem/650/B,Image Preview,Codeforces
http://codeforces.com/problemset/problem/605/B,Lazy Student,Codeforces
http://codeforces.com/problemset/problem/297/B,Fish Weight,Codeforces
http://codeforces.com/problemset/problem/131/D,Subway,Codeforces
http://codeforces.com/problemset/problem/319/B,Psychos in a Line,Codeforces
http://codeforces.com/problemset/problem/439/D,Devu and his Brother,Codeforces
http://codeforces.com/problemset/problem/543/B,Destroying Roads,Codeforces
http://codeforces.com/problemset/problem/675/D,Tree Construction,Codeforces
http://codeforces.com/problemset/problem/148/D,Bag of mice,Codeforces
http://codeforces.com/problemset/problem/455/B,A Lot of Games,Codeforces
http://codeforces.com/problemset/problem/472/D,Design Tutorial: Inverse the Problem,Codeforces
http://codeforces.com/problemset/problem/761/D,Dasha and Very Difficult Problem,Codeforces
http://codeforces.com/problemset/problem/159/D,Palindrome pairs,Codeforces
http://codeforces.com/problemset/problem/776/D,The Door Problem,Codeforces
http://codeforces.com/problemset/problem/432/D,Prefixes and Suffixes,Codeforces
http://codeforces.com/problemset/problem/154/B,Colliders,Codeforces
http://codeforces.com/problemset/problem/25/D,Roads not only in Berland,Codeforces
http://codeforces.com/problemset/problem/446/B,DZY Loves Modification,Codeforces
http://codeforces.com/problemset/problem/570/D,Tree Requests,Codeforces
http://codeforces.com/problemset/problem/550/D,Regular Bridge,Codeforces
http://codeforces.com/problemset/problem/61/D,Eternal Victory,Codeforces
http://codeforces.com/problemset/problem/827/B,High Load,Codeforces
http://codeforces.com/problemset/problem/585/B,Phillip and Trains,Codeforces
http://codeforces.com/problemset/problem/111/B,Petya and Divisors,Codeforces
http://codeforces.com/problemset/problem/91/B,Queue,Codeforces
http://codeforces.com/problemset/problem/515/D,Drazil and Tiles,Codeforces
http://codeforces.com/problemset/problem/437/D,The Child and Zoo,Codeforces
http://codeforces.com/problemset/problem/540/D,Bad Luck Island,Codeforces
http://codeforces.com/problemset/problem/696/B,Puzzles,Codeforces
http://codeforces.com/problemset/problem/671/B,Robin Hood,Codeforces
http://codeforces.com/problemset/problem/453/B,Little Pony and Harmony Chest,Codeforces
http://codeforces.com/problemset/problem/555/B,Case of Fugitive,Codeforces
http://codeforces.com/problemset/problem/471/D,MUH and Cube Walls,Codeforces
http://codeforces.com/problemset/problem/283/B,Cow Program,Codeforces
http://codeforces.com/problemset/problem/739/B,Alyona and a tree,Codeforces
http://codeforces.com/problemset/problem/527/D,Clique Problem,Codeforces
http://codeforces.com/problemset/problem/641/C,Little Artem and Dance,Codeforces
http://codeforces.com/problemset/problem/615/D,Multipliers,Codeforces
http://codeforces.com/problemset/problem/478/D,Red-Green Towers,Codeforces
http://codeforces.com/problemset/problem/461/B,Appleman and Tree,Codeforces
http://codeforces.com/problemset/problem/567/D,One-Dimensional Battle Ships,Codeforces
http://codeforces.com/problemset/problem/375/B,Maximum Submatrix 2,Codeforces
http://codeforces.com/problemset/problem/830/A,Office Keys,Codeforces
http://codeforces.com/problemset/problem/274/B,Zero Tree,Codeforces
http://codeforces.com/problemset/problem/629/D,Babaei and Birthday Cake,Codeforces
http://codeforces.com/problemset/problem/538/D,Weird Chess,Codeforces
http://codeforces.com/problemset/problem/510/D,Fox And Jumping,Codeforces
http://codeforces.com/problemset/problem/643/B,Bear and Two Paths,Codeforces
http://codeforces.com/problemset/problem/780/D,Innokenty and a Football League,Codeforces
http://codeforces.com/problemset/problem/687/B,Remainders Game,Codeforces
http://codeforces.com/problemset/problem/468/B,Two Sets,Codeforces
http://codeforces.com/problemset/problem/451/D,Count Good Substrings,Codeforces
http://codeforces.com/problemset/problem/729/D,Sea Battle,Codeforces
http://codeforces.com/problemset/problem/501/D,Misha and Permutations Summation,Codeforces
http://codeforces.com/problemset/problem/767/D,Cartons of milk,Codeforces
http://codeforces.com/problemset/problem/301/B,Yaroslav and Time,Codeforces
http://codeforces.com/problemset/problem/400/D,Dima and Bacteria,Codeforces
http://codeforces.com/problemset/problem/135/B,Rectangle and Square,Codeforces
http://codeforces.com/problemset/problem/346/B,Lucky Common Subsequence,Codeforces
http://codeforces.com/problemset/problem/788/B,Weird journey,Codeforces
http://codeforces.com/problemset/problem/327/D,Block Tower,Codeforces
http://codeforces.com/problemset/problem/703/D,Mishka and Interesting sum,Codeforces
http://codeforces.com/problemset/problem/360/B,Levko and Array,Codeforces
http://codeforces.com/problemset/problem/833/B,The Bakery,Codeforces
http://codeforces.com/problemset/problem/198/B,Jumping on Walls,Codeforces
http://codeforces.com/problemset/problem/107/B,Basketball Team,Codeforces
http://codeforces.com/problemset/problem/758/D,Ability To Convert,Codeforces
http://codeforces.com/problemset/problem/749/D,Leaving Auction,Codeforces
http://codeforces.com/problemset/problem/272/D,Dima and Two Sequences,Codeforces
http://codeforces.com/problemset/problem/372/B,Counting Rectangles is Fun,Codeforces
http://codeforces.com/problemset/problem/142/B,Help General,Codeforces
http://codeforces.com/problemset/problem/685/B,Kay and Snowflake,Codeforces
http://codeforces.com/problemset/problem/832/D,Misha, Grisha and Underground,Codeforces
http://codeforces.com/problemset/problem/353/D,Queue,Codeforces
http://codeforces.com/problemset/problem/891/B,Gluttony,Codeforces
http://codeforces.com/problemset/problem/466/D,Increase Sequence,Codeforces
http://codeforces.com/problemset/problem/3/D,Least Cost Bracket Sequence,Codeforces
http://codeforces.com/problemset/problem/590/B,Chip 'n Dale Rescue Rangers,Codeforces
http://codeforces.com/problemset/problem/280/B,Maximum Xor Secondary,Codeforces
http://codeforces.com/problemset/problem/115/B,Lawnmower,Codeforces
http://codeforces.com/problemset/problem/765/D,Artsem and Saunders,Codeforces
http://codeforces.com/problemset/problem/321/B,Ciel and Duel,Codeforces
http://codeforces.com/problemset/problem/676/D,Theseus and labyrinth,Codeforces
http://codeforces.com/problemset/problem/721/D,Maxim and Array,Codeforces
http://codeforces.com/problemset/problem/835/D,Palindromic characteristics,Codeforces
http://codeforces.com/problemset/problem/388/B,Fox and Minimal path,Codeforces
http://codeforces.com/problemset/problem/490/D,Chocolate,Codeforces
http://codeforces.com/problemset/problem/196/B,Infinite Maze,Codeforces
http://codeforces.com/problemset/problem/7/D,Palindrome Degree,Codeforces
http://codeforces.com/problemset/problem/534/D,Handshakes,Codeforces
http://codeforces.com/problemset/problem/121/B,Lucky Transformation,Codeforces
http://codeforces.com/problemset/problem/707/D,Persistent Bookcase ,Codeforces
http://codeforces.com/problemset/problem/682/D,Alyona and Strings,Codeforces
http://codeforces.com/problemset/problem/156/B,Suspects,Codeforces
http://codeforces.com/problemset/problem/351/B,Jeff and Furik,Codeforces
http://codeforces.com/problemset/problem/333/B,Chips,Codeforces
http://codeforces.com/problemset/problem/571/B,Minimization,Codeforces
http://codeforces.com/problemset/problem/263/D,Cycle in Graph,Codeforces
http://codeforces.com/problemset/problem/464/B,Restore Cube ,Codeforces
http://codeforces.com/problemset/problem/95/C,Volleyball,Codeforces
http://codeforces.com/problemset/problem/11/D,A Simple Task,Codeforces
http://codeforces.com/problemset/problem/113/B,Petr#,Codeforces
http://codeforces.com/problemset/problem/763/B,Timofey and rectangles,Codeforces
http://codeforces.com/problemset/problem/222/D,Olympiad,Codeforces
http://codeforces.com/problemset/problem/771/C,Bear and Tree Jumps,Codeforces
http://codeforces.com/problemset/problem/557/D,Vitaly and Cycle,Codeforces
http://codeforces.com/problemset/problem/839/D,Winter is here,Codeforces
http://codeforces.com/problemset/problem/358/D,Dima and Hares,Codeforces
http://codeforces.com/problemset/problem/488/D,Strip,Codeforces
http://codeforces.com/problemset/problem/402/D,Upgrading Array,Codeforces
http://codeforces.com/problemset/problem/140/D,New Year Contest,Codeforces
http://codeforces.com/problemset/problem/377/B,Preparing for the Contest,Codeforces
http://codeforces.com/problemset/problem/603/B,Moodular Arithmetic,Codeforces
http://codeforces.com/problemset/problem/766/D,Mahmoud and a Dictionary,Codeforces
http://codeforces.com/problemset/problem/494/B,Obsessive String,Codeforces
http://codeforces.com/problemset/problem/785/D,Anton and School - 2,Codeforces
http://codeforces.com/problemset/problem/145/B,Lucky Number 2,Codeforces
http://codeforces.com/problemset/problem/66/D,Petya and His Friends,Codeforces
http://codeforces.com/problemset/problem/689/D,Friends and Subsequences,Codeforces
http://codeforces.com/problemset/problem/356/B,Xenia and Hamming,Codeforces
http://codeforces.com/problemset/problem/959/D,Mahmoud and Ehab and another array construction task,Codeforces
http://codeforces.com/problemset/problem/814/D,An overnight dance in discotheque,Codeforces
http://codeforces.com/problemset/problem/613/B,Skills,Codeforces
http://codeforces.com/problemset/problem/754/D,Fedor and coupons,Codeforces
http://codeforces.com/problemset/problem/401/D,Roman and Numbers,Codeforces
http://codeforces.com/problemset/problem/14/D,Two Paths,Codeforces
http://codeforces.com/problemset/problem/768/D,Jon and Orbs,Codeforces
http://codeforces.com/problemset/problem/679/B,Bear and Tower of Cubes,Codeforces
http://codeforces.com/problemset/problem/796/D,Police Stations,Codeforces
http://codeforces.com/problemset/problem/568/B,Symmetric and Transitive,Codeforces
http://codeforces.com/problemset/problem/363/D,Renting Bikes,Codeforces
http://codeforces.com/problemset/problem/9/D,How many trees?,Codeforces
http://codeforces.com/problemset/problem/601/B,Lipshitz Sequence,Codeforces
http://codeforces.com/problemset/problem/747/D,Winter Is Coming,Codeforces
http://codeforces.com/problemset/problem/514/D,R2D2 and Droid Army,Codeforces
http://codeforces.com/problemset/problem/144/D,Missile Silos,Codeforces
http://codeforces.com/problemset/problem/799/D,Field expansion,Codeforces
http://codeforces.com/problemset/problem/553/B,Kyoya and Permutation,Codeforces
http://codeforces.com/problemset/problem/715/B,Complete The Graph,Codeforces
http://codeforces.com/problemset/problem/367/B,Sereja ans Anagrams,Codeforces
http://codeforces.com/problemset/problem/486/D,Valid Sets,Codeforces
http://codeforces.com/problemset/problem/592/D,Super M,Codeforces
http://codeforces.com/problemset/problem/77/B,Falling Anvils,Codeforces
http://codeforces.com/problemset/problem/520/D,Cubes,Codeforces
http://codeforces.com/problemset/problem/662/B,Graph Coloring,Codeforces
http://codeforces.com/problemset/problem/427/D,Match & Catch,Codeforces
http://codeforces.com/problemset/problem/48/D,Permutations,Codeforces
http://codeforces.com/problemset/problem/242/D,Dispute,Codeforces
http://codeforces.com/problemset/problem/677/D,Vanya and Treasure,Codeforces
http://codeforces.com/problemset/problem/425/B,Sereja and Table ,Codeforces
http://codeforces.com/problemset/problem/873/D,Merge Sort,Codeforces
http://codeforces.com/problemset/problem/313/D,Ilya and Roads,Codeforces
http://codeforces.com/problemset/problem/53/D,Physical Education,Codeforces
http://codeforces.com/problemset/problem/251/B,Playing with Permutations,Codeforces
http://codeforces.com/problemset/problem/27/D,Ring Road 2,Codeforces
http://codeforces.com/problemset/problem/190/D,Non-Secret Cypher,Codeforces
http://codeforces.com/problemset/problem/819/B,Mister B and PR Shifts,Codeforces
http://codeforces.com/problemset/problem/748/D,Santa Claus and a Palindrome,Codeforces
http://codeforces.com/problemset/problem/35/D,Animals,Codeforces
http://codeforces.com/problemset/problem/149/D,Coloring Brackets,Codeforces
http://codeforces.com/problemset/problem/798/D,Mike and distribution,Codeforces
http://codeforces.com/problemset/problem/223/B,Two Strings,Codeforces
http://codeforces.com/problemset/problem/22/D,Segments,Codeforces
http://codeforces.com/problemset/problem/786/B,Legacy,Codeforces
http://codeforces.com/problemset/problem/258/B,Little Elephant and Elections,Codeforces
http://codeforces.com/problemset/problem/83/B,Doctor,Codeforces
http://codeforces.com/problemset/problem/431/D,Random Task,Codeforces
http://codeforces.com/problemset/problem/404/D,Minesweeper 1D,Codeforces
http://codeforces.com/problemset/problem/508/D,Tanya and Password,Codeforces
http://codeforces.com/problemset/problem/809/B,Glad to see you!,Codeforces
http://codeforces.com/problemset/problem/551/D,GukiZ and Binary Operations,Codeforces
http://codeforces.com/problemset/problem/187/B,AlgoRace,Codeforces
http://codeforces.com/problemset/problem/587/B,Duff in Beach,Codeforces
http://codeforces.com/problemset/problem/203/D,Hit Ball,Codeforces
http://codeforces.com/problemset/problem/713/B,Searching Rectangles,Codeforces
http://codeforces.com/problemset/problem/255/D,Mr. Bender and Square,Codeforces
http://codeforces.com/problemset/problem/167/B,Wizards and Huge Prize,Codeforces
http://codeforces.com/problemset/problem/235/B,Let's Play Osu!,Codeforces
http://codeforces.com/problemset/problem/285/D,Permutation Sum,Codeforces
http://codeforces.com/problemset/problem/29/D,Ant on the Tree,Codeforces
http://codeforces.com/problemset/problem/6/D,Lizards and Basements 2,Codeforces
http://codeforces.com/problemset/problem/525/D,Arthur and Walls,Codeforces
http://codeforces.com/problemset/problem/507/D,The Maths Lecture,Codeforces
http://codeforces.com/problemset/problem/666/B,World Tour,Codeforces
http://codeforces.com/problemset/problem/811/D,Vladik and Favorite Game,Codeforces
http://codeforces.com/problemset/problem/215/D,Hot Days,Codeforces
http://codeforces.com/problemset/problem/681/D,Gifts by the List,Codeforces
http://codeforces.com/problemset/problem/815/B,Karen and Test,Codeforces
http://codeforces.com/problemset/problem/744/B,Hongcow's Game,Codeforces
http://codeforces.com/problemset/problem/261/B,Maxim and Restaurant,Codeforces
http://codeforces.com/problemset/problem/185/B,Mushroom Scientists,Codeforces
http://codeforces.com/problemset/problem/631/D,Messenger,Codeforces
http://codeforces.com/problemset/problem/201/B,Guess That Car!,Codeforces
http://codeforces.com/problemset/problem/10/D,LCIS,Codeforces
http://codeforces.com/problemset/problem/128/B,String,Codeforces
http://codeforces.com/problemset/problem/317/B,Ants,Codeforces
http://codeforces.com/problemset/problem/773/B,Dynamic Problem Scoring,Codeforces
http://codeforces.com/problemset/problem/712/D,Memory and Scores,Codeforces
http://codeforces.com/problemset/problem/55/D,Beautiful numbers,Codeforces
http://codeforces.com/problemset/problem/840/B,Leha and another game about graph,Codeforces
http://codeforces.com/problemset/problem/234/D,Cinema,Codeforces
http://codeforces.com/problemset/problem/505/D,Mr. Kitayuta's Technology,Codeforces
http://codeforces.com/problemset/problem/213/B,Numbers,Codeforces
http://codeforces.com/problemset/problem/303/B,Rectangle Puzzle II,Codeforces
http://codeforces.com/problemset/problem/243/B,Hydra,Codeforces
http://codeforces.com/problemset/problem/226/B,Naughty Stone Piles,Codeforces
http://codeforces.com/problemset/problem/137/D,Palindromes,Codeforces
http://codeforces.com/problemset/problem/348/B,Apple Tree,Codeforces
http://codeforces.com/problemset/problem/257/D,Sum,Codeforces
http://codeforces.com/problemset/problem/109/B,Lucky Probability,Codeforces
http://codeforces.com/problemset/problem/314/B,Sereja and Periods,Codeforces
http://codeforces.com/problemset/problem/576/B,Invariance of Tree,Codeforces
http://codeforces.com/problemset/problem/232/B,Table,Codeforces
http://codeforces.com/problemset/problem/467/D,Fedor and Essay,Codeforces
http://codeforces.com/problemset/problem/101/B,Buses,Codeforces
http://codeforces.com/problemset/problem/757/D,Felicity's Big Secret Revealed,Codeforces
http://codeforces.com/problemset/problem/282/D,Yet Another Number Game,Codeforces
http://codeforces.com/problemset/problem/610/D,Vika and Segments,Codeforces
http://codeforces.com/problemset/problem/225/D,Snake,Codeforces
http://codeforces.com/problemset/problem/460/D,Little Victor and Set,Codeforces
http://codeforces.com/problemset/problem/260/D,Black and White Tree,Codeforces
http://codeforces.com/problemset/problem/374/D,Inna and Sequence ,Codeforces
http://codeforces.com/problemset/problem/87/B,Vasya and Types,Codeforces
http://codeforces.com/problemset/problem/31/D,Chocolate,Codeforces
http://codeforces.com/problemset/problem/433/D,Nanami's Digital Board,Codeforces
http://codeforces.com/problemset/problem/509/D,Restoring Numbers,Codeforces
http://codeforces.com/problemset/problem/41/D,Pawn,Codeforces
http://codeforces.com/problemset/problem/217/B,Blackboard Fibonacci,Codeforces
http://codeforces.com/problemset/problem/123/B,Squares,Codeforces
http://codeforces.com/problemset/problem/160/D,Edges in MST,Codeforces
http://codeforces.com/problemset/problem/336/D,Vasily the Bear and Beautiful Strings,Codeforces
http://codeforces.com/problemset/problem/382/D,Ksenia and Pawns,Codeforces
http://codeforces.com/problemset/problem/366/D,Dima and Trap Graph,Codeforces
http://codeforces.com/problemset/problem/498/B,Name That Tune,Codeforces
http://codeforces.com/problemset/problem/12/D,Ball,Codeforces
http://codeforces.com/problemset/problem/398/B,Painting The Wall,Codeforces
http://codeforces.com/problemset/problem/441/D,Valera and Swaps,Codeforces
http://codeforces.com/problemset/problem/238/B,Boring Partition,Codeforces
http://codeforces.com/problemset/problem/558/D,Guess Your Way Out! II,Codeforces
http://codeforces.com/problemset/problem/69/D,Dot,Codeforces
http://codeforces.com/problemset/problem/870/D,Something with XOR Queries,Codeforces
http://codeforces.com/problemset/problem/106/D,Treasure Island,Codeforces
http://codeforces.com/problemset/problem/286/B,Shifting,Codeforces
http://codeforces.com/problemset/problem/621/D,Rat Kwesh and Cheese,Codeforces
http://codeforces.com/problemset/problem/216/D,Spider's Web,Codeforces
http://codeforces.com/problemset/problem/16/D,Logging,Codeforces
http://codeforces.com/problemset/problem/311/B,Cats Transport,Codeforces
http://codeforces.com/problemset/problem/364/B,Free Market,Codeforces
http://codeforces.com/problemset/problem/75/D,Big Maximum Sum,Codeforces
http://codeforces.com/problemset/problem/277/B,Set of Points,Codeforces
http://codeforces.com/problemset/problem/396/B,On Sum of Fractions,Codeforces
http://codeforces.com/problemset/problem/416/D,Population Size,Codeforces
http://codeforces.com/problemset/problem/46/D,Parking Lot,Codeforces
http://codeforces.com/problemset/problem/195/D,Analyzing Polyline,Codeforces
http://codeforces.com/problemset/problem/138/B,Digits Permutations,Codeforces
http://codeforces.com/problemset/problem/362/D,Fools and Foolproof Roads,Codeforces
http://codeforces.com/problemset/problem/93/B,End of Exams,Codeforces
http://codeforces.com/problemset/problem/868/D,Huge Strings,Codeforces
http://codeforces.com/problemset/problem/33/D,Knights,Codeforces
http://codeforces.com/problemset/problem/56/D,Changing a String,Codeforces
http://codeforces.com/problemset/problem/43/D,Journey,Codeforces
http://codeforces.com/problemset/problem/19/D,Points,Codeforces
http://codeforces.com/problemset/problem/193/B,Xor,Codeforces
http://codeforces.com/problemset/problem/369/D,Valera and Fools,Codeforces
http://codeforces.com/problemset/problem/5/D,Follow Traffic Rules,Codeforces
http://codeforces.com/problemset/problem/593/D,Happy Tree Party,Codeforces
http://codeforces.com/problemset/problem/103/C,Russian Roulette,Codeforces
http://codeforces.com/problemset/problem/49/D,Game,Codeforces
http://codeforces.com/problemset/problem/444/B,DZY Loves FFT,Codeforces
http://codeforces.com/problemset/problem/704/B,Ant Man,Codeforces
http://codeforces.com/problemset/problem/731/D,80-th Level Archeology,Codeforces
http://codeforces.com/problemset/problem/200/D,Programming Language,Codeforces
http://codeforces.com/problemset/problem/32/D,Constellation,Codeforces
http://codeforces.com/problemset/problem/435/D,Special Grid,Codeforces
http://codeforces.com/problemset/problem/18/D,Seller Bob,Codeforces
http://codeforces.com/problemset/problem/253/D,Table with Letters - 2,Codeforces
http://codeforces.com/problemset/problem/165/D,Beard Graph,Codeforces
http://codeforces.com/problemset/problem/191/B,Demonstration,Codeforces
http://codeforces.com/problemset/problem/821/D,Okabe and City,Codeforces
http://codeforces.com/problemset/problem/36/D,New Game with a Chess Piece,Codeforces
http://codeforces.com/problemset/problem/13/D,Triangles,Codeforces
http://codeforces.com/problemset/problem/59/D,Team Arrangement,Codeforces
http://codeforces.com/problemset/problem/70/D,Professor's task,Codeforces
http://codeforces.com/problemset/problem/180/D,Name,Codeforces
http://codeforces.com/problemset/problem/8/D,Two Friends,Codeforces
http://codeforces.com/problemset/problem/390/D,Inna and Sweet Matrix,Codeforces
http://codeforces.com/problemset/problem/625/D,Finals in arithmetic,Codeforces
http://codeforces.com/problemset/problem/794/D,Labelling Cities,Codeforces
http://codeforces.com/problemset/problem/17/D,Notepad,Codeforces
http://codeforces.com/problemset/problem/63/D,Dividing Island,Codeforces
http://codeforces.com/problemset/problem/300/D,Painting Square,Codeforces
http://codeforces.com/problemset/problem/279/D,The Minimum Number of Variables,Codeforces
http://codeforces.com/problemset/problem/132/B,Piet,Codeforces
http://codeforces.com/problemset/problem/424/D,Biathlon Track,Codeforces
http://codeforces.com/problemset/problem/58/D,Calendar,Codeforces
http://codeforces.com/problemset/problem/47/D,Safe,Codeforces
http://codeforces.com/problemset/problem/237/D,T-decomposition,Codeforces
http://codeforces.com/problemset/problem/596/D,Wilbur and Trees,Codeforces
http://codeforces.com/problemset/problem/813/D,Two Melodies,Codeforces
http://codeforces.com/problemset/problem/141/D,Take-off Ramps,Codeforces
http://codeforces.com/problemset/problem/248/D,Sweets for Everyone!,Codeforces
http://codeforces.com/problemset/problem/26/D,Tickets,Codeforces
http://codeforces.com/problemset/problem/380/B,Sereja and Tree,Codeforces
http://codeforces.com/problemset/problem/21/D,Traveling Graph,Codeforces
http://codeforces.com/problemset/problem/342/D,Xenia and Dominoes,Codeforces
http://codeforces.com/problemset/problem/79/D,Password,Codeforces
http://codeforces.com/problemset/problem/387/D,George and Interesting Graph,Codeforces
http://codeforces.com/problemset/problem/370/D,Broken Monitor,Codeforces
http://codeforces.com/problemset/problem/594/B,Max and Bike,Codeforces
http://codeforces.com/problemset/problem/38/D,Vasya the Architect,Codeforces
http://codeforces.com/problemset/problem/305/D,Olya and Graph,Codeforces
http://codeforces.com/problemset/problem/50/D,Bombing,Codeforces
http://codeforces.com/problemset/problem/73/D,FreeDiv,Codeforces
http://codeforces.com/problemset/problem/385/D,Bear and Floodlight,Codeforces
http://codeforces.com/problemset/problem/28/D,Don't fear, DravDe is kind,Codeforces
http://codeforces.com/problemset/problem/24/D,Broken robot,Codeforces
http://codeforces.com/problemset/problem/89/B,Widget Library,Codeforces
http://codeforces.com/problemset/problem/392/B,Tower of Hanoi,Codeforces
http://codeforces.com/problemset/problem/266/D,BerDonalds,Codeforces
http://codeforces.com/problemset/problem/383/B,Volcanoes,Codeforces
http://codeforces.com/problemset/problem/117/D,Not Quick Transformation,Codeforces
http://codeforces.com/problemset/problem/23/D,Tetragon,Codeforces
http://codeforces.com/problemset/problem/74/D,Hanger,Codeforces
http://codeforces.com/problemset/problem/175/D,Plane of Tanks: Duel,Codeforces
http://codeforces.com/problemset/problem/30/D,King's Problem?,Codeforces
http://codeforces.com/problemset/problem/62/D,Wormhouse,Codeforces
http://codeforces.com/problemset/problem/51/D,Geometrical problem,Codeforces
http://codeforces.com/problemset/problem/57/D,Journey,Codeforces
http://codeforces.com/problemset/problem/68/D,Half-decay tree,Codeforces
http://codeforces.com/problemset/problem/15/D,Map,Codeforces
http://codeforces.com/problemset/problem/119/D,String Transformation,Codeforces
http://codeforces.com/problemset/problem/228/D,Zigzag,Codeforces
http://codeforces.com/problemset/problem/812/D,Sagheer and Kindergarten,Codeforces
http://codeforces.com/problemset/problem/332/D,Theft of Blueprints,Codeforces
http://codeforces.com/problemset/problem/394/D,Physical Education and Buns,Codeforces
http://codeforces.com/problemset/problem/254/D,Rats,Codeforces
http://codeforces.com/problemset/problem/166/D,Shoe Store,Codeforces
http://codeforces.com/problemset/problem/78/D,Archer's Shot,Codeforces
http://codeforces.com/problemset/problem/268/D,Wall Bars,Codeforces
http://codeforces.com/problemset/problem/37/D,Lesson Timetable,Codeforces
http://codeforces.com/problemset/problem/152/D,Frames,Codeforces
http://codeforces.com/problemset/problem/60/D,Savior,Codeforces
http://codeforces.com/problemset/problem/71/D,Solitaire,Codeforces
http://codeforces.com/problemset/problem/294/D,Shaass and Painter Robot,Codeforces
http://codeforces.com/problemset/problem/42/D,Strange town,Codeforces
http://codeforces.com/problemset/problem/65/D,Harry Potter and the Sorting Hat,Codeforces
http://codeforces.com/problemset/problem/54/D,Writing a Song,Codeforces
http://codeforces.com/problemset/problem/354/B,Game with Strings,Codeforces
http://codeforces.com/problemset/problem/582/D,Number of Binominal Coefficients,Codeforces
http://codeforces.com/problemset/problem/98/B,Help King,Codeforces
http://codeforces.com/problemset/problem/40/D,Interesting Sequence,Codeforces
http://codeforces.com/problemset/problem/105/D,Entertaining Geodetics,Codeforces
http://codeforces.com/problemset/problem/350/D,Looking for Owls,Codeforces
http://codeforces.com/problemset/problem/869/D,The Overdosing Ubiquity,Codeforces
http://codeforces.com/problemset/problem/845/F,Guards In The Storehouse,Codeforces
