link,name,judge
http://codeforces.com/problemset/problem/166/E,Tetrahedron,Codeforces
http://codeforces.com/problemset/problem/479/A,Expression,Codeforces
http://codeforces.com/problemset/problem/659/E,New Reform,Codeforces
http://codeforces.com/problemset/problem/380/C,Sereja and Brackets,Codeforces
http://codeforces.com/problemset/problem/459/E,Pashmak and Graph,Codeforces
http://codeforces.com/problemset/problem/61/E,Enemy is weak,Codeforces
http://codeforces.com/problemset/problem/559/C,Gerald and Giant Chess,Codeforces
http://codeforces.com/problemset/problem/321/C,Ciel the Commander,Codeforces
http://codeforces.com/problemset/problem/687/C,The Values You Can Make,Codeforces
http://codeforces.com/problemset/problem/864/E,Fire,Codeforces
http://codeforces.com/problemset/problem/455/C,Civilization,Codeforces
http://codeforces.com/problemset/problem/519/E,A and B and Lecture Rooms,Codeforces
http://codeforces.com/problemset/problem/700/B,Connecting Universities,Codeforces
http://codeforces.com/problemset/problem/545/E,Paths and Trees,Codeforces
http://codeforces.com/problemset/problem/670/E,Correct Bracket Sequence Editor,Codeforces
http://codeforces.com/problemset/problem/342/E,Xenia and Tree,Codeforces
http://codeforces.com/problemset/problem/617/E,XOR and Favorite Number,Codeforces
http://codeforces.com/problemset/problem/898/E,Squares and not squares,Codeforces
http://codeforces.com/problemset/problem/191/C,Fools and Roads,Codeforces
http://codeforces.com/problemset/problem/242/E,XOR on Segment,Codeforces
http://codeforces.com/problemset/problem/383/C,Propagating tree,Codeforces
http://codeforces.com/problemset/problem/479/E,Riding in a Lift,Codeforces
http://codeforces.com/problemset/problem/578/C,Weakness and Poorness,Codeforces
http://codeforces.com/problemset/problem/729/E,Subordinates,Codeforces
http://codeforces.com/problemset/problem/388/C,Fox and Card Game,Codeforces
http://codeforces.com/problemset/problem/288/C,Polo the Penguin and XOR operation,Codeforces
http://codeforces.com/problemset/problem/148/E,Porcelain,Codeforces
http://codeforces.com/problemset/problem/576/C,Points on Plane,Codeforces
http://codeforces.com/problemset/problem/768/E,Game of Stones,Codeforces
http://codeforces.com/problemset/problem/128/C,Games with Rectangle,Codeforces
http://codeforces.com/problemset/problem/264/C,Choosing Balls,Codeforces
http://codeforces.com/problemset/problem/546/E,Soldier and Traveling,Codeforces
http://codeforces.com/problemset/problem/747/E,Comments,Codeforces
http://codeforces.com/problemset/problem/609/E,Minimum spanning tree for each edge,Codeforces
http://codeforces.com/problemset/problem/780/E,Underground Lab,Codeforces
http://codeforces.com/problemset/problem/343/C,Read Time,Codeforces
http://codeforces.com/problemset/problem/509/E,Pretty Song,Codeforces
http://codeforces.com/problemset/problem/734/E,Anton and Tree,Codeforces
http://codeforces.com/problemset/problem/939/E,Maximize!,Codeforces
http://codeforces.com/problemset/problem/590/C,Three States,Codeforces
http://codeforces.com/problemset/problem/498/C,Array and Operations,Codeforces
http://codeforces.com/problemset/problem/621/E,Wet Shark and Blocks,Codeforces
http://codeforces.com/problemset/problem/778/B,Bitwise Formula,Codeforces
http://codeforces.com/problemset/problem/474/E,Pillars,Codeforces
http://codeforces.com/problemset/problem/558/E,A Simple Task,Codeforces
http://codeforces.com/problemset/problem/414/C,Mashmokh and Reverse Operation,Codeforces
http://codeforces.com/problemset/problem/319/C,Kalila and Dimna in the Logging Industry,Codeforces
http://codeforces.com/problemset/problem/340/E,Iahub and Permutations,Codeforces
http://codeforces.com/problemset/problem/165/E,Compatible Numbers,Codeforces
http://codeforces.com/problemset/problem/587/C,Duff in the Army,Codeforces
http://codeforces.com/problemset/problem/718/C,Sasha and Array,Codeforces
http://codeforces.com/problemset/problem/830/B,Cards Sorting,Codeforces
http://codeforces.com/problemset/problem/777/E,Hanoi Factory,Codeforces
http://codeforces.com/problemset/problem/27/E,Number With The Given Amount Of Divisors,Codeforces
http://codeforces.com/problemset/problem/132/C,Logo Turtle,Codeforces
http://codeforces.com/problemset/problem/507/E,Breaking Good,Codeforces
http://codeforces.com/problemset/problem/282/E,Sausage Maximization,Codeforces
http://codeforces.com/problemset/problem/69/E,Subsegments,Codeforces
http://codeforces.com/problemset/problem/6/E,Exposition,Codeforces
http://codeforces.com/problemset/problem/208/E,Blood Cousins,Codeforces
http://codeforces.com/problemset/problem/641/E,Little Artem and Time Machine,Codeforces
http://codeforces.com/problemset/problem/555/C,Case of Chocolate,Codeforces
http://codeforces.com/problemset/problem/354/C,Vasya and Beautiful Arrays,Codeforces
http://codeforces.com/problemset/problem/466/E,Information Graph,Codeforces
http://codeforces.com/problemset/problem/766/E,Mahmoud and a xor trip,Codeforces
http://codeforces.com/problemset/problem/746/E,Numbers Exchange,Codeforces
http://codeforces.com/problemset/problem/367/C,Sereja and the Arrangement of Numbers,Codeforces
http://codeforces.com/problemset/problem/280/C,Game on Tree,Codeforces
http://codeforces.com/problemset/problem/156/C,Cipher,Codeforces
http://codeforces.com/problemset/problem/584/E,Anton and Ira,Codeforces
http://codeforces.com/problemset/problem/689/E,Mike and Geometry Problem,Codeforces
http://codeforces.com/problemset/problem/346/C,Number Transformation II,Codeforces
http://codeforces.com/problemset/problem/510/E,Fox And Dinner,Codeforces
http://codeforces.com/problemset/problem/223/C,Partial Sums,Codeforces
http://codeforces.com/problemset/problem/875/C,National Property,Codeforces
http://codeforces.com/problemset/problem/538/E,Demiurges Play Again,Codeforces
http://codeforces.com/problemset/problem/372/C,Watching Fireworks is Fun,Codeforces
http://codeforces.com/problemset/problem/25/E,Test,Codeforces
http://codeforces.com/problemset/problem/553/C,Love Triangles,Codeforces
http://codeforces.com/problemset/problem/486/E,LIS of Sequence,Codeforces
http://codeforces.com/problemset/problem/815/C,Karen and Supermarket,Codeforces
http://codeforces.com/problemset/problem/448/E,Divisors,Codeforces
http://codeforces.com/problemset/problem/520/E,Pluses everywhere,Codeforces
http://codeforces.com/problemset/problem/723/E,One-Way Reform,Codeforces
http://codeforces.com/problemset/problem/464/C,Substitutes in Number,Codeforces
http://codeforces.com/problemset/problem/229/C,Triangles,Codeforces
http://codeforces.com/problemset/problem/103/D,Time to Raid Cowavans,Codeforces
http://codeforces.com/problemset/problem/396/C,On Changing Tree,Codeforces
http://codeforces.com/problemset/problem/118/E,Bertown roads,Codeforces
http://codeforces.com/problemset/problem/476/E,Dreamoon and Strings,Codeforces
http://codeforces.com/problemset/problem/154/C,Double Profiles,Codeforces
http://codeforces.com/problemset/problem/279/E,Beautiful Decomposition,Codeforces
http://codeforces.com/problemset/problem/41/E,3-cycles,Codeforces
http://codeforces.com/problemset/problem/492/E,Vanya and Field,Codeforces
http://codeforces.com/problemset/problem/748/E,Santa Claus and Tangerines,Codeforces
http://codeforces.com/problemset/problem/222/E,Decoding Genome,Codeforces
http://codeforces.com/problemset/problem/13/E,Holes,Codeforces
http://codeforces.com/problemset/problem/258/C,Little Elephant and LCM,Codeforces
http://codeforces.com/problemset/problem/286/C,Main Sequence,Codeforces
http://codeforces.com/problemset/problem/145/C,Lucky Subsequence,Codeforces
http://codeforces.com/problemset/problem/552/E,Vanya and Brackets,Codeforces
http://codeforces.com/problemset/problem/500/E,New Year Domino,Codeforces
http://codeforces.com/problemset/problem/788/C,The Great Mixing,Codeforces
http://codeforces.com/problemset/problem/402/E,Strictly Positive Matrix,Codeforces
http://codeforces.com/problemset/problem/827/C,DNA Evolution,Codeforces
http://codeforces.com/problemset/problem/463/E,Caisa and Tree,Codeforces
http://codeforces.com/problemset/problem/228/E,The Road to Berland is Paved With Good Intentions,Codeforces
http://codeforces.com/problemset/problem/135/C,Zero-One,Codeforces
http://codeforces.com/problemset/problem/490/E,Restoring Increasing Sequence,Codeforces
http://codeforces.com/problemset/problem/711/E,ZS and The Birthday Paradox,Codeforces
http://codeforces.com/problemset/problem/453/C,Little Pony and Summer Sun Celebration,Codeforces
http://codeforces.com/problemset/problem/508/E,Arthur and Brackets,Codeforces
http://codeforces.com/problemset/problem/650/C,Table Compression,Codeforces
http://codeforces.com/problemset/problem/269/C,Flawed Flow,Codeforces
http://codeforces.com/problemset/problem/551/E,GukiZ and GukiZiana,Codeforces
http://codeforces.com/problemset/problem/765/E,Tree Folding,Codeforces
http://codeforces.com/problemset/problem/743/E,Vladik and cards,Codeforces
http://codeforces.com/problemset/problem/570/E,Pig and Palindromes,Codeforces
http://codeforces.com/problemset/problem/444/C,DZY Loves Colors,Codeforces
http://codeforces.com/problemset/problem/427/E,Police Patrol,Codeforces
http://codeforces.com/problemset/problem/87/C,Interesting Game,Codeforces
http://codeforces.com/problemset/problem/496/E,Distributing Parts ,Codeforces
http://codeforces.com/problemset/problem/213/C,Relay Race,Codeforces
http://codeforces.com/problemset/problem/761/E,Dasha and Puzzle,Codeforces
http://codeforces.com/problemset/problem/515/E,Drazil and Park,Codeforces
http://codeforces.com/problemset/problem/741/C,Arpa’s overnight party and Mehrdad’s silent entering,Codeforces
http://codeforces.com/problemset/problem/16/E,Fish,Codeforces
http://codeforces.com/problemset/problem/461/C,Appleman and a Sheet of Paper,Codeforces
http://codeforces.com/problemset/problem/295/C,Greg and Friends,Codeforces
http://codeforces.com/problemset/problem/580/E,Kefa and Watch,Codeforces
http://codeforces.com/problemset/problem/488/E,Prefix Product Sequence,Codeforces
http://codeforces.com/problemset/problem/38/E,Let's Go Rolling!,Codeforces
http://codeforces.com/problemset/problem/732/E,Sockets,Codeforces
http://codeforces.com/problemset/problem/356/C,Compartments,Codeforces
http://codeforces.com/problemset/problem/821/E,Okabe and El Psy Kongroo,Codeforces
http://codeforces.com/problemset/problem/451/E,Devu and Flowers,Codeforces
http://codeforces.com/problemset/problem/525/E,Anya and Cubes,Codeforces
http://codeforces.com/problemset/problem/369/E,Valera and Queries,Codeforces
http://codeforces.com/problemset/problem/550/E,Brackets in Implications,Codeforces
http://codeforces.com/problemset/problem/675/E,Trains and Statistic,Codeforces
http://codeforces.com/problemset/problem/804/C,Ice cream coloring,Codeforces
http://codeforces.com/problemset/problem/121/C,Lucky Permutation,Codeforces
http://codeforces.com/problemset/problem/442/C,Artem and Array ,Codeforces
http://codeforces.com/problemset/problem/713/C,Sonya and Problem Wihtout a Legend,Codeforces
http://codeforces.com/problemset/problem/603/C,Lieges of Legendre,Codeforces
http://codeforces.com/problemset/problem/696/C,PLEASE,Codeforces
http://codeforces.com/problemset/problem/540/E,Infinite Inversions,Codeforces
http://codeforces.com/problemset/problem/149/E,Martian Strings,Codeforces
http://codeforces.com/problemset/problem/776/E,The Holmes Children,Codeforces
http://codeforces.com/problemset/problem/131/E,Yet Another Task with Queens,Codeforces
http://codeforces.com/problemset/problem/314/C,Sereja and Subsequences,Codeforces
http://codeforces.com/problemset/problem/449/C,Jzzhu and Apples,Codeforces
http://codeforces.com/problemset/problem/19/E,Fairy,Codeforces
http://codeforces.com/problemset/problem/629/E,Famil Door and Roads,Codeforces
http://codeforces.com/problemset/problem/231/E,Cactus,Codeforces
http://codeforces.com/problemset/problem/773/C,Prairie Partition,Codeforces
http://codeforces.com/problemset/problem/567/E,President and Roads,Codeforces
http://codeforces.com/problemset/problem/785/E,Anton and Permutation,Codeforces
http://codeforces.com/problemset/problem/138/C,Mushroom Gnomes - 2,Codeforces
http://codeforces.com/problemset/problem/204/C,Little Elephant and Furik and Rubik,Codeforces
http://codeforces.com/problemset/problem/327/E,Axis Walking,Codeforces
http://codeforces.com/problemset/problem/187/C,Weak Memory,Codeforces
http://codeforces.com/problemset/problem/601/C,Kleofáš and the n-thlon,Codeforces
http://codeforces.com/problemset/problem/5/E,Bindian Signalizing,Codeforces
http://codeforces.com/problemset/problem/757/E,Bash Plays with Functions,Codeforces
http://codeforces.com/problemset/problem/360/C,Levko and Strings,Codeforces
http://codeforces.com/problemset/problem/14/E,Camels,Codeforces
http://codeforces.com/problemset/problem/111/C,Petya and Spiders,Codeforces
http://codeforces.com/problemset/problem/272/E,Dima and Horses,Codeforces
http://codeforces.com/problemset/problem/965/E,Short Code,Codeforces
http://codeforces.com/problemset/problem/237/E,Build String,Codeforces
http://codeforces.com/problemset/problem/679/C,Bear and Square Grid,Codeforces
http://codeforces.com/problemset/problem/251/C,Number Transformation,Codeforces
http://codeforces.com/problemset/problem/91/C,Ski Base,Codeforces
http://codeforces.com/problemset/problem/799/E,Aquarium decoration,Codeforces
http://codeforces.com/problemset/problem/31/E,TV Game,Codeforces
http://codeforces.com/problemset/problem/300/E,Empire Strikes Back,Codeforces
http://codeforces.com/problemset/problem/643/C,Levels and Regions,Codeforces
http://codeforces.com/problemset/problem/416/E,President's Path,Codeforces
http://codeforces.com/problemset/problem/137/E,Last Chance,Codeforces
http://codeforces.com/problemset/problem/715/C,Digit Tree,Codeforces
http://codeforces.com/problemset/problem/439/E,Devu and Birthday Celebration,Codeforces
http://codeforces.com/problemset/problem/535/E,Tavas and Pashmaks,Codeforces
http://codeforces.com/problemset/problem/387/E,George and Cards,Codeforces
http://codeforces.com/problemset/problem/371/E,Subway Innovation,Codeforces
http://codeforces.com/problemset/problem/573/C,Bear and Drawing,Codeforces
http://codeforces.com/problemset/problem/767/E,Change-free,Codeforces
http://codeforces.com/problemset/problem/235/C,Cyclical Quest,Codeforces
http://codeforces.com/problemset/problem/772/C,Vulnerable Kerbals,Codeforces
http://codeforces.com/problemset/problem/429/C,Guess the Tree,Codeforces
http://codeforces.com/problemset/problem/607/C,Marbles,Codeforces
http://codeforces.com/problemset/problem/756/C,Nikita and stack,Codeforces
http://codeforces.com/problemset/problem/869/E,The Untended Antiquity,Codeforces
http://codeforces.com/problemset/problem/377/C,Captains Mode,Codeforces
http://codeforces.com/problemset/problem/297/C,Splitting the Uniqueness,Codeforces
http://codeforces.com/problemset/problem/77/C,Beavermuncher-0xFF,Codeforces
http://codeforces.com/problemset/problem/201/C,Fragile Bridges,Codeforces
http://codeforces.com/problemset/problem/182/E,Wooden Fence,Codeforces
http://codeforces.com/problemset/problem/220/C,Little Elephant and Shifts,Codeforces
http://codeforces.com/problemset/problem/255/E,Furlo and Rublo and Game,Codeforces
http://codeforces.com/problemset/problem/59/E,Shortest Path,Codeforces
http://codeforces.com/problemset/problem/468/C,Hack it!,Codeforces
http://codeforces.com/problemset/problem/234/E,Champions' League,Codeforces
http://codeforces.com/problemset/problem/676/E,The Last Fight Between Human and AI,Codeforces
http://codeforces.com/problemset/problem/283/C,Coin Troubles,Codeforces
http://codeforces.com/problemset/problem/786/C,Till I Collapse,Codeforces
http://codeforces.com/problemset/problem/46/E,Comb,Codeforces
http://codeforces.com/problemset/problem/246/E,Blood Cousins Return,Codeforces
http://codeforces.com/problemset/problem/518/E,Arthur and Questions,Codeforces
http://codeforces.com/problemset/problem/605/C,Freelancer's Dreams,Codeforces
http://codeforces.com/problemset/problem/698/C,LRU,Codeforces
http://codeforces.com/problemset/problem/350/E,Wrong Floyd,Codeforces
http://codeforces.com/problemset/problem/56/E,Domino Principle,Codeforces
http://codeforces.com/problemset/problem/261/C,Maxim and Matrix,Codeforces
http://codeforces.com/problemset/problem/543/C,Remembering Strings,Codeforces
http://codeforces.com/problemset/problem/276/E,Little Girl and Problem on Trees,Codeforces
http://codeforces.com/problemset/problem/557/E,Ann and Half-Palindrome,Codeforces
http://codeforces.com/problemset/problem/813/E,Army Creation,Codeforces
http://codeforces.com/problemset/problem/707/E,Garlands,Codeforces
http://codeforces.com/problemset/problem/180/E,Cubes,Codeforces
http://codeforces.com/problemset/problem/594/C,Edo and Magnets,Codeforces
http://codeforces.com/problemset/problem/840/C,On the Bench,Codeforces
http://codeforces.com/problemset/problem/407/C,Curious Array,Codeforces
http://codeforces.com/problemset/problem/613/C,Necklace,Codeforces
http://codeforces.com/problemset/problem/631/E,Product Sum,Codeforces
http://codeforces.com/problemset/problem/268/E,Playlist,Codeforces
http://codeforces.com/problemset/problem/744/C,Hongcow Buys a Deck of Cards,Codeforces
http://codeforces.com/problemset/problem/585/C,Alice, Bob, Oranges and Apples,Codeforces
http://codeforces.com/problemset/problem/771/D,Bear and Company,Codeforces
http://codeforces.com/problemset/problem/400/E,Inna and Binary Logic,Codeforces
http://codeforces.com/problemset/problem/303/C,Minimum Modular,Codeforces
http://codeforces.com/problemset/problem/425/C,Sereja and Two Sequences,Codeforces
http://codeforces.com/problemset/problem/329/C,Graph Reconstruction,Codeforces
http://codeforces.com/problemset/problem/190/E,Counter Attack,Codeforces
http://codeforces.com/problemset/problem/348/C,Subset Sums,Codeforces
http://codeforces.com/problemset/problem/514/E,Darth Vader and Tree,Codeforces
http://codeforces.com/problemset/problem/739/C,Alyona and towers,Codeforces
http://codeforces.com/problemset/problem/870/E,Points, Lines and Ready-made Titles,Codeforces
http://codeforces.com/problemset/problem/113/C,Double Happiness,Codeforces
http://codeforces.com/problemset/problem/238/C,World Eater Brothers,Codeforces
http://codeforces.com/problemset/problem/489/E,Hiking,Codeforces
http://codeforces.com/problemset/problem/706/E,Working routine,Codeforces
http://codeforces.com/problemset/problem/812/E,Sagheer and Apple Tree,Codeforces
http://codeforces.com/problemset/problem/405/E,Graph Cutting,Codeforces
http://codeforces.com/problemset/problem/196/C,Paint Tree,Codeforces
http://codeforces.com/problemset/problem/615/E,Hexagons,Codeforces
http://codeforces.com/problemset/problem/527/E,Data Center Drama,Codeforces
http://codeforces.com/problemset/problem/731/E,Funny Game,Codeforces
http://codeforces.com/problemset/problem/337/E,Divisor Tree,Codeforces
http://codeforces.com/problemset/problem/266/E,More Queries to Array...,Codeforces
http://codeforces.com/problemset/problem/547/E,Mike and Friends,Codeforces
http://codeforces.com/problemset/problem/383/B,Volcanoes,Codeforces
http://codeforces.com/problemset/problem/671/C,Ultimate Weirdness of an Array,Codeforces
http://codeforces.com/problemset/problem/30/E,Tricky and Clever Password,Codeforces
http://codeforces.com/problemset/problem/301/C,Yaroslav and Algorithm,Codeforces
http://codeforces.com/problemset/problem/493/E,Vasya and Polynomial,Codeforces
http://codeforces.com/problemset/problem/712/E,Memory and Casinos,Codeforces
http://codeforces.com/problemset/problem/313/E,Ilya and Two Numbers,Codeforces
http://codeforces.com/problemset/problem/167/C,Wizards and Numbers,Codeforces
http://codeforces.com/problemset/problem/796/E,Exam Cheating,Codeforces
http://codeforces.com/problemset/problem/404/E,Maze 1D,Codeforces
http://codeforces.com/problemset/problem/610/E,Alphabet Permutations,Codeforces
http://codeforces.com/problemset/problem/353/E,Antichain,Codeforces
http://codeforces.com/problemset/problem/822/E,Liar,Codeforces
http://codeforces.com/problemset/problem/9/E,Interestring graph and Apples,Codeforces
http://codeforces.com/problemset/problem/501/E,Misha and Palindrome Degree,Codeforces
http://codeforces.com/problemset/problem/216/E,Martian Luck,Codeforces
http://codeforces.com/problemset/problem/195/E,Building Forest,Codeforces
http://codeforces.com/problemset/problem/366/E,Dima and Magic Guitar,Codeforces
http://codeforces.com/problemset/problem/18/E,Flag 2,Codeforces
http://codeforces.com/problemset/problem/66/E,Petya and Post,Codeforces
http://codeforces.com/problemset/problem/29/E,Quarrel,Codeforces
http://codeforces.com/problemset/problem/582/C,Superior Periodic Subarrays,Codeforces
http://codeforces.com/problemset/problem/835/E,The penguin's game,Codeforces
http://codeforces.com/problemset/problem/53/E,Dead Ends,Codeforces
http://codeforces.com/problemset/problem/24/E,Berland collider,Codeforces
http://codeforces.com/problemset/problem/271/E,Three Horses,Codeforces
http://codeforces.com/problemset/problem/703/E,Mishka and Divisors,Codeforces
http://codeforces.com/problemset/problem/677/E,Vanya and Balloons,Codeforces
http://codeforces.com/problemset/problem/432/E,Square Tiling,Codeforces
http://codeforces.com/problemset/problem/35/E,Parade,Codeforces
http://codeforces.com/problemset/problem/126/C,E-reader Display,Codeforces
http://codeforces.com/problemset/problem/484/C,Strange Sorting,Codeforces
http://codeforces.com/problemset/problem/351/C,Jeff and Brackets,Codeforces
http://codeforces.com/problemset/problem/8/E,Beads,Codeforces
http://codeforces.com/problemset/problem/89/C,Chip Play,Codeforces
http://codeforces.com/problemset/problem/142/C,Help Caretaker,Codeforces
http://codeforces.com/problemset/problem/215/E,Periodical Numbers,Codeforces
http://codeforces.com/problemset/problem/193/C,Hamming Distance,Codeforces
http://codeforces.com/problemset/problem/749/E,Inversions After Shuffle,Codeforces
http://codeforces.com/problemset/problem/101/C,Vectors,Codeforces
http://codeforces.com/problemset/problem/364/C,Beautiful Set,Codeforces
http://codeforces.com/problemset/problem/17/E,Palisection,Codeforces
http://codeforces.com/problemset/problem/243/C,Colorado Potato Beetle,Codeforces
http://codeforces.com/problemset/problem/277/C,Game,Codeforces
http://codeforces.com/problemset/problem/839/E,Mother of Dragons,Codeforces
http://codeforces.com/problemset/problem/809/C,Find a car,Codeforces
http://codeforces.com/problemset/problem/437/E,The Child and Polygon,Codeforces
http://codeforces.com/problemset/problem/40/E,Number Table,Codeforces
http://codeforces.com/problemset/problem/733/E,Sleep in Class,Codeforces
http://codeforces.com/problemset/problem/814/E,An unavoidable detour for home,Codeforces
http://codeforces.com/problemset/problem/12/E,Start of the session,Codeforces
http://codeforces.com/problemset/problem/23/E,Tree,Codeforces
http://codeforces.com/problemset/problem/285/E,Positions in Permutations,Codeforces
http://codeforces.com/problemset/problem/144/E,Competition,Codeforces
http://codeforces.com/problemset/problem/571/C,CNF 2,Codeforces
http://codeforces.com/problemset/problem/385/E,Bear in the Field,Codeforces
http://codeforces.com/problemset/problem/305/E,Playing with String,Codeforces
http://codeforces.com/problemset/problem/34/E,Collisions,Codeforces
http://codeforces.com/problemset/problem/123/C,Brackets,Codeforces
http://codeforces.com/problemset/problem/482/C,Game with Strings,Codeforces
http://codeforces.com/problemset/problem/7/E,Defining Macros,Codeforces
http://codeforces.com/problemset/problem/141/E,Clearing Up,Codeforces
http://codeforces.com/problemset/problem/226/C,Anniversary,Codeforces
http://codeforces.com/problemset/problem/362/E,Petya and Pipes,Codeforces
http://codeforces.com/problemset/problem/63/E,Sweets Game,Codeforces
http://codeforces.com/problemset/problem/115/C,Plumber,Codeforces
http://codeforces.com/problemset/problem/150/C,Smart Cheater,Codeforces
http://codeforces.com/problemset/problem/317/C,Balance,Codeforces
http://codeforces.com/problemset/problem/682/E,Alyona and Triangles,Codeforces
http://codeforces.com/problemset/problem/811/E,Vladik and Entertaining Flags,Codeforces
http://codeforces.com/problemset/problem/339/E,Three Swaps,Codeforces
http://codeforces.com/problemset/problem/219/E,Parking Lot,Codeforces
http://codeforces.com/problemset/problem/22/E,Scheme,Codeforces
http://codeforces.com/problemset/problem/467/E,Alex and Complicated Task,Codeforces
http://codeforces.com/problemset/problem/763/C,Timofey and remoduling,Codeforces
http://codeforces.com/problemset/problem/106/E,Space Rescuers,Codeforces
http://codeforces.com/problemset/problem/568/C,New Language,Codeforces
http://codeforces.com/problemset/problem/140/E,New Year Garland,Codeforces
http://codeforces.com/problemset/problem/494/C,Helping People,Codeforces
http://codeforces.com/problemset/problem/225/E,Unsolvable,Codeforces
http://codeforces.com/problemset/problem/55/E,Very simple problem,Codeforces
http://codeforces.com/problemset/problem/294/E,Shaass the Great,Codeforces
http://codeforces.com/problemset/problem/992/E,Nastya and King-Shamans,Codeforces
http://codeforces.com/problemset/problem/845/G,Shortest Path Problem?,Codeforces
http://codeforces.com/problemset/problem/10/E,Greedy Change,Codeforces
http://codeforces.com/problemset/problem/49/E,Common ancestor,Codeforces
http://codeforces.com/problemset/problem/253/E,Printer,Codeforces
http://codeforces.com/problemset/problem/32/E,Hide-and-Seek,Codeforces
http://codeforces.com/problemset/problem/398/C,Tree and Array,Codeforces
http://codeforces.com/problemset/problem/441/E,Valera and Number,Codeforces
http://codeforces.com/problemset/problem/833/C,Ever-Hungry Krakozyabra,Codeforces
http://codeforces.com/problemset/problem/260/E,Dividing Kingdom,Codeforces
http://codeforces.com/problemset/problem/704/C,Black Widow,Codeforces
http://codeforces.com/problemset/problem/431/E,Chemistry Experiment,Codeforces
http://codeforces.com/problemset/problem/36/E,Two Paths,Codeforces
http://codeforces.com/problemset/problem/73/E,Morrowindows,Codeforces
http://codeforces.com/problemset/problem/48/E,Ivan the Fool VS Gorynych the Dragon,Codeforces
http://codeforces.com/problemset/problem/758/E,Broken Tree,Codeforces
http://codeforces.com/problemset/problem/382/E,Ksenia and Combinatorics,Codeforces
http://codeforces.com/problemset/problem/868/E,Policeman and a Tree,Codeforces
http://codeforces.com/problemset/problem/78/E,Evacuation,Codeforces
http://codeforces.com/problemset/problem/203/E,Transportation,Codeforces
http://codeforces.com/problemset/problem/599/E,Sandy and Nuts,Codeforces
http://codeforces.com/problemset/problem/794/E,Choosing Carrot,Codeforces
http://codeforces.com/problemset/problem/359/E,Neatness,Codeforces
http://codeforces.com/problemset/problem/60/E,Mushroom Gnomes,Codeforces
http://codeforces.com/problemset/problem/311/C,Fetch the Treasure,Codeforces
http://codeforces.com/problemset/problem/71/E,Nuclear Fusion,Codeforces
http://codeforces.com/problemset/problem/47/E,Cannon,Codeforces
http://codeforces.com/problemset/problem/248/E,Piglet's Birthday,Codeforces
http://codeforces.com/problemset/problem/721/E,Road to Home,Codeforces
http://codeforces.com/problemset/problem/333/C,Lucky Tickets,Codeforces
http://codeforces.com/problemset/problem/263/E,Rhombus,Codeforces
http://codeforces.com/problemset/problem/152/E,Garden,Codeforces
http://codeforces.com/problemset/problem/596/E,Wilbur and Strings,Codeforces
http://codeforces.com/problemset/problem/685/C,Optimal Point,Codeforces
http://codeforces.com/problemset/problem/200/E,Tractor College,Codeforces
http://codeforces.com/problemset/problem/358/E,Dima and Kicks,Codeforces
http://codeforces.com/problemset/problem/51/E,Pentagon,Codeforces
http://codeforces.com/problemset/problem/534/E,Berland Local Positioning System,Codeforces
http://codeforces.com/problemset/problem/98/C,Help Greg the Dwarf,Codeforces
http://codeforces.com/problemset/problem/107/C,Arrangement,Codeforces
http://codeforces.com/problemset/problem/798/E,Mike and code of a permutation,Codeforces
http://codeforces.com/problemset/problem/70/E,Information Reform,Codeforces
http://codeforces.com/problemset/problem/332/E,Binary Key,Codeforces
http://codeforces.com/problemset/problem/873/E,Awards For Contestants,Codeforces
http://codeforces.com/problemset/problem/392/C,Yet Another Number Sequence,Codeforces
http://codeforces.com/problemset/problem/375/C,Circling Round Treasures,Codeforces
http://codeforces.com/problemset/problem/435/E,Special Graph,Codeforces
http://codeforces.com/problemset/problem/198/C,Delivering Carcinogen,Codeforces
http://codeforces.com/problemset/problem/50/E,Square Equation Roots,Codeforces
http://codeforces.com/problemset/problem/254/E,Dormitory,Codeforces
http://codeforces.com/problemset/problem/95/D,Horse Races,Codeforces
http://codeforces.com/problemset/problem/160/E,Buses and People,Codeforces
http://codeforces.com/problemset/problem/43/E,Race,Codeforces
http://codeforces.com/problemset/problem/83/C,Track,Codeforces
http://codeforces.com/problemset/problem/832/E,Vasya and Shifts,Codeforces
http://codeforces.com/problemset/problem/754/E,Dasha and cyclic table,Codeforces
http://codeforces.com/problemset/problem/15/E,Triangles,Codeforces
http://codeforces.com/problemset/problem/460/E,Roland and Rose,Codeforces
http://codeforces.com/problemset/problem/257/E,Greedy Elevator,Codeforces
http://codeforces.com/problemset/problem/390/E,Inna and Large Sweet Matrix,Codeforces
http://codeforces.com/problemset/problem/26/E,Multithreading,Codeforces
http://codeforces.com/problemset/problem/274/C,The Last Hole!,Codeforces
http://codeforces.com/problemset/problem/75/E,Ship's Shortest Path,Codeforces
http://codeforces.com/problemset/problem/175/E,Power Defence,Codeforces
http://codeforces.com/problemset/problem/593/E,Strange Calculation and Cats,Codeforces
http://codeforces.com/problemset/problem/681/E,Runaway to a Shadow,Codeforces
http://codeforces.com/problemset/problem/433/E,Tachibana Kanade's Tofu,Codeforces
http://codeforces.com/problemset/problem/37/E,Trial for Chief,Codeforces
http://codeforces.com/problemset/problem/93/C,Azembler,Codeforces
http://codeforces.com/problemset/problem/505/E,Mr. Kitayuta vs. Bamboos,Codeforces
http://codeforces.com/problemset/problem/217/C,Formurosa,Codeforces
http://codeforces.com/problemset/problem/105/E,Lift and Throw,Codeforces
http://codeforces.com/problemset/problem/68/E,Contact,Codeforces
http://codeforces.com/problemset/problem/119/E,Alternative Reality,Codeforces
http://codeforces.com/problemset/problem/478/E,Wavy numbers,Codeforces
http://codeforces.com/problemset/problem/42/E,Baldman and the military,Codeforces
http://codeforces.com/problemset/problem/424/E,Colored Jenga,Codeforces
http://codeforces.com/problemset/problem/79/E,Security System,Codeforces
http://codeforces.com/problemset/problem/54/E,Vacuum ?leaner,Codeforces
http://codeforces.com/problemset/problem/662/E,To Hack or not to Hack,Codeforces
http://codeforces.com/problemset/problem/592/E,BCPC,Codeforces
http://codeforces.com/problemset/problem/336/E,Vasily the Bear and Painting Square,Codeforces
http://codeforces.com/problemset/problem/625/E,Frog Fights,Codeforces
http://codeforces.com/problemset/problem/58/E,Expression,Codeforces
http://codeforces.com/problemset/problem/185/C,Clever Fat Rat,Codeforces
http://codeforces.com/problemset/problem/109/E,Lucky Interval,Codeforces
http://codeforces.com/problemset/problem/471/E,MUH and Lots and Lots of Segments,Codeforces
http://codeforces.com/problemset/problem/446/E,DZY Loves Bridges,Codeforces
http://codeforces.com/problemset/problem/57/E,Chess,Codeforces
http://codeforces.com/problemset/problem/394/E,Lightbulb for Minister,Codeforces
http://codeforces.com/problemset/problem/65/E,Harry Potter and Moving Staircases,Codeforces
http://codeforces.com/problemset/problem/117/E,Tree or not Tree,Codeforces
http://codeforces.com/problemset/problem/28/E,DravDe saves the world,Codeforces
http://codeforces.com/problemset/problem/581/E,Kojiro and Furrari,Codeforces
http://codeforces.com/problemset/problem/370/E,Summer Reading,Codeforces
http://codeforces.com/problemset/problem/401/E,Olympic Games,Codeforces
http://codeforces.com/problemset/problem/472/E,Design Tutorial: Learn from a Game,Codeforces
http://codeforces.com/problemset/problem/666/D,Chain Reaction,Codeforces
http://codeforces.com/problemset/problem/74/E,Shift It!,Codeforces
http://codeforces.com/problemset/problem/11/E,Forward, march!,Codeforces
http://codeforces.com/problemset/problem/232/C,Doe Graphs,Codeforces
http://codeforces.com/problemset/problem/33/E,Helper,Codeforces
http://codeforces.com/problemset/problem/363/E,Two Circles,Codeforces
http://codeforces.com/problemset/problem/62/E,World Evil,Codeforces
http://codeforces.com/problemset/problem/374/E,Inna and Babies,Codeforces
http://codeforces.com/problemset/problem/819/C,Mister B and Beacons on Field,Codeforces
