link,name,judge
http://poj.org/problem?id=1026,Cipher,PKU
http://poj.org/problem?id=1942,Paths on a Grid,PKU
http://poj.org/problem?id=1065,Wooden Sticks,PKU
http://poj.org/problem?id=1007,DNA Sorting,PKU
http://codeforces.com/problemset/problem/630/C,Lucky Numbers,Codeforces
https://uva.onlinejudge.org/index.php?option=onlinejudge&page=show_problem&problem=841,Brick Wall Patterns,UVA
http://poj.org/problem?id=3252,Round Numbers,PKU
http://www.spoj.com/problems/MARBLES/,Marbles,SPOJ
http://codeforces.com/problemset/problem/617/B,Chocolate,Codeforces
http://poj.org/problem?id=1019,Number Sequence,PKU
http://codeforces.com/problemset/problem/414/B,Mashmokh and ACM,Codeforces
https://uva.onlinejudge.org/index.php?option=onlinejudge&page=show_problem&problem=2396,Triangle Counting,UVA
https://uva.onlinejudge.org/index.php?option=onlinejudge&page=show_problem&problem=305,Combinations,UVA
http://codeforces.com/problemset/problem/621/B,Wet Shark and Bishops,Codeforces
http://codeforces.com/problemset/problem/476/B,Dreamoon and WiFi,Codeforces
http://codeforces.com/problemset/problem/478/B,Random Teams,Codeforces
http://www.spoj.com/problems/PERMUT1/,Permutations,SPOJ
http://codeforces.com/problemset/problem/610/A,Pasha and Stick,Codeforces
http://poj.org/problem?id=2154,Color,PKU
http://codeforces.com/problemset/problem/505/A,Mr. Kitayuta's Gift,Codeforces
https://uva.onlinejudge.org/index.php?option=onlinejudge&page=show_problem&problem=1630,Yet another Number Sequence,UVA
http://codeforces.com/problemset/problem/577/B,Modulo Sum,Codeforces
http://codeforces.com/problemset/problem/152/C,Pocket Book,Codeforces
https://uva.onlinejudge.org/index.php?option=onlinejudge&page=show_problem&problem=932,Safe Salutations,UVA
https://uva.onlinejudge.org/index.php?option=onlinejudge&page=show_problem&problem=882,Permutations,UVA
http://codeforces.com/problemset/problem/584/B,Kolya and Tanya ,Codeforces
http://poj.org/problem?id=1850,Code,PKU
http://codeforces.com/problemset/problem/553/A,Kyoya and Colored Balls,Codeforces
https://uva.onlinejudge.org/index.php?option=onlinejudge&page=show_problem&problem=1316,Choose and divide,UVA
http://codeforces.com/problemset/problem/131/C,The World is a Theatre,Codeforces
http://poj.org/problem?id=3372,Candy Distribution,PKU
https://uva.onlinejudge.org/index.php?option=onlinejudge&page=show_problem&problem=1244,How Many Trees?,UVA
http://poj.org/problem?id=2409,Let it Bead,PKU
http://codeforces.com/problemset/problem/322/B,Ciel and Flowers,Codeforces
https://uva.onlinejudge.org/index.php?option=onlinejudge&page=show_problem&problem=1164,How many nodes ?,UVA
http://poj.org/problem?id=1095,Trees Made to Order,PKU
http://codeforces.com/problemset/problem/840/A,Leha and Function,Codeforces
http://poj.org/problem?id=1286,Necklace of Beads,PKU
http://codeforces.com/problemset/problem/251/A,Points on Line,Codeforces
https://uva.onlinejudge.org/index.php?option=onlinejudge&page=show_problem&problem=948,Count the Trees,UVA
http://www.spoj.com/problems/HC12/,Card Game,SPOJ
http://poj.org/problem?id=2888,Magic Bracelet,PKU
http://codeforces.com/problemset/problem/518/D,Ilya and Escalator,Codeforces
http://codeforces.com/problemset/problem/459/C,Pashmak and Buses,Codeforces
https://uva.onlinejudge.org/index.php?option=onlinejudge&page=show_problem&problem=1253,Expression Bracketing,UVA
http://codeforces.com/problemset/problem/489/D,Unbearable Controversy of Being,Codeforces
http://poj.org/problem?id=2480,Longge's problem,PKU
http://poj.org/problem?id=3270,Cow Sorting,PKU
https://uva.onlinejudge.org/index.php?option=onlinejudge&page=show_problem&problem=498,Burger,UVA
http://codeforces.com/problemset/problem/630/F,Selection of Personnel,Codeforces
http://codeforces.com/problemset/problem/204/A,Little Elephant and Interval,Codeforces
http://poj.org/problem?id=2346,Lucky tickets,PKU
http://poj.org/problem?id=1737,Connected Graph,PKU
http://poj.org/problem?id=1037,A decorative fence,PKU
http://codeforces.com/problemset/problem/608/B,Hamming Distance Sum,Codeforces
https://uva.onlinejudge.org/index.php?option=onlinejudge&page=show_problem&problem=3106,Binomial Theorem,UVA
http://poj.org/problem?id=3244,Difference between Triplets,PKU
http://codeforces.com/problemset/problem/327/C,Magic Five,Codeforces
http://codeforces.com/problemset/problem/364/A,Matrix,Codeforces
http://codeforces.com/problemset/problem/552/D,Vanya and Triangles,Codeforces
http://poj.org/problem?id=3487,The Stable Marriage Problem,PKU
http://codeforces.com/problemset/problem/894/B,Ralph And His Magic Field,Codeforces
http://www.spoj.com/problems/ACMCEG2A/,FUN WITH NUMBERS,SPOJ
http://codeforces.com/problemset/problem/288/B,Polo the Penguin and Houses ,Codeforces
http://codeforces.com/problemset/problem/234/C,Weather,Codeforces
http://codeforces.com/problemset/problem/869/C,The Intriguing Obsession,Codeforces
http://poj.org/problem?id=3128,Leonardo's Notebook,PKU
http://codeforces.com/problemset/problem/374/B,Inna and Nine,Codeforces
http://codeforces.com/problemset/problem/300/C,Beautiful Numbers,Codeforces
http://codeforces.com/problemset/problem/340/C,Tourist Problem,Codeforces
http://poj.org/problem?id=1721,CARDS,PKU
http://codeforces.com/problemset/problem/500/D,New Year Santa Network,Codeforces
http://codeforces.com/problemset/problem/272/B,Dima and Sequence,Codeforces
http://codeforces.com/problemset/problem/171/B,Star,Codeforces
http://codeforces.com/problemset/problem/630/H,Benches,Codeforces
http://codeforces.com/problemset/problem/711/D,Directed Roads,Codeforces
http://codeforces.com/problemset/problem/150/B,Quantity of Strings,Codeforces
http://codeforces.com/problemset/problem/559/C,Gerald and Giant Chess,Codeforces
http://codeforces.com/problemset/problem/124/B,Permutations,Codeforces
http://codeforces.com/problemset/problem/401/D,Roman and Numbers,Codeforces
http://codeforces.com/problemset/problem/626/D,Jerry's Protest,Codeforces
http://codeforces.com/problemset/problem/785/D,Anton and School - 2,Codeforces
http://codeforces.com/problemset/problem/351/B,Jeff and Furik,Codeforces
http://codeforces.com/problemset/problem/568/B,Symmetric and Transitive,Codeforces
http://codeforces.com/problemset/problem/128/C,Games with Rectangle,Codeforces
http://poj.org/problem?id=1809,Regetni,PKU
https://icpcarchive.ecs.baylor.edu/index.php?option=onlinejudge&page=show_problem&problem=3407,Prime Factors,Live Archive
http://codeforces.com/problemset/problem/839/D,Winter is here,Codeforces
http://poj.org/problem?id=3590,The shuffle Problem,PKU
http://codeforces.com/problemset/problem/272/D,Dima and Two Sequences,Codeforces
http://codeforces.com/problemset/problem/319/A,Malek Dance Club,Codeforces
http://codeforces.com/problemset/problem/353/B,Two Heaps,Codeforces
http://codeforces.com/problemset/problem/466/D,Increase Sequence,Codeforces
http://codeforces.com/problemset/problem/232/A,Cycles,Codeforces
http://codeforces.com/problemset/problem/9/D,How many trees?,Codeforces
http://codeforces.com/problemset/problem/553/B,Kyoya and Permutation,Codeforces
http://codeforces.com/problemset/problem/788/B,Weird journey,Codeforces
http://codeforces.com/problemset/problem/571/A,Lengthening Sticks,Codeforces
http://codeforces.com/problemset/problem/414/C,Mashmokh and Reverse Operation,Codeforces
http://codeforces.com/problemset/problem/895/C,Square Subsets,Codeforces
http://codeforces.com/problemset/problem/557/D,Vitaly and Cycle,Codeforces
http://codeforces.com/problemset/problem/294/C,Shaass and Lights,Codeforces
http://codeforces.com/problemset/problem/107/B,Basketball Team,Codeforces
http://codeforces.com/problemset/problem/340/E,Iahub and Permutations,Codeforces
http://codeforces.com/problemset/problem/285/D,Permutation Sum,Codeforces
http://codeforces.com/problemset/problem/229/C,Triangles,Codeforces
http://codeforces.com/problemset/problem/295/C,Greg and Friends,Codeforces
http://codeforces.com/problemset/problem/258/C,Little Elephant and LCM,Codeforces
http://codeforces.com/problemset/problem/258/B,Little Elephant and Elections,Codeforces
http://codeforces.com/problemset/problem/630/I,Parking Lot,Codeforces
http://codeforces.com/problemset/problem/449/D,Jzzhu and Numbers,Codeforces
http://codeforces.com/problemset/problem/156/C,Cipher,Codeforces
http://codeforces.com/problemset/problem/570/E,Pig and Palindromes,Codeforces
http://codeforces.com/problemset/problem/57/C,Array,Codeforces
http://codeforces.com/problemset/problem/900/D,Unusual Sequences,Codeforces
http://codeforces.com/problemset/problem/145/C,Lucky Subsequence,Codeforces
http://codeforces.com/problemset/problem/121/C,Lucky Permutation,Codeforces
http://codeforces.com/problemset/problem/489/F,Special Matrices,Codeforces
http://codeforces.com/problemset/problem/223/C,Partial Sums,Codeforces
http://codeforces.com/problemset/problem/451/E,Devu and Flowers,Codeforces
http://codeforces.com/problemset/problem/712/D,Memory and Scores,Codeforces
http://codeforces.com/problemset/problem/356/C,Compartments,Codeforces
http://codeforces.com/problemset/problem/520/E,Pluses everywhere,Codeforces
http://poj.org/problem?id=1707,Sum of powers,PKU
http://codeforces.com/problemset/problem/232/B,Table,Codeforces
http://codeforces.com/problemset/problem/630/G,Challenge Pennants,Codeforces
http://codeforces.com/problemset/problem/213/B,Numbers,Codeforces
https://uva.onlinejudge.org/index.php?option=onlinejudge&page=show_problem&problem=2425,ETS Problem setting,UVA
http://codeforces.com/problemset/problem/452/C,Magic Trick,Codeforces
http://codeforces.com/problemset/problem/689/E,Mike and Geometry Problem,Codeforces
http://codeforces.com/problemset/problem/551/D,GukiZ and Binary Operations,Codeforces
http://codeforces.com/problemset/problem/575/H,Bots,Codeforces
http://poj.org/problem?id=2515,Birthday Cake,PKU
http://codeforces.com/problemset/problem/431/D,Random Task,Codeforces
http://codeforces.com/problemset/problem/327/E,Axis Walking,Codeforces
http://codeforces.com/problemset/problem/439/E,Devu and Birthday Celebration,Codeforces
http://codeforces.com/problemset/problem/612/E,Square Root of Permutation,Codeforces
http://codeforces.com/problemset/problem/52/B,Right Triangles,Codeforces
http://codeforces.com/problemset/problem/403/D,Beautiful Pairs of Numbers,Codeforces
http://codeforces.com/problemset/problem/336/D,Vasily the Bear and Beautiful Strings,Codeforces
http://codeforces.com/problemset/problem/840/C,On the Bench,Codeforces
http://codeforces.com/problemset/problem/895/D,String Mark,Codeforces
http://codeforces.com/problemset/problem/296/B,Yaroslav and Two Strings,Codeforces
http://codeforces.com/problemset/problem/272/E,Dima and Horses,Codeforces
http://codeforces.com/problemset/problem/91/C,Ski Base,Codeforces
http://codeforces.com/problemset/problem/74/C,Chessboard Billiard,Codeforces
http://poj.org/problem?id=1831,?????,PKU
http://codeforces.com/problemset/problem/226/D,The table,Codeforces
http://codeforces.com/problemset/problem/659/G,Fence Divercity,Codeforces
http://codeforces.com/problemset/problem/360/C,Levko and Strings,Codeforces
http://poj.org/problem?id=1052,Plato's Blocks,PKU
http://codeforces.com/problemset/problem/396/A,On Number of Decompositions into Multipliers,Codeforces
http://codeforces.com/problemset/problem/501/E,Misha and Palindrome Degree,Codeforces
http://codeforces.com/problemset/problem/660/E,Different Subsets For All Tuples,Codeforces
http://codeforces.com/problemset/problem/176/C,Playing with Superglue,Codeforces
http://codeforces.com/problemset/problem/111/D,Petya and Coloring,Codeforces
http://codeforces.com/problemset/problem/438/E,The Child and Binary Tree,Codeforces
http://codeforces.com/problemset/problem/809/C,Find a car,Codeforces
http://codeforces.com/problemset/problem/26/D,Tickets,Codeforces
http://poj.org/problem?id=1792,Hexagonal Routes,PKU
http://codeforces.com/problemset/problem/814/E,An unavoidable detour for home,Codeforces
http://codeforces.com/problemset/problem/666/C,Codeword,Codeforces
http://codeforces.com/problemset/problem/229/E,Gifts,Codeforces
http://codeforces.com/problemset/problem/367/E,Sereja and Intervals,Codeforces
http://codeforces.com/problemset/problem/295/D,Greg and Caves,Codeforces
http://codeforces.com/problemset/problem/140/E,New Year Garland,Codeforces
http://codeforces.com/problemset/problem/383/E,Vowels,Codeforces
http://codeforces.com/problemset/problem/28/C,Bath Queue,Codeforces
http://codeforces.com/problemset/problem/645/F,Cowslip Collections,Codeforces
http://codeforces.com/problemset/problem/285/E,Positions in Permutations,Codeforces
http://codeforces.com/problemset/problem/288/D,Polo the Penguin and Trees ,Codeforces
http://codeforces.com/problemset/problem/40/E,Number Table,Codeforces
http://codeforces.com/problemset/problem/323/A,Black-and-White Cube,Codeforces
http://codeforces.com/problemset/problem/156/D,Clues,Codeforces
http://codeforces.com/problemset/problem/293/B,Distinct Paths,Codeforces
http://codeforces.com/problemset/problem/123/C,Brackets,Codeforces
http://codeforces.com/problemset/problem/283/E,Cow Tennis Tournament,Codeforces
http://codeforces.com/problemset/problem/235/E,Number Challenge,Codeforces
http://codeforces.com/problemset/problem/26/C,Parquet,Codeforces
http://codeforces.com/problemset/problem/215/E,Periodical Numbers,Codeforces
http://codeforces.com/problemset/problem/305/D,Olya and Graph,Codeforces
http://codeforces.com/problemset/problem/722/E,Research Rover,Codeforces
http://codeforces.com/problemset/problem/51/E,Pentagon,Codeforces
http://codeforces.com/problemset/problem/482/D,Random Function and Tree,Codeforces
http://codeforces.com/problemset/problem/382/E,Ksenia and Combinatorics,Codeforces
http://codeforces.com/problemset/problem/217/D,Bitonix' Patrol,Codeforces
http://codeforces.com/problemset/problem/559/D,Randomizer,Codeforces
http://codeforces.com/problemset/problem/306/C,White, Black and White Again,Codeforces
http://codeforces.com/problemset/problem/201/E,Thoroughly Bureaucratic Organization,Codeforces
http://codeforces.com/problemset/problem/220/D,Little Elephant and Triangle,Codeforces
http://codeforces.com/problemset/problem/518/F,Pasha and Pipe,Codeforces
http://codeforces.com/problemset/problem/891/E,Lust,Codeforces
http://codeforces.com/problemset/problem/585/E,Present for Vitalik the Philatelist ,Codeforces
http://codeforces.com/problemset/problem/392/C,Yet Another Number Sequence,Codeforces
http://codeforces.com/problemset/problem/37/D,Lesson Timetable,Codeforces
http://codeforces.com/problemset/problem/653/G,Move by Prime,Codeforces
http://codeforces.com/problemset/problem/93/D,Flags,Codeforces
http://codeforces.com/problemset/problem/815/D,Karen and Cards,Codeforces
http://codeforces.com/problemset/problem/15/E,Triangles,Codeforces
http://codeforces.com/problemset/problem/145/D,Lucky Pair,Codeforces
http://codeforces.com/problemset/problem/396/D,On Sum of Number of Inversions in Permutations,Codeforces
http://codeforces.com/problemset/problem/623/E,Transforming Sequence,Codeforces
http://codeforces.com/problemset/problem/325/E,The Red Button,Codeforces
http://codeforces.com/problemset/problem/830/D,Singer House,Codeforces
http://codeforces.com/problemset/problem/380/D,Sereja and Cinema,Codeforces
http://codeforces.com/problemset/problem/457/D,Bingo!,Codeforces
http://codeforces.com/problemset/problem/848/D,Shake It!,Codeforces
http://codeforces.com/problemset/problem/135/E,Weak Subsequence,Codeforces
http://codeforces.com/problemset/problem/896/D,Nephren Runs a Cinema,Codeforces
http://codeforces.com/problemset/problem/113/E,Sleeping,Codeforces
http://codeforces.com/problemset/problem/372/E,Drawing Circles is Fun,Codeforces
http://codeforces.com/problemset/problem/336/E,Vasily the Bear and Painting Square,Codeforces
http://codeforces.com/problemset/problem/848/E,Days of Floral Colours,Codeforces
http://codeforces.com/problemset/problem/878/E,Numbers on the blackboard,Codeforces
http://codeforces.com/problemset/problem/44/I,Toys,Codeforces
