link,name,judge
https://uva.onlinejudge.org/index.php?option=onlinejudge&page=show_problem&problem=580,Don't Get Rooked,UVA
https://uva.onlinejudge.org/index.php?option=onlinejudge&page=show_problem&problem=38,Ecological Bin Packing,UVA
https://uva.onlinejudge.org/index.php?option=onlinejudge&page=show_problem&problem=382,Lotto,UVA
https://uva.onlinejudge.org/index.php?option=onlinejudge&page=show_problem&problem=90,Recycling,UVA
https://uva.onlinejudge.org/index.php?option=onlinejudge&page=show_problem&problem=1301,Rat Attack,UVA
https://uva.onlinejudge.org/index.php?option=onlinejudge&page=show_problem&problem=666,Division,UVA
https://uva.onlinejudge.org/index.php?option=onlinejudge&page=show_problem&problem=3678,Expert Enough?,UVA
https://uva.onlinejudge.org/index.php?option=onlinejudge&page=show_problem&problem=1603,The Wedding,UVA
