link,name,judge
http://www.spoj.com/problems/GSS2/,Can you answer these queries II,SPOJ
http://codeforces.com/problemset/problem/1/A,Theatre Square,Codeforces
http://www.spoj.com/problems/STPAR/,Street Parade,SPOJ
http://codeforces.com/problemset/problem/519/B,A and B and Compilation Errors,Codeforces
http://codeforces.com/problemset/problem/466/C,Number of Ways,Codeforces
http://codeforces.com/problemset/problem/767/A,Snacktower,Codeforces
http://codeforces.com/problemset/problem/427/B,Prison Transfer,Codeforces
http://codeforces.com/problemset/problem/514/B,Han Solo and Lazer Gun,Codeforces
http://codeforces.com/problemset/problem/368/B,Sereja and Suffixes,Codeforces
http://www.spoj.com/problems/AKVQLD03/,How to Handle the Fans,SPOJ
http://codeforces.com/problemset/problem/4/C,Registration System,Codeforces
http://codeforces.com/problemset/problem/501/B,Misha and Changing Handles,Codeforces
http://www.spoj.com/problems/GSS3/,Can you answer these queries III,SPOJ
https://uva.onlinejudge.org/index.php?option=onlinejudge&page=show_problem&problem=2493,Division of Nlogonia,UVA
https://icpcarchive.ecs.baylor.edu/index.php?option=onlinejudge&page=show_problem&problem=1507,4 Values whose Sum is 0,Live Archive
http://codeforces.com/problemset/problem/339/D,Xenia and Bit Operations,Codeforces
http://codeforces.com/problemset/problem/276/C,Little Girl and Maximum Sum,Codeforces
http://www.spoj.com/problems/KGSS/,Maximum Sum,SPOJ
http://codeforces.com/problemset/problem/650/A,Watchmen,Codeforces
https://www.urionlinejudge.com.br/judge/en/problems/view/1021,Banknotes and Coins,URI
http://www.spoj.com/problems/GSS1/,Can you answer these queries I,SPOJ
p?ID=347,Simple Math,A2 Online Judge
http://acm.tju.edu.cn/toj/showp1388.html,Hardwood Species,TJU
http://codeforces.com/problemset/problem/518/C,Anya and Smartphone,Codeforces
http://codeforces.com/problemset/problem/295/A,Greg and Array,Codeforces
http://codeforces.com/problemset/problem/264/A,Escape from Stones,Codeforces
http://codeforces.com/problemset/problem/777/B,Game of Credit Cards,Codeforces
http://codeforces.com/problemset/problem/713/A,Sonya and Queries,Codeforces
https://uva.onlinejudge.org/index.php?option=onlinejudge&page=show_problem&problem=2077,Hoax or what,UVA
http://codeforces.com/problemset/problem/349/B,Color the Fence,Codeforces
https://uva.onlinejudge.org/index.php?option=onlinejudge&page=show_problem&problem=3769,Binary Search Tree,UVA
http://codeforces.com/problemset/problem/218/B,Airport,Codeforces
http://codeforces.com/problemset/problem/637/B,Chat Order,Codeforces
http://codeforces.com/problemset/problem/567/C,Geometric Progression,Codeforces
http://codeforces.com/problemset/problem/834/B,The Festive Evening,Codeforces
http://www.spoj.com/problems/ACMCEG2B/,FIGUREFUL,SPOJ
http://codeforces.com/problemset/problem/577/B,Modulo Sum,Codeforces
http://codeforces.com/problemset/problem/356/A,Knight Tournament,Codeforces
http://codeforces.com/problemset/problem/704/A,Thor,Codeforces
http://codeforces.com/problemset/problem/1051/C,Vasya and Multisets,Codeforces
http://codeforces.com/problemset/problem/158/C,Cd and pwd commands,Codeforces
http://www.spoj.com/problems/TFRIENDS/,True Friends,SPOJ
http://codeforces.com/problemset/problem/816/B,Karen and Coffee,Codeforces
http://codeforces.com/problemset/problem/522/B,Photo to Remember,Codeforces
http://codeforces.com/problemset/problem/343/B,Alternating Current,Codeforces
https://icpcarchive.ecs.baylor.edu/index.php?option=onlinejudge&page=show_problem&problem=2391,Counting heaps,Live Archive
http://codeforces.com/problemset/problem/570/C,Replacement,Codeforces
http://codeforces.com/problemset/problem/380/C,Sereja and Brackets,Codeforces
http://codeforces.com/problemset/problem/612/C,Replace To Make Regular Bracket Sequence,Codeforces
http://codeforces.com/problemset/problem/220/B,Little Elephant and Array,Codeforces
http://codeforces.com/problemset/problem/340/D,Bubble Sort Graph,Codeforces
http://codeforces.com/problemset/problem/272/C,Dima and Staircase,Codeforces
http://codeforces.com/problemset/problem/681/C,Heap Operations,Codeforces
http://codeforces.com/problemset/problem/706/D,Vasiliy's Multiset,Codeforces
http://codeforces.com/problemset/problem/527/C,Glass Carving,Codeforces
https://www.urionlinejudge.com.br/judge/en/problems/view/1466,Level Order Tree Traversal,URI
http://codeforces.com/problemset/problem/572/B,Order Book,Codeforces
http://codeforces.com/problemset/problem/459/D,Pashmak and Parmida's problem,Codeforces
http://codeforces.com/problemset/problem/26/B,Regular Bracket Sequence,Codeforces
http://codeforces.com/problemset/problem/622/C,Not Equal on a Segment,Codeforces
http://codeforces.com/problemset/problem/332/B,Maximum Absurdity,Codeforces
http://codeforces.com/problemset/problem/519/D,A and B and Interesting Substrings,Codeforces
http://acm.timus.ru/problem.aspx?space=1&num=1220,Stacks,Timus
http://codeforces.com/problemset/problem/383/A,Milking cows,Codeforces
http://www.spoj.com/problems/CASHIER/,Blue Mary Needs Help Again,SPOJ
https://uva.onlinejudge.org/index.php?option=onlinejudge&page=show_problem&problem=3138,Almost Union-Find,UVA
http://codeforces.com/problemset/problem/86/D,Powerful array,Codeforces
http://codeforces.com/problemset/problem/573/B,Bear and Blocks,Codeforces
http://codeforces.com/problemset/problem/460/C,Present,Codeforces
http://codeforces.com/problemset/problem/5/C,Longest Regular Bracket Sequence,Codeforces
http://codeforces.com/problemset/problem/821/C,Okabe and Boxes,Codeforces
http://codeforces.com/problemset/problem/501/C,Misha and Forest,Codeforces
http://codeforces.com/problemset/problem/81/A,Plug-in,Codeforces
http://codeforces.com/problemset/problem/385/C,Bear and Prime Numbers,Codeforces
http://codeforces.com/problemset/problem/270/B,Multithreading,Codeforces
http://codeforces.com/problemset/problem/246/D,Colorful Graph,Codeforces
http://codeforces.com/problemset/problem/482/B,Interesting Array,Codeforces
http://codeforces.com/problemset/problem/547/B,Mike and Feet,Codeforces
http://codeforces.com/problemset/problem/659/E,New Reform,Codeforces
http://codeforces.com/problemset/problem/367/A,Sereja and Algorithm ,Codeforces
http://codeforces.com/problemset/problem/18/C,Stripe,Codeforces
http://codeforces.com/problemset/problem/271/D,Good Substrings,Codeforces
http://codeforces.com/problemset/problem/675/D,Tree Construction,Codeforces
http://codeforces.com/problemset/problem/52/C,Circular RMQ,Codeforces
http://codeforces.com/problemset/problem/739/B,Alyona and a tree,Codeforces
http://codeforces.com/problemset/problem/111/B,Petya and Divisors,Codeforces
http://acm.sgu.ru/problem.php?contest=0&problem=311,Ice-cream Tycoon,SGU
http://codeforces.com/problemset/problem/557/C,Arthur and Table,Codeforces
http://codeforces.com/problemset/problem/510/D,Fox And Jumping,Codeforces
http://codeforces.com/problemset/problem/91/B,Queue,Codeforces
http://codeforces.com/problemset/problem/616/D,Longest k-Good Segment,Codeforces
http://www.spoj.com/problems/SBE201P2/,SBE201 Linked List,SPOJ
http://codeforces.com/problemset/problem/605/B,Lazy Student,Codeforces
http://codeforces.com/problemset/problem/644/B,Processing Queries,Codeforces
http://codeforces.com/problemset/problem/451/C,Predict Outcome of the Game,Codeforces
http://codeforces.com/problemset/problem/159/C,String Manipulation 1.0,Codeforces
http://codeforces.com/problemset/problem/140/C,New Year Snowmen,Codeforces
http://codeforces.com/problemset/problem/900/C,Remove Extra One,Codeforces
http://codeforces.com/problemset/problem/527/D,Clique Problem,Codeforces
http://codeforces.com/problemset/problem/61/E,Enemy is weak,Codeforces
http://codeforces.com/problemset/problem/567/D,One-Dimensional Battle Ships,Codeforces
http://codeforces.com/problemset/problem/617/E,XOR and Favorite Number,Codeforces
http://codeforces.com/problemset/problem/629/D,Babaei and Birthday Cake,Codeforces
http://codeforces.com/problemset/problem/342/E,Xenia and Tree,Codeforces
http://codeforces.com/problemset/problem/364/A,Matrix,Codeforces
http://codeforces.com/problemset/problem/195/B,After Training,Codeforces
http://codeforces.com/problemset/problem/144/C,Anagram Search,Codeforces
http://codeforces.com/problemset/problem/359/D,Pair of Numbers,Codeforces
http://codeforces.com/problemset/problem/519/E,A and B and Lecture Rooms,Codeforces
http://codeforces.com/problemset/problem/383/C,Propagating tree,Codeforces
http://codeforces.com/problemset/problem/204/B,Little Elephant and Cards,Codeforces
http://codeforces.com/problemset/problem/255/C,Almost Arithmetical Progression,Codeforces
http://codeforces.com/problemset/problem/159/A,Friends or Not,Codeforces
http://codeforces.com/problemset/problem/242/C,King's Path,Codeforces
http://codeforces.com/problemset/problem/552/D,Vanya and Triangles,Codeforces
http://codeforces.com/problemset/problem/631/C,Report,Codeforces
http://codeforces.com/problemset/problem/675/C,Money Transfers,Codeforces
http://codeforces.com/problemset/problem/515/D,Drazil and Tiles,Codeforces
http://www.spoj.com/problems/ADALIST/,Ada and List,SPOJ
http://codeforces.com/problemset/problem/160/C,Find Pair,Codeforces
http://codeforces.com/problemset/problem/371/D,Vessels,Codeforces
http://codeforces.com/problemset/problem/319/B,Psychos in a Line,Codeforces
http://codeforces.com/problemset/problem/191/C,Fools and Roads,Codeforces
http://codeforces.com/problemset/problem/242/E,XOR on Segment,Codeforces
http://codeforces.com/problemset/problem/555/B,Case of Fugitive,Codeforces
http://codeforces.com/problemset/problem/474/F,Ant colony,Codeforces
http://codeforces.com/problemset/problem/375/B,Maximum Submatrix 2,Codeforces
http://codeforces.com/problemset/problem/229/B,Planets,Codeforces
http://codeforces.com/problemset/problem/777/E,Hanoi Factory,Codeforces
http://codeforces.com/problemset/problem/609/E,Minimum spanning tree for each edge,Codeforces
http://codeforces.com/problemset/problem/707/D,Persistent Bookcase ,Codeforces
http://codeforces.com/problemset/problem/627/B,Factory Repairs,Codeforces
http://codeforces.com/problemset/problem/280/B,Maximum Xor Secondary,Codeforces
http://codeforces.com/problemset/problem/6/E,Exposition,Codeforces
http://codeforces.com/problemset/problem/534/D,Handshakes,Codeforces
http://codeforces.com/problemset/problem/208/E,Blood Cousins,Codeforces
http://codeforces.com/problemset/problem/523/D,Statistics of Recompressing Videos,Codeforces
http://codeforces.com/problemset/problem/754/D,Fedor and coupons,Codeforces
http://codeforces.com/problemset/problem/641/E,Little Artem and Time Machine,Codeforces
http://codeforces.com/problemset/problem/475/D,CGCDSSQ,Codeforces
http://codeforces.com/problemset/problem/375/D,Tree and Queries,Codeforces
http://codeforces.com/problemset/problem/156/B,Suspects,Codeforces
http://codeforces.com/problemset/problem/367/B,Sereja ans Anagrams,Codeforces
http://codeforces.com/problemset/problem/253/C,Text Editor,Codeforces
http://codeforces.com/problemset/problem/438/D,The Child and Sequence,Codeforces
http://codeforces.com/problemset/problem/689/D,Friends and Subsequences,Codeforces
http://codeforces.com/problemset/problem/79/B,Colorful Field,Codeforces
http://codeforces.com/problemset/problem/113/B,Petr#,Codeforces
http://codeforces.com/problemset/problem/766/D,Mahmoud and a Dictionary,Codeforces
http://codeforces.com/problemset/problem/292/D,Connected Components,Codeforces
http://codeforces.com/problemset/problem/377/B,Preparing for the Contest,Codeforces
http://codeforces.com/problemset/problem/833/B,The Bakery,Codeforces
http://codeforces.com/problemset/problem/633/C,Spy Syndrome 2,Codeforces
http://codeforces.com/problemset/problem/29/C,Mail Stamps,Codeforces
http://codeforces.com/problemset/problem/703/D,Mishka and Interesting sum,Codeforces
http://codeforces.com/problemset/problem/601/B,Lipshitz Sequence,Codeforces
http://codeforces.com/problemset/problem/652/D,Nested Segments,Codeforces
http://codeforces.com/problemset/problem/637/D,Running with Obstacles,Codeforces
http://codeforces.com/problemset/problem/429/D,Tricky Function,Codeforces
http://codeforces.com/problemset/problem/767/D,Cartons of milk,Codeforces
http://codeforces.com/problemset/problem/514/D,R2D2 and Droid Army,Codeforces
http://codeforces.com/problemset/problem/292/E,Copying Data,Codeforces
http://codeforces.com/problemset/problem/27/C,Unordered Subsequence,Codeforces
http://codeforces.com/problemset/problem/842/D,Vitya and Strange Lesson,Codeforces
http://codeforces.com/problemset/problem/282/E,Sausage Maximization,Codeforces
http://codeforces.com/problemset/problem/474/E,Pillars,Codeforces
http://codeforces.com/problemset/problem/343/D,Water Tree,Codeforces
http://codeforces.com/problemset/problem/223/A,Bracket Sequence,Codeforces
http://codeforces.com/problemset/problem/749/D,Leaving Auction,Codeforces
http://codeforces.com/problemset/problem/558/E,A Simple Task,Codeforces
http://codeforces.com/problemset/problem/144/D,Missile Silos,Codeforces
http://codeforces.com/problemset/problem/69/E,Subsegments,Codeforces
http://codeforces.com/problemset/problem/721/D,Maxim and Array,Codeforces
http://codeforces.com/problemset/problem/501/D,Misha and Permutations Summation,Codeforces
http://codeforces.com/problemset/problem/587/C,Duff in the Army,Codeforces
http://codeforces.com/problemset/problem/685/B,Kay and Snowflake,Codeforces
http://codeforces.com/problemset/problem/830/B,Cards Sorting,Codeforces
http://codeforces.com/problemset/problem/487/B,Strip,Codeforces
http://codeforces.com/problemset/problem/555/C,Case of Chocolate,Codeforces
http://codeforces.com/problemset/problem/620/E,New Year Tree,Codeforces
http://codeforces.com/problemset/problem/520/D,Cubes,Codeforces
http://codeforces.com/problemset/problem/372/C,Watching Fireworks is Fun,Codeforces
http://codeforces.com/problemset/problem/566/D,Restructuring Company,Codeforces
http://codeforces.com/problemset/problem/446/C,DZY Loves Fibonacci Numbers,Codeforces
p?ID=294,Shortest Path,A2 Online Judge
http://codeforces.com/problemset/problem/243/B,Hydra,Codeforces
http://codeforces.com/problemset/problem/597/C,Subsequences,Codeforces
http://codeforces.com/problemset/problem/500/E,New Year Domino,Codeforces
http://codeforces.com/problemset/problem/316/E1,Summer Homework,Codeforces
http://codeforces.com/problemset/problem/484/D,Kindergarten,Codeforces
http://codeforces.com/problemset/problem/848/B,Rooter's Song,Codeforces
http://codeforces.com/problemset/problem/85/D,Sum of Medians,Codeforces
http://codeforces.com/problemset/problem/321/E,Ciel and Gondolas,Codeforces
http://codeforces.com/problemset/problem/675/E,Trains and Statistic,Codeforces
http://codeforces.com/problemset/problem/786/B,Legacy,Codeforces
http://codeforces.com/problemset/problem/442/C,Artem and Array ,Codeforces
http://codeforces.com/problemset/problem/79/C,Beaver,Codeforces
http://codeforces.com/problemset/problem/551/E,GukiZ and GukiZiana,Codeforces
http://codeforces.com/problemset/problem/819/B,Mister B and PR Shifts,Codeforces
http://codeforces.com/problemset/problem/13/E,Holes,Codeforces
http://codeforces.com/problemset/problem/538/F,A Heap of Heaps,Codeforces
http://codeforces.com/problemset/problem/145/E,Lucky Queries,Codeforces
http://codeforces.com/problemset/problem/677/D,Vanya and Treasure,Codeforces
http://codeforces.com/problemset/problem/766/E,Mahmoud and a xor trip,Codeforces
http://codeforces.com/problemset/problem/369/E,Valera and Queries,Codeforces
http://codeforces.com/problemset/problem/853/C,Boredom,Codeforces
http://codeforces.com/problemset/problem/101/B,Buses,Codeforces
http://codeforces.com/problemset/problem/580/E,Kefa and Watch,Codeforces
http://codeforces.com/problemset/problem/301/D,Yaroslav and Divisors,Codeforces
http://codeforces.com/problemset/problem/486/E,LIS of Sequence,Codeforces
http://codeforces.com/problemset/problem/223/B,Two Strings,Codeforces
http://codeforces.com/problemset/problem/525/D,Arthur and Walls,Codeforces
http://codeforces.com/problemset/problem/331/A2,Oh Sweet Beaverette,Codeforces
http://codeforces.com/problemset/problem/589/G,Hiring,Codeforces
http://codeforces.com/problemset/problem/515/E,Drazil and Park,Codeforces
http://codeforces.com/problemset/problem/314/C,Sereja and Subsequences,Codeforces
http://codeforces.com/problemset/problem/689/E,Mike and Geometry Problem,Codeforces
http://codeforces.com/problemset/problem/379/F,New Year Tree,Codeforces
http://codeforces.com/problemset/problem/396/C,On Changing Tree,Codeforces
http://codeforces.com/problemset/problem/461/C,Appleman and a Sheet of Paper,Codeforces
http://codeforces.com/problemset/problem/840/B,Leha and another game about graph,Codeforces
http://codeforces.com/problemset/problem/362/C,Insertion Sort,Codeforces
http://codeforces.com/problemset/problem/103/D,Time to Raid Cowavans,Codeforces
http://codeforces.com/problemset/problem/444/C,DZY Loves Colors,Codeforces
http://codeforces.com/problemset/problem/522/D,Closest Equals,Codeforces
http://codeforces.com/problemset/problem/631/D,Messenger,Codeforces
http://codeforces.com/problemset/problem/540/E,Infinite Inversions,Codeforces
http://codeforces.com/problemset/problem/455/D,Serega and Fun,Codeforces
http://codeforces.com/problemset/problem/420/C,Bug in Code,Codeforces
http://codeforces.com/problemset/problem/91/C,Ski Base,Codeforces
http://codeforces.com/problemset/problem/137/E,Last Chance,Codeforces
http://codeforces.com/problemset/problem/593/D,Happy Tree Party,Codeforces
http://codeforces.com/problemset/problem/650/D,Zip-line,Codeforces
http://codeforces.com/problemset/problem/246/E,Blood Cousins Return,Codeforces
http://www.spoj.com/problems/CRAYON/,Crayon,SPOJ
http://codeforces.com/problemset/problem/498/D,Traffic Jams in the Land,Codeforces
http://codeforces.com/problemset/problem/362/D,Fools and Foolproof Roads,Codeforces
http://codeforces.com/problemset/problem/75/D,Big Maximum Sum,Codeforces
http://codeforces.com/problemset/problem/627/C,Package Delivery,Codeforces
http://codeforces.com/problemset/problem/425/D,Sereja and Squares,Codeforces
http://codeforces.com/problemset/problem/311/B,Cats Transport,Codeforces
http://codeforces.com/problemset/problem/85/B,Embassy Queue,Codeforces
http://codeforces.com/problemset/problem/258/E,Little Elephant and Tree,Codeforces
http://codeforces.com/problemset/problem/786/C,Till I Collapse,Codeforces
http://codeforces.com/problemset/problem/665/E,Beautiful Subarrays,Codeforces
http://codeforces.com/problemset/problem/894/D,Ralph And His Tour in Binary Country,Codeforces
http://codeforces.com/problemset/problem/174/C,Range Increments,Codeforces
http://codeforces.com/problemset/problem/631/E,Product Sum,Codeforces
http://codeforces.com/problemset/problem/19/D,Points,Codeforces
http://codeforces.com/problemset/problem/138/C,Mushroom Gnomes - 2,Codeforces
http://www.spoj.com/problems/STJEPAN/,Beer Machines,SPOJ
http://codeforces.com/problemset/problem/56/C,Corporation Mail,Codeforces
http://codeforces.com/problemset/problem/400/E,Inna and Binary Logic,Codeforces
http://codeforces.com/problemset/problem/707/E,Garlands,Codeforces
http://codeforces.com/problemset/problem/56/E,Domino Principle,Codeforces
http://codeforces.com/problemset/problem/12/D,Ball,Codeforces
http://codeforces.com/problemset/problem/220/C,Little Elephant and Shifts,Codeforces
http://codeforces.com/problemset/problem/341/D,Iahub and Xors,Codeforces
http://codeforces.com/problemset/problem/524/E,Rooks and Rectangles,Codeforces
http://codeforces.com/problemset/problem/785/E,Anton and Permutation,Codeforces
http://codeforces.com/problemset/problem/46/D,Parking Lot,Codeforces
http://codeforces.com/problemset/problem/557/E,Ann and Half-Palindrome,Codeforces
http://codeforces.com/problemset/problem/610/D,Vika and Segments,Codeforces
http://codeforces.com/problemset/problem/421/D,Bug in Code,Codeforces
http://codeforces.com/problemset/problem/165/D,Beard Graph,Codeforces
http://codeforces.com/problemset/problem/484/E,Sign on Fence,Codeforces
http://codeforces.com/problemset/problem/374/D,Inna and Sequence ,Codeforces
http://codeforces.com/problemset/problem/37/C,Old Berland Language,Codeforces
http://codeforces.com/problemset/problem/220/E,Little Elephant and Inversions,Codeforces
http://codeforces.com/problemset/problem/644/C,Hostname Aliases,Codeforces
http://codeforces.com/problemset/problem/490/F,Treeland Tour,Codeforces
http://codeforces.com/problemset/problem/46/E,Comb,Codeforces
http://codeforces.com/problemset/problem/558/D,Guess Your Way Out! II,Codeforces
http://codeforces.com/problemset/problem/159/E,Zebra Tower,Codeforces
http://codeforces.com/problemset/problem/177/D2,Encrypting Messages,Codeforces
http://codeforces.com/problemset/problem/231/E,Cactus,Codeforces
http://codeforces.com/problemset/problem/332/C,Students' Revenge,Codeforces
http://codeforces.com/problemset/problem/66/C,Petya and File System,Codeforces
http://codeforces.com/problemset/problem/601/D,Acyclic Organic Compounds,Codeforces
http://www.spoj.com/problems/ADABERRY/,Ada and Mulberry,SPOJ
http://codeforces.com/problemset/problem/190/E,Counter Attack,Codeforces
http://codeforces.com/problemset/problem/739/C,Alyona and towers,Codeforces
http://codeforces.com/problemset/problem/639/D,Bear and Contribution,Codeforces
http://codeforces.com/problemset/problem/869/E,The Untended Antiquity,Codeforces
http://codeforces.com/problemset/problem/366/D,Dima and Trap Graph,Codeforces
http://codeforces.com/problemset/problem/216/D,Spider's Web,Codeforces
http://codeforces.com/problemset/problem/121/E,Lucky Array,Codeforces
http://codeforces.com/problemset/problem/706/E,Working routine,Codeforces
http://codeforces.com/problemset/problem/276/E,Little Girl and Problem on Trees,Codeforces
http://codeforces.com/problemset/problem/5/E,Bindian Signalizing,Codeforces
http://codeforces.com/problemset/problem/611/E,New Year and Three Musketeers,Codeforces
http://codeforces.com/problemset/problem/425/C,Sereja and Two Sequences,Codeforces
http://codeforces.com/problemset/problem/82/C,General Mobilization,Codeforces
http://codeforces.com/problemset/problem/387/E,George and Cards,Codeforces
http://codeforces.com/problemset/problem/67/D,Optical Experiment,Codeforces
http://codeforces.com/problemset/problem/891/C,Envy,Codeforces
http://codeforces.com/problemset/problem/900/E,Maximum Questions,Codeforces
http://codeforces.com/problemset/problem/348/C,Subset Sums,Codeforces
http://codeforces.com/problemset/problem/331/B2,Shave Beaver!,Codeforces
http://codeforces.com/problemset/problem/526/F,Pudding Monsters,Codeforces
http://codeforces.com/problemset/problem/314/D,Sereja and Straight Lines,Codeforces
http://codeforces.com/problemset/problem/895/E,Eyes Closed,Codeforces
http://codeforces.com/problemset/problem/594/D,REQ,Codeforces
http://codeforces.com/problemset/problem/398/D,Instant Messanger,Codeforces
http://codeforces.com/problemset/problem/76/F,Tourist,Codeforces
http://codeforces.com/problemset/problem/30/E,Tricky and Clever Password,Codeforces
http://codeforces.com/problemset/problem/848/C,Goodbye Souvenir,Codeforces
http://codeforces.com/problemset/problem/547/E,Mike and Friends,Codeforces
http://codeforces.com/problemset/problem/741/D,Arpa’s letter-marked tree and Mehrdad’s Dokhtar-kosh paths,Codeforces
http://codeforces.com/problemset/problem/144/E,Competition,Codeforces
http://codeforces.com/problemset/problem/414/D,Mashmokh and Water Tanks,Codeforces
http://codeforces.com/problemset/problem/660/F,Bear and Bowling 4,Codeforces
http://codeforces.com/problemset/problem/191/E,Thwarting Demonstrations,Codeforces
http://codeforces.com/problemset/problem/45/C,Dancing Lessons,Codeforces
http://codeforces.com/problemset/problem/390/C,Inna and Candy Boxes,Codeforces
http://codeforces.com/problemset/problem/487/D,Conveyor Belts,Codeforces
http://codeforces.com/problemset/problem/542/A,Place Your Ad Here,Codeforces
http://codeforces.com/problemset/problem/91/E,Igloo Skyscraper,Codeforces
http://codeforces.com/problemset/problem/609/F,Frogs and mosquitoes,Codeforces
http://codeforces.com/problemset/problem/420/D,Cup Trick,Codeforces
http://codeforces.com/problemset/problem/467/E,Alex and Complicated Task,Codeforces
http://codeforces.com/problemset/problem/749/E,Inversions After Shuffle,Codeforces
http://codeforces.com/problemset/problem/295/E,Yaroslav and Points,Codeforces
http://codeforces.com/problemset/problem/163/E,e-Government,Codeforces
http://codeforces.com/problemset/problem/372/D,Choosing Subtree is Fun,Codeforces
http://codeforces.com/problemset/problem/35/E,Parade,Codeforces
http://codeforces.com/problemset/problem/280/D,k-Maximum Subsequence Sum,Codeforces
http://codeforces.com/problemset/problem/840/D,Destiny,Codeforces
http://codeforces.com/problemset/problem/240/F,TorCoder,Codeforces
http://codeforces.com/problemset/problem/549/F,Yura and Developers,Codeforces
http://codeforces.com/problemset/problem/628/E,Zbazi in Zeydabad,Codeforces
http://codeforces.com/problemset/problem/452/E,Three strings,Codeforces
http://codeforces.com/problemset/problem/115/E,Linear Kingdom Races,Codeforces
http://codeforces.com/problemset/problem/70/C,Lucky Tickets,Codeforces
http://codeforces.com/problemset/problem/712/E,Memory and Casinos,Codeforces
http://codeforces.com/problemset/problem/487/E,Tourists,Codeforces
http://codeforces.com/problemset/problem/351/D,Jeff and Removing Periods,Codeforces
http://codeforces.com/problemset/problem/176/E,Archaeology,Codeforces
http://codeforces.com/problemset/problem/219/E,Parking Lot,Codeforces
http://codeforces.com/problemset/problem/671/D,Roads in Yusland,Codeforces
http://codeforces.com/problemset/problem/200/A,Cinema,Codeforces
http://codeforces.com/problemset/problem/253/E,Printer,Codeforces
http://codeforces.com/problemset/problem/266/E,More Queries to Array...,Codeforces
http://codeforces.com/problemset/problem/687/D,Dividing Kingdom II,Codeforces
http://codeforces.com/problemset/problem/811/E,Vladik and Entertaining Flags,Codeforces
http://codeforces.com/problemset/problem/452/F,Permutation,Codeforces
http://codeforces.com/problemset/problem/213/E,Two Permutations,Codeforces
http://codeforces.com/problemset/problem/311/D,Interval Cubing,Codeforces
http://codeforces.com/problemset/problem/671/C,Ultimate Weirdness of an Array,Codeforces
http://codeforces.com/problemset/problem/605/D,Board Game,Codeforces
http://codeforces.com/problemset/problem/70/D,Professor's task,Codeforces
http://codeforces.com/problemset/problem/313/E,Ilya and Two Numbers,Codeforces
http://codeforces.com/problemset/problem/377/D,Developing Game,Codeforces
http://codeforces.com/problemset/problem/713/D,Animals and Puzzle,Codeforces
http://codeforces.com/problemset/problem/633/E,Startup Funding,Codeforces
http://codeforces.com/problemset/problem/610/E,Alphabet Permutations,Codeforces
http://codeforces.com/problemset/problem/424/D,Biathlon Track,Codeforces
http://codeforces.com/problemset/problem/442/D,Adam and Tree,Codeforces
http://codeforces.com/problemset/problem/685/D,Kay and Eternity,Codeforces
http://codeforces.com/problemset/problem/653/F,Paper task,Codeforces
http://codeforces.com/problemset/problem/316/E3,Summer Homework,Codeforces
http://codeforces.com/problemset/problem/38/G,Queue,Codeforces
http://codeforces.com/problemset/problem/66/E,Petya and Post,Codeforces
http://codeforces.com/problemset/problem/618/E,Robot Arm,Codeforces
http://codeforces.com/problemset/problem/150/C,Smart Cheater,Codeforces
http://codeforces.com/problemset/problem/89/C,Chip Play,Codeforces
http://codeforces.com/problemset/problem/436/E,Cardboard Box,Codeforces
http://codeforces.com/problemset/problem/607/D,Power Tree,Codeforces
http://codeforces.com/problemset/problem/494/D,Birthday,Codeforces
http://codeforces.com/problemset/problem/195/E,Building Forest,Codeforces
http://codeforces.com/problemset/problem/293/E,Close Vertices,Codeforces
http://codeforces.com/problemset/problem/182/C,Optimal Sum,Codeforces
http://codeforces.com/problemset/problem/28/D,Don't fear, DravDe is kind,Codeforces
http://codeforces.com/problemset/problem/878/C,Tournament,Codeforces
http://codeforces.com/problemset/problem/633/G,Yash And Trees,Codeforces
http://codeforces.com/problemset/problem/338/E,Optimize!,Codeforces
http://codeforces.com/problemset/problem/204/E,Little Elephant and Strings,Codeforces
http://codeforces.com/problemset/problem/256/E,Lucky Arrays,Codeforces
http://codeforces.com/problemset/problem/283/E,Cow Tennis Tournament,Codeforces
http://codeforces.com/problemset/problem/226/C,Anniversary,Codeforces
http://codeforces.com/problemset/problem/217/E,Alien DNA,Codeforces
http://codeforces.com/problemset/problem/196/D,The Next Good String,Codeforces
http://codeforces.com/problemset/problem/464/E,The Classic Problem,Codeforces
http://codeforces.com/problemset/problem/160/E,Buses and People,Codeforces
http://codeforces.com/problemset/problem/633/H,Fibonacci-ish II,Codeforces
http://codeforces.com/problemset/problem/603/E,Pastoral Oddities,Codeforces
http://codeforces.com/problemset/problem/513/D2,Constrained Tree,Codeforces
http://codeforces.com/problemset/problem/319/E,Ping-Pong,Codeforces
http://codeforces.com/problemset/problem/587/E,Duff as a Queen,Codeforces
http://codeforces.com/problemset/problem/286/D,Tourists,Codeforces
http://codeforces.com/problemset/problem/68/D,Half-decay tree,Codeforces
http://codeforces.com/problemset/problem/226/E,Noble Knight's Path,Codeforces
http://codeforces.com/problemset/problem/455/E,Function,Codeforces
http://codeforces.com/problemset/problem/620/F,Xors on Segments,Codeforces
http://codeforces.com/problemset/problem/815/D,Karen and Cards,Codeforces
http://codeforces.com/problemset/problem/380/E,Sereja and Dividing,Codeforces
http://codeforces.com/problemset/problem/198/E,Gripping Story,Codeforces
http://codeforces.com/problemset/problem/650/E,Clockwork Bomb,Codeforces
http://codeforces.com/problemset/problem/249/D,Donkey and Stars,Codeforces
http://codeforces.com/problemset/problem/264/E,Roadside Trees,Codeforces
http://codeforces.com/problemset/problem/187/D,BRT Contract ,Codeforces
http://codeforces.com/problemset/problem/763/D,Timofey and a flat tree,Codeforces
http://codeforces.com/problemset/problem/536/E,Tavas on the Path,Codeforces
http://codeforces.com/problemset/problem/145/D,Lucky Pair,Codeforces
http://codeforces.com/problemset/problem/212/D,Cutting a Fence,Codeforces
http://codeforces.com/problemset/problem/311/C,Fetch the Treasure,Codeforces
http://codeforces.com/problemset/problem/666/E,Forensic Examination,Codeforces
http://codeforces.com/problemset/problem/193/D,Two Segments,Codeforces
http://codeforces.com/problemset/problem/228/D,Zigzag,Codeforces
http://codeforces.com/problemset/problem/257/E,Greedy Elevator,Codeforces
http://codeforces.com/problemset/problem/274/E,Mirror Room,Codeforces
http://codeforces.com/problemset/problem/809/D,Hitchhiking in the Baltic States,Codeforces
http://codeforces.com/problemset/problem/679/E,Bear and Bad Powers of 42,Codeforces
http://codeforces.com/problemset/problem/896/E,Welcome home, Chtholly,Codeforces
http://codeforces.com/problemset/problem/316/E2,Summer Homework,Codeforces
http://codeforces.com/problemset/problem/241/B,Friends,Codeforces
http://codeforces.com/problemset/problem/472/G,Design Tutorial: Increase the Constraints,Codeforces
http://codeforces.com/problemset/problem/269/D,Maximum Waterfall,Codeforces
http://codeforces.com/problemset/problem/524/F,And Yet Another Bracket Sequence,Codeforces
http://codeforces.com/problemset/problem/418/D,Big Problems for Organizers,Codeforces
http://codeforces.com/problemset/problem/323/C,Two permutations,Codeforces
http://codeforces.com/problemset/problem/589/C,Polycarp's Masterpiece,Codeforces
http://codeforces.com/problemset/problem/798/E,Mike and code of a permutation,Codeforces
http://codeforces.com/problemset/problem/260/E,Dividing Kingdom,Codeforces
http://codeforces.com/problemset/problem/700/D,Huffman Coding on Segment,Codeforces
http://codeforces.com/problemset/problem/407/E,k-d-sequence,Codeforces
http://codeforces.com/problemset/problem/431/E,Chemistry Experiment,Codeforces
http://codeforces.com/problemset/problem/453/E,Little Pony and Lord Tirek,Codeforces
http://codeforces.com/problemset/problem/15/D,Map,Codeforces
http://codeforces.com/problemset/problem/74/D,Hanger,Codeforces
http://codeforces.com/problemset/problem/573/D,Bear and Cavalry,Codeforces
http://codeforces.com/problemset/problem/480/E,Parking Lot,Codeforces
http://codeforces.com/problemset/problem/47/E,Cannon,Codeforces
http://codeforces.com/problemset/problem/263/E,Rhombus,Codeforces
http://codeforces.com/problemset/problem/626/G,Raffles,Codeforces
http://codeforces.com/problemset/problem/232/D,Fence,Codeforces
http://codeforces.com/problemset/problem/601/E,A Museum Robbery,Codeforces
http://codeforces.com/problemset/problem/413/E,Maze 2D,Codeforces
http://codeforces.com/problemset/problem/306/B,Optimizer,Codeforces
http://codeforces.com/problemset/problem/173/E,Camping Groups,Codeforces
http://codeforces.com/problemset/problem/860/E,Arkady and a Nobody-men,Codeforces
http://codeforces.com/problemset/problem/150/E,Freezing with Style,Codeforces
http://codeforces.com/problemset/problem/436/F,Banners,Codeforces
http://codeforces.com/problemset/problem/741/E,Arpa’s abnormal DNA and Mehrdad’s deep interest,Codeforces
http://codeforces.com/problemset/problem/471/E,MUH and Lots and Lots of Segments,Codeforces
http://codeforces.com/problemset/problem/575/I,Robots protection,Codeforces
http://codeforces.com/problemset/problem/482/E,ELCA,Codeforces
http://codeforces.com/problemset/problem/185/E,Soap Time! - 2,Codeforces
http://codeforces.com/problemset/problem/238/D,Tape Programming,Codeforces
http://codeforces.com/problemset/problem/671/E,Organizing a Race,Codeforces
http://codeforces.com/problemset/problem/571/D,Campus,Codeforces
http://codeforces.com/problemset/problem/331/D3,Escaping on Beaveractor,Codeforces
http://codeforces.com/problemset/problem/786/D,Rap God,Codeforces
http://codeforces.com/problemset/problem/576/E,Painting Edges,Codeforces
http://codeforces.com/problemset/problem/363/E,Two Circles,Codeforces
http://codeforces.com/problemset/problem/414/E,Mashmokh's Designed Problem,Codeforces
http://codeforces.com/problemset/problem/587/F,Duff is Mad,Codeforces
http://codeforces.com/problemset/problem/391/D2,Supercollider,Codeforces
http://codeforces.com/problemset/problem/243/D,Cubes,Codeforces
http://codeforces.com/problemset/problem/475/F,Meta-universe,Codeforces
http://codeforces.com/problemset/problem/175/F,Gnomes of Might and Magic,Codeforces
http://codeforces.com/problemset/problem/542/B,Duck Hunt,Codeforces
http://codeforces.com/problemset/problem/100/G,Name the album,Codeforces
http://codeforces.com/problemset/problem/403/E,Two Rooted Trees,Codeforces
http://codeforces.com/problemset/problem/297/E,Mystic Carvings,Codeforces
http://codeforces.com/problemset/problem/187/E,Heaven Tour,Codeforces
http://codeforces.com/problemset/problem/280/E,Sequence Transformation,Codeforces
http://codeforces.com/problemset/problem/833/D,Red-Black Cobweb,Codeforces
http://codeforces.com/problemset/problem/207/C3,Game with Two Trees,Codeforces
http://codeforces.com/problemset/problem/117/E,Tree or not Tree,Codeforces
http://codeforces.com/problemset/problem/833/E,Caramel Clouds,Codeforces
http://codeforces.com/problemset/problem/243/E,Matrix,Codeforces
http://codeforces.com/problemset/problem/477/E,Dreamoon and Notepad,Codeforces
http://codeforces.com/problemset/problem/392/D,Three Arrays,Codeforces
http://codeforces.com/problemset/problem/625/E,Frog Fights,Codeforces
http://codeforces.com/problemset/problem/543/E,Listening to Music,Codeforces
http://codeforces.com/problemset/problem/533/A,Berland Miners,Codeforces
http://codeforces.com/problemset/problem/374/E,Inna and Babies,Codeforces
http://codeforces.com/problemset/problem/568/E,Longest Increasing Subsequence,Codeforces
http://codeforces.com/problemset/problem/167/D,Wizards and Roads,Codeforces
http://codeforces.com/problemset/problem/788/E,New task,Codeforces
http://codeforces.com/problemset/problem/538/H,Summer Dichotomy,Codeforces
http://codeforces.com/problemset/problem/418/E,Tricky Password,Codeforces
http://codeforces.com/problemset/problem/853/E,Lada Malina,Codeforces
http://codeforces.com/problemset/problem/786/E,ALT,Codeforces
http://codeforces.com/problemset/problem/533/D,Landmarks,Codeforces
http://codeforces.com/problemset/problem/44/G,Shooting Gallery,Codeforces
http://codeforces.com/problemset/problem/639/F,Bear and Chemistry,Codeforces
http://codeforces.com/problemset/problem/188/H,Stack,Codeforces
