link,name,judge
http://www.spoj.com/problems/DSUBSEQ/,Distinct Subsequences,SPOJ
https://uva.onlinejudge.org/index.php?option=onlinejudge&page=show_problem&problem=53,The Postal Worker Rings Once,UVA
http://acm.tju.edu.cn/toj/showp1056.html,Labyrinth,TJU
http://codeforces.com/problemset/problem/20/C,Dijkstra?,Codeforces
https://uva.onlinejudge.org/index.php?option=onlinejudge&page=show_problem&problem=1498,XYZZY,UVA
https://icpcarchive.ecs.baylor.edu/index.php?option=onlinejudge&page=show_problem&problem=2362,Tobo or not Tobo,Live Archive
https://uva.onlinejudge.org/index.php?option=onlinejudge&page=show_problem&problem=2733,Pick up sticks,UVA
https://uva.onlinejudge.org/index.php?option=onlinejudge&page=show_problem&problem=2352,Full Tank?,UVA
