link,name,judge
http://codeforces.com/problemset/problem/559/B,Equivalent Strings,Codeforces
http://codeforces.com/problemset/problem/161/D,Distance in Tree,Codeforces
http://codeforces.com/problemset/problem/448/C,Painting Fence,Codeforces
http://codeforces.com/problemset/problem/459/D,Pashmak and Parmida's problem,Codeforces
http://codeforces.com/problemset/problem/342/E,Xenia and Tree,Codeforces
http://codeforces.com/problemset/problem/321/C,Ciel the Commander,Codeforces
http://codeforces.com/problemset/problem/513/B2,Permutations,Codeforces
http://codeforces.com/problemset/problem/337/D,Book of Evil,Codeforces
http://codeforces.com/problemset/problem/576/C,Points on Plane,Codeforces
http://codeforces.com/problemset/problem/414/C,Mashmokh and Reverse Operation,Codeforces
http://codeforces.com/problemset/problem/9/D,How many trees?,Codeforces
http://codeforces.com/problemset/problem/372/B,Counting Rectangles is Fun,Codeforces
http://codeforces.com/problemset/problem/429/D,Tricky Function,Codeforces
http://codeforces.com/problemset/problem/234/G,Practice,Codeforces
http://codeforces.com/problemset/problem/744/B,Hongcow's Game,Codeforces
http://codeforces.com/problemset/problem/321/E,Ciel and Gondolas,Codeforces
http://codeforces.com/problemset/problem/379/F,New Year Tree,Codeforces
http://codeforces.com/problemset/problem/786/C,Till I Collapse,Codeforces
http://codeforces.com/problemset/problem/632/E,Thief in a Shop,Codeforces
http://codeforces.com/problemset/problem/19/E,Fairy,Codeforces
http://codeforces.com/problemset/problem/250/D,Building Bridge,Codeforces
http://codeforces.com/problemset/problem/715/C,Digit Tree,Codeforces
http://codeforces.com/problemset/problem/196/C,Paint Tree,Codeforces
http://codeforces.com/problemset/problem/433/D,Nanami's Digital Board,Codeforces
http://codeforces.com/problemset/problem/120/J,Minimum Sum,Codeforces
http://codeforces.com/problemset/problem/662/C,Binary Table,Codeforces
http://codeforces.com/problemset/problem/665/E,Beautiful Subarrays,Codeforces
http://codeforces.com/problemset/problem/627/C,Package Delivery,Codeforces
http://codeforces.com/problemset/problem/161/C,Abracadabra,Codeforces
http://codeforces.com/problemset/problem/452/F,Permutation,Codeforces
http://codeforces.com/problemset/problem/383/E,Vowels,Codeforces
http://codeforces.com/problemset/problem/438/E,The Child and Binary Tree,Codeforces
http://codeforces.com/problemset/problem/293/E,Close Vertices,Codeforces
http://codeforces.com/problemset/problem/549/F,Yura and Developers,Codeforces
http://codeforces.com/problemset/problem/632/F,Magic Matrix,Codeforces
http://codeforces.com/problemset/problem/440/C,One-Based Arithmetic,Codeforces
http://codeforces.com/problemset/problem/848/C,Goodbye Souvenir,Codeforces
http://codeforces.com/problemset/problem/97/B,Superset,Codeforces
http://codeforces.com/problemset/problem/613/D,Kingdom and its Cities,Codeforces
http://codeforces.com/problemset/problem/809/C,Find a car,Codeforces
http://codeforces.com/problemset/problem/526/F,Pudding Monsters,Codeforces
http://codeforces.com/problemset/problem/573/D,Bear and Cavalry,Codeforces
http://codeforces.com/problemset/problem/480/E,Parking Lot,Codeforces
http://codeforces.com/problemset/problem/217/C,Formurosa,Codeforces
http://codeforces.com/problemset/problem/117/D,Not Quick Transformation,Codeforces
http://codeforces.com/problemset/problem/536/E,Tavas on the Path,Codeforces
http://codeforces.com/problemset/problem/343/E,Pumping Stations,Codeforces
http://codeforces.com/problemset/problem/500/F,New Year Shopping,Codeforces
http://codeforces.com/problemset/problem/589/C,Polycarp's Masterpiece,Codeforces
http://codeforces.com/problemset/problem/413/E,Maze 2D,Codeforces
http://codeforces.com/problemset/problem/68/D,Half-decay tree,Codeforces
http://codeforces.com/problemset/problem/512/E,Fox And Polygon,Codeforces
http://codeforces.com/problemset/problem/603/E,Pastoral Oddities,Codeforces
http://codeforces.com/problemset/problem/809/E,Surprise me!,Codeforces
http://codeforces.com/problemset/problem/150/E,Freezing with Style,Codeforces
http://codeforces.com/problemset/problem/232/E,Quick Tortoise,Codeforces
http://codeforces.com/problemset/problem/101/E,Candies and Stones,Codeforces
http://codeforces.com/problemset/problem/833/D,Red-Black Cobweb,Codeforces
http://codeforces.com/problemset/problem/117/E,Tree or not Tree,Codeforces
http://codeforces.com/problemset/problem/364/E,Empty Rectangles,Codeforces
http://codeforces.com/problemset/problem/842/E,Nikita and game,Codeforces
http://codeforces.com/problemset/problem/232/C,Doe Graphs,Codeforces
http://codeforces.com/problemset/problem/566/C,Logistical Questions,Codeforces
http://codeforces.com/problemset/problem/167/D,Wizards and Roads,Codeforces
http://codeforces.com/problemset/problem/788/D,Finding lines,Codeforces
http://codeforces.com/problemset/problem/434/E,Furukawa Nagisa's Tree,Codeforces
