link,name,judge
http://codeforces.com/problemset/problem/4/B,Before an Exam,Codeforces
http://poj.org/problem?id=1001,Exponentiation,PKU
http://www.spoj.com/problems/CPCRC1C/,Sum of Digits,SPOJ
http://www.spoj.com/problems/GNY07H/,Tiling a Grid With Dominoes,SPOJ
http://acm.timus.ru/problem.aspx?space=1&num=1353,Milliard Vasya's Function,Timus
http://www.spoj.com/problems/HIST2/,Histogram,SPOJ
https://uva.onlinejudge.org/index.php?option=onlinejudge&page=show_problem&problem=1015,Take the Land,UVA
https://uva.onlinejudge.org/index.php?option=onlinejudge&page=show_problem&problem=977,Divisibility,UVA
https://icpcarchive.ecs.baylor.edu/index.php?option=onlinejudge&page=show_problem&problem=3068,Membership Management,Live Archive
http://acm.timus.ru/problem.aspx?space=1&num=1012,K-based Numbers. Version 2,Timus
http://codeforces.com/problemset/problem/489/C,Given Length and Sum of Digits...,Codeforces
http://www.spoj.com/problems/ALIEN/,Aliens at the train,SPOJ
https://uva.onlinejudge.org/index.php?option=onlinejudge&page=show_problem&problem=39,Stacking Boxes,UVA
http://codeforces.com/problemset/problem/112/A,Petya and Strings,Codeforces
http://www.spoj.com/problems/CRSCNTRY/,Cross-country,SPOJ
http://www.spoj.com/problems/MARTIAN/,Martian Mining,SPOJ
http://codeforces.com/problemset/problem/58/A,Chat room,Codeforces
http://www.spoj.com/problems/BYTESM2/,Philosophers Stone,SPOJ
http://www.spoj.com/problems/NOCHANGE/,No Change,SPOJ
https://uva.onlinejudge.org/index.php?option=onlinejudge&page=show_problem&problem=47,History Grading,UVA
https://uva.onlinejudge.org/index.php?option=onlinejudge&page=show_problem&problem=36,The 3n + 1 problem,UVA
http://codeforces.com/problemset/problem/61/A,Ultra-Fast Mathematician,Codeforces
http://www.spoj.com/problems/SAMER08C/,Candy,SPOJ
http://codeforces.com/problemset/problem/550/C,Divisibility by Eight,Codeforces
http://www.spoj.com/problems/SUMITR/,Sums in a Triangle,SPOJ
https://uva.onlinejudge.org/index.php?option=onlinejudge&page=show_problem&problem=1406,Homer Simpson,UVA
https://uva.onlinejudge.org/index.php?option=onlinejudge&page=show_problem&problem=2078,Ingenuous Cubrency,UVA
http://codeforces.com/problemset/problem/474/D,Flowers,Codeforces
http://community.topcoder.com/stat?c=problem_statement&pm=10240,ShorterSuperSum,TopCoder
http://codeforces.com/problemset/problem/476/B,Dreamoon and WiFi,Codeforces
http://www.spoj.com/problems/IOIPALIN/,Palindrome 2000,SPOJ
http://www.spoj.com/problems/ROCK/,Sweet and Sour Rock,SPOJ
http://www.spoj.com/problems/PERMUT1/,Permutations,SPOJ
http://codeforces.com/problemset/problem/732/B,Cormen --- The Best Friend Of a Man,Codeforces
http://codeforces.com/problemset/problem/433/B,Kuriyama Mirai's Stones,Codeforces
http://codeforces.com/problemset/problem/651/A,Joysticks,Codeforces
http://codeforces.com/problemset/problem/230/B,T-primes,Codeforces
http://codeforces.com/problemset/problem/445/A,DZY Loves Chessboard,Codeforces
http://www.spoj.com/problems/ACMAKER/,ACM (ACronymMaker),SPOJ
https://uva.onlinejudge.org/index.php?option=onlinejudge&page=show_problem&problem=438,Strategic Defense Initiative,UVA
http://www.spoj.com/problems/FISHER/,Fishmonger,SPOJ
http://acm.timus.ru/problem.aspx?space=1&num=1146,Maximum Sum,Timus
http://acm.tju.edu.cn/toj/showp2768.html,Making Change,TJU
http://www.spoj.com/problems/SCUBADIV/,Scuba diver,SPOJ
http://poj.org/problem?id=1000,A+B Problem,PKU
http://codeforces.com/problemset/problem/431/C,k-Tree,Codeforces
https://icpcarchive.ecs.baylor.edu/index.php?option=onlinejudge&page=show_problem&problem=932,Bridging signals,Live Archive
http://codeforces.com/problemset/problem/327/A,Flipping Game,Codeforces
https://uva.onlinejudge.org/index.php?option=onlinejudge&page=show_problem&problem=777,Largest Submatrix,UVA
http://www.codechef.com/problems/SUMTRIAN,Sums in a Triangle,CodeChef
http://www.spoj.com/problems/ACPC10D/,Tri graphs,SPOJ
http://www.spoj.com/problems/AIBOHP/,Aibohphobia,SPOJ
http://acm.timus.ru/problem.aspx?space=1&num=1009,K-based Numbers,Timus
https://icpcarchive.ecs.baylor.edu/index.php?option=onlinejudge&page=show_problem&problem=1640,Prime Path,Live Archive
http://www.spoj.com/problems/TWENDS/,Two Ends,SPOJ
https://icpcarchive.ecs.baylor.edu/index.php?option=onlinejudge&page=show_problem&problem=426,Mice and Maze,Live Archive
http://acm.timus.ru/problem.aspx?space=1&num=1073,Square Country,Timus
http://codeforces.com/problemset/problem/38/A,Army,Codeforces
http://codeforces.com/problemset/problem/115/A,Party,Codeforces
http://www.spoj.com/problems/ACTIV/,Activities,SPOJ
https://uva.onlinejudge.org/index.php?option=onlinejudge&page=show_problem&problem=436,Fibonacci Freeze,UVA
http://www.spoj.com/problems/GSS1/,Can you answer these queries I,SPOJ
p?ID=347,Simple Math,A2 Online Judge
http://www.spoj.com/problems/ANARC05B/,The Double HeLiX,SPOJ
p?ID=348,Positive or Negative,A2 Online Judge
http://www.spoj.com/problems/ROADS/,Roads,SPOJ
https://icpcarchive.ecs.baylor.edu/index.php?option=onlinejudge&page=show_problem&problem=4673,Equal Sum Sets,Live Archive
http://www.spoj.com/problems/FARIDA/,Princess Farida,SPOJ
https://uva.onlinejudge.org/index.php?option=onlinejudge&page=show_problem&problem=503,Dividing coins,UVA
http://www.spoj.com/problems/MPILOT/,Pilots,SPOJ
http://www.spoj.com/problems/ABCPATH/,ABC Path,SPOJ
http://codeforces.com/problemset/problem/538/B,Quasi Binary,Codeforces
http://codeforces.com/problemset/problem/515/C,Drazil and Factorial,Codeforces
http://www.spoj.com/problems/FPOLICE/,Fool the Police,SPOJ
http://acm.timus.ru/problem.aspx?space=1&num=1018,Binary Apple Tree,Timus
https://uva.onlinejudge.org/index.php?option=onlinejudge&page=show_problem&problem=3947,Robot Instructions,UVA
http://www.spoj.com/problems/PT07X/,Vertex Cover,SPOJ
http://www.spoj.com/problems/PARTY/,Party Schedule,SPOJ
https://icpcarchive.ecs.baylor.edu/index.php?option=onlinejudge&page=show_problem&problem=2213,Candy,Live Archive
http://codeforces.com/problemset/problem/750/A,New Year and Hurry,Codeforces
https://uva.onlinejudge.org/index.php?option=onlinejudge&page=show_problem&problem=1226,Longest Run on a Snowboard,UVA
http://www.spoj.com/problems/HOTELS/,Hotels Along the Croatian Coast,SPOJ
http://codeforces.com/problemset/problem/734/A,Anton and Danik,Codeforces
http://www.spoj.com/problems/M3TILE/,LATGACH3,SPOJ
https://uva.onlinejudge.org/index.php?option=onlinejudge&page=show_problem&problem=1557,Divisible Group Sums,UVA
http://www.spoj.com/problems/EDIST/,Edit distance,SPOJ
http://acm.timus.ru/problem.aspx?space=1&num=1119,Metro,Timus
http://www.spoj.com/problems/IWGBS/,0110SS,SPOJ
https://icpcarchive.ecs.baylor.edu/index.php?option=onlinejudge&page=show_problem&problem=816,Tiling Up Blocks,Live Archive
http://www.spoj.com/problems/DCEPC501/,Save Thy Toys,SPOJ
http://www.spoj.com/problems/TRT/,Treats for the Cows,SPOJ
https://uva.onlinejudge.org/index.php?option=onlinejudge&page=show_problem&problem=2445,Wedding shopping,UVA
http://www.codechef.com/problems/INTEST,Enormous Input Test,CodeChef
http://www.spoj.com/problems/WACHOVIA/,Wachovia Bank,SPOJ
http://www.spoj.com/problems/ANARC09A/,Seinfeld,SPOJ
p?ID=1,Omar,A2 Online Judge
http://codeforces.com/problemset/problem/545/C,Woodcutters,Codeforces
http://www.spoj.com/problems/HISTOGRA/,Largest Rectangle in a Histogram,SPOJ
https://uva.onlinejudge.org/index.php?option=onlinejudge&page=show_problem&problem=152,Getting in Line,UVA
https://icpcarchive.ecs.baylor.edu/index.php?option=onlinejudge&page=show_problem&problem=1079,Alphacode,Live Archive
http://codeforces.com/problemset/problem/580/A,Kefa and First Steps,Codeforces
http://www.spoj.com/problems/RENT/,Rent your airplane and make money,SPOJ
https://icpcarchive.ecs.baylor.edu/index.php?option=onlinejudge&page=show_problem&problem=4529,Generations of Tribbles,Live Archive
http://www.spoj.com/problems/BABTWR/,Tower of Babylon,SPOJ
http://acm.tju.edu.cn/toj/showp2769.html,The Bale Tower,TJU
http://www.spoj.com/problems/XMAX/,XOR Maximization,SPOJ
http://codeforces.com/problemset/problem/489/B,BerSU Ball,Codeforces
http://poj.org/problem?id=1218,THE DRUNK JAILER,PKU
https://uva.onlinejudge.org/index.php?option=onlinejudge&page=show_problem&problem=944,Cutting Sticks,UVA
http://www.spoj.com/problems/ABA12C/,Buying Apples!,SPOJ
http://www.spoj.com/problems/MBLAST/,BLAST,SPOJ
http://codeforces.com/problemset/problem/550/A,Two Substrings,Codeforces
http://acm.timus.ru/problem.aspx?space=1&num=1017,Staircases,Timus
http://codeforces.com/problemset/problem/894/A,QAQ,Codeforces
https://uva.onlinejudge.org/index.php?option=onlinejudge&page=show_problem&problem=52,Unidirectional TSP,UVA
https://uva.onlinejudge.org/index.php?option=onlinejudge&page=show_problem&problem=1884,How do you add?,UVA
https://icpcarchive.ecs.baylor.edu/index.php?option=onlinejudge&page=show_problem&problem=1918,Tiling a Grid With Dominoes,Live Archive
https://uva.onlinejudge.org/index.php?option=onlinejudge&page=show_problem&problem=293,Let Me Count The Ways,UVA
http://www.spoj.com/problems/CCHESS/,COSTLY CHESS,SPOJ
http://codeforces.com/problemset/problem/166/E,Tetrahedron,Codeforces
https://uva.onlinejudge.org/index.php?option=onlinejudge&page=show_problem&problem=472,Compromise,UVA
http://www.spoj.com/problems/LISA/,Pocket Money,SPOJ
http://acm.timus.ru/problem.aspx?space=1&num=1225,Flags,Timus
https://uva.onlinejudge.org/index.php?option=onlinejudge&page=show_problem&problem=615,Coin Change,UVA
https://icpcarchive.ecs.baylor.edu/index.php?option=onlinejudge&page=show_problem&problem=2262,Trip Planning,Live Archive
http://www.spoj.com/problems/DSUBSEQ/,Distinct Subsequences,SPOJ
http://www.spoj.com/problems/SAMER08F/,Feynman,SPOJ
http://codeforces.com/problemset/problem/466/A,Cheap Travel,Codeforces
http://www.spoj.com/problems/CZ_PROB1/,Summing to a Square Prime,SPOJ
http://codeforces.com/problemset/problem/337/A,Puzzles,Codeforces
http://www.spoj.com/problems/BRIDGE/,Building Bridges,SPOJ
http://www.spoj.com/problems/MAXWOODS/,MAXIMUM WOOD CUTTER,SPOJ
http://codeforces.com/problemset/problem/189/A,Cut Ribbon,Codeforces
https://icpcarchive.ecs.baylor.edu/index.php?option=onlinejudge&page=show_problem&problem=1905,Tile Code,Live Archive
http://www.spoj.com/problems/DIEHARD/,DIE HARD,SPOJ
https://icpcarchive.ecs.baylor.edu/index.php?option=onlinejudge&page=show_problem&problem=676,Pearls,Live Archive
https://uva.onlinejudge.org/index.php?option=onlinejudge&page=show_problem&problem=2092,Longest Palindrome,UVA
http://www.spoj.com/problems/ELIS/,Easy Longest Increasing Subsequence,SPOJ
https://uva.onlinejudge.org/index.php?option=onlinejudge&page=show_problem&problem=3146,I Can Guess the Data Structure!,UVA
http://www.spoj.com/problems/TRIP/,Trip,SPOJ
https://uva.onlinejudge.org/index.php?option=onlinejudge&page=show_problem&problem=1605,Luggage,UVA
http://www.spoj.com/problems/CHOCOLA/,Chocolate,SPOJ
http://poj.org/problem?id=1050,To the Max,PKU
https://icpcarchive.ecs.baylor.edu/index.php?option=onlinejudge&page=show_problem&problem=1009,Trees,Live Archive
http://www.spoj.com/problems/MMAXPER/,Rectangles Perimeter,SPOJ
http://www.codechef.com/problems/PPERM,Prime Permutations,CodeChef
http://www.spoj.com/problems/ANARC05H/,Chop Ahoy! Revisited!,SPOJ
http://acm.timus.ru/problem.aspx?space=1&num=1036,Lucky Tickets,Timus
http://codeforces.com/problemset/problem/368/B,Sereja and Suffixes,Codeforces
http://www.spoj.com/problems/CLEANRBT/,Cleaning Robot,SPOJ
http://codeforces.com/problemset/problem/455/A,Boredom,Codeforces
http://www.spoj.com/problems/AMR11A/,Magic Grid,SPOJ
https://uva.onlinejudge.org/index.php?option=onlinejudge&page=show_problem&problem=1437,Collecting Beepers,UVA
http://codeforces.com/problemset/problem/151/A,Soft Drinking,Codeforces
https://uva.onlinejudge.org/index.php?option=onlinejudge&page=show_problem&problem=1335,Twin Primes,UVA
http://www.spoj.com/problems/PIGBANK/,Piggy-Bank,SPOJ
https://icpcarchive.ecs.baylor.edu/index.php?option=onlinejudge&page=show_problem&problem=4049,Grandpa's Walk,Live Archive
http://www.spoj.com/problems/ASSIGN/,Assignments,SPOJ
http://www.spoj.com/problems/MIXTURES/,Mixtures,SPOJ
https://uva.onlinejudge.org/index.php?option=onlinejudge&page=show_problem&problem=167,Testing the CATCHER,UVA
https://icpcarchive.ecs.baylor.edu/index.php?option=onlinejudge&page=show_problem&problem=248,Prime Digital Roots,Live Archive
http://www.spoj.com/problems/BYTESE2/,The Great Ball,SPOJ
http://www.spoj.com/problems/SOLDIER/,Help the soldier,SPOJ
http://poj.org/problem?id=1003,Hangover,PKU
http://www.spoj.com/problems/LCS/,Longest Common Substring,SPOJ
https://icpcarchive.ecs.baylor.edu/index.php?option=onlinejudge&page=show_problem&problem=2848,Binary Search Tree,Live Archive
http://www.spoj.com/problems/NY10E/,Non-Decreasing Digits,SPOJ
https://uva.onlinejudge.org/index.php?option=onlinejudge&page=show_problem&problem=1072,Is Bigger Smarter?,UVA
https://uva.onlinejudge.org/index.php?option=onlinejudge&page=show_problem&problem=44,Maximum Sum,UVA
http://www.spoj.com/problems/MBEEWALK/,Bee Walk,SPOJ
https://uva.onlinejudge.org/index.php?option=onlinejudge&page=show_problem&problem=83,Dollars,UVA
http://codeforces.com/problemset/problem/313/B,Ilya and Queries,Codeforces
https://uva.onlinejudge.org/index.php?option=onlinejudge&page=show_problem&problem=284,Optimal Array Multiplication Sequence,UVA
http://www.spoj.com/problems/BORW/,Black or White,SPOJ
https://uva.onlinejudge.org/index.php?option=onlinejudge&page=show_problem&problem=318,Perfection,UVA
https://icpcarchive.ecs.baylor.edu/index.php?option=onlinejudge&page=show_problem&problem=4040,Fibonacci Words,Live Archive
http://codeforces.com/problemset/problem/4/A,Watermelon,Codeforces
https://uva.onlinejudge.org/index.php?option=onlinejudge&page=show_problem&problem=1007,The Twin Towers,UVA
http://www.spoj.com/problems/DANGER/,In Danger,SPOJ
http://acm.timus.ru/problem.aspx?space=1&num=1081,Binary Lexicographic Sequence,Timus
http://www.spoj.com/problems/KNAPSACK/,The Knapsack Problem,SPOJ
http://www.spoj.com/problems/COINS/,Bytelandian gold coins,SPOJ
http://codeforces.com/problemset/problem/414/B,Mashmokh and ACM,Codeforces
http://www.spoj.com/problems/SQRBR/,Square Brackets,SPOJ
http://codeforces.com/problemset/problem/466/C,Number of Ways,Codeforces
http://acm.timus.ru/problem.aspx?space=1&num=1203,Scientific Conference,Timus
https://uva.onlinejudge.org/index.php?option=onlinejudge&page=show_problem&problem=1346,Longest Common Subsequence,UVA
http://www.spoj.com/problems/SAMER08D/,DNA Sequences,SPOJ
http://codeforces.com/problemset/problem/363/B,Fence,Codeforces
http://www.spoj.com/problems/RPLB/,Blueberries,SPOJ
https://uva.onlinejudge.org/index.php?option=onlinejudge&page=show_problem&problem=1625,The jackpot,UVA
https://uva.onlinejudge.org/index.php?option=onlinejudge&page=show_problem&problem=945,Bicoloring,UVA
https://uva.onlinejudge.org/index.php?option=onlinejudge&page=show_problem&problem=1071,SuperSale,UVA
http://www.spoj.com/problems/MCOINS/,Coins Game,SPOJ
http://www.spoj.com/problems/TRIKA/,Training for final,SPOJ
https://uva.onlinejudge.org/index.php?option=onlinejudge&page=show_problem&problem=448,Jill Rides Again,UVA
https://uva.onlinejudge.org/index.php?option=onlinejudge&page=show_problem&problem=378,The Tower of Babylon,UVA
https://icpcarchive.ecs.baylor.edu/index.php?option=onlinejudge&page=show_problem&problem=1517,Exploring Pyramids,Live Archive
http://www.spoj.com/problems/PHIDIAS/,Phidias,SPOJ
https://uva.onlinejudge.org/index.php?option=onlinejudge&page=show_problem&problem=1285,23 out of 5,UVA
http://www.spoj.com/problems/ACODE/,Alphacode,SPOJ
https://uva.onlinejudge.org/index.php?option=onlinejudge&page=show_problem&problem=1133,Vacation,UVA
https://uva.onlinejudge.org/index.php?option=onlinejudge&page=show_problem&problem=1852,Forming Quiz Teams,UVA
https://uva.onlinejudge.org/index.php?option=onlinejudge&page=show_problem&problem=422,What Goes Up,UVA
http://www.spoj.com/problems/GNYR09F/,Adjacent Bit Counts,SPOJ
http://acm.sgu.ru/problem.php?contest=0&problem=183,Painting the balls,SGU
https://uva.onlinejudge.org/index.php?option=onlinejudge&page=show_problem&problem=1832,Game of Sum,UVA
http://www.spoj.com/problems/SMILEY1807/,1807,SPOJ
http://www.spoj.com/problems/YODA/,Yoda Goes Palindromic !,SPOJ
http://www.spoj.com/problems/NOVICE43/,Problem 3,SPOJ
https://uva.onlinejudge.org/index.php?option=onlinejudge&page=show_problem&problem=1768,Maximum sum on a torus,UVA
https://uva.onlinejudge.org/index.php?option=onlinejudge&page=show_problem&problem=2402,Squares,UVA
http://www.spoj.com/problems/UPSUB/,Up Subsequence,SPOJ
https://uva.onlinejudge.org/index.php?option=onlinejudge&page=show_problem&problem=1851,Marks Distribution,UVA
http://www.spoj.com/problems/LSORT/,Sorting is not easy,SPOJ
http://www.spoj.com/problems/MSTRING/,String problem,SPOJ
http://www.spoj.com/problems/PRUBALL/,Esferas,SPOJ
http://www.spoj.com/problems/BAT3/,BATMAN3,SPOJ
https://uva.onlinejudge.org/index.php?option=onlinejudge&page=show_problem&problem=1558,Again Palindrome,UVA
https://uva.onlinejudge.org/index.php?option=onlinejudge&page=show_problem&problem=2890,Murcia's Skyline,UVA
http://acm.timus.ru/problem.aspx?space=1&num=1078,Segments,Timus
http://www.spoj.com/problems/SERVICE/,Mobile Service,SPOJ
https://icpcarchive.ecs.baylor.edu/index.php?option=onlinejudge&page=show_problem&problem=2765,Bing it,Live Archive
https://icpcarchive.ecs.baylor.edu/index.php?option=onlinejudge&page=show_problem&problem=1996,Pebbles,Live Archive
http://acm.timus.ru/problem.aspx?space=1&num=1183,Brackets Sequence,Timus
http://www.spoj.com/problems/BAT2/,BATMAN2,SPOJ
http://codeforces.com/problemset/problem/577/B,Modulo Sum,Codeforces
http://codeforces.com/problemset/problem/763/A,Timofey and a tree,Codeforces
http://www.spoj.com/problems/LUCIFER/,LUCIFER Number,SPOJ
http://www.spoj.com/problems/MTREE/,Another Tree Problem ,SPOJ
http://www.spoj.com/problems/MCIRGAME/,Point Connection Game in a Circle,SPOJ
https://uva.onlinejudge.org/index.php?option=onlinejudge&page=show_problem&problem=320,Slurpys,UVA
http://acm.timus.ru/problem.aspx?space=1&num=1029,Ministry,Timus
https://uva.onlinejudge.org/index.php?option=onlinejudge&page=show_problem&problem=100,String Computer,UVA
http://codeforces.com/problemset/problem/839/C,Journey,Codeforces
https://uva.onlinejudge.org/index.php?option=onlinejudge&page=show_problem&problem=1202,Ferry Loading,UVA
https://uva.onlinejudge.org/index.php?option=onlinejudge&page=show_problem&problem=1300,Tiling,UVA
https://uva.onlinejudge.org/index.php?option=onlinejudge&page=show_problem&problem=1659,Bit Mask,UVA
http://codeforces.com/problemset/problem/94/A,Restoring Password,Codeforces
https://uva.onlinejudge.org/index.php?option=onlinejudge&page=show_problem&problem=531,Always on the run,UVA
http://codeforces.com/problemset/problem/603/A,Alternative Thinking,Codeforces
http://codeforces.com/problemset/problem/522/A,Reposts,Codeforces
http://codeforces.com/problemset/problem/706/C,Hard problem,Codeforces
https://uva.onlinejudge.org/index.php?option=onlinejudge&page=show_problem&problem=1944,Boxes,UVA
https://uva.onlinejudge.org/index.php?option=onlinejudge&page=show_problem&problem=102,Making Change,UVA
https://uva.onlinejudge.org/index.php?option=onlinejudge&page=show_problem&problem=766,Walking on the Safe Side,UVA
http://www.spoj.com/problems/MBALL/,Feline Olympics - Mouseball,SPOJ
https://uva.onlinejudge.org/index.php?option=onlinejudge&page=show_problem&problem=2159,KTV,UVA
http://www.spoj.com/problems/MSTICK/,Wooden Sticks,SPOJ
http://www.spoj.com/problems/VOCV/,Con-Junctions,SPOJ
http://codeforces.com/problemset/problem/546/D,Soldier and Number Game,Codeforces
http://acm.timus.ru/problem.aspx?space=1&num=1586,Threeprime Numbers,Timus
http://www.spoj.com/problems/MREPLBRC/,Counting The Way of Bracket Replacement,SPOJ
https://icpcarchive.ecs.baylor.edu/index.php?option=onlinejudge&page=show_problem&problem=2609,Mosaic,Live Archive
http://acm.sgu.ru/problem.php?contest=0&problem=199,Beautiful People,SGU
http://www.spoj.com/problems/LIS2/,Another Longest Increasing Subsequence Problem,SPOJ
https://uva.onlinejudge.org/index.php?option=onlinejudge&page=show_problem&problem=467,String Distance and Transform Process,UVA
https://uva.onlinejudge.org/index.php?option=onlinejudge&page=show_problem&problem=1341,Game Show Math,UVA
https://uva.onlinejudge.org/index.php?option=onlinejudge&page=show_problem&problem=2415,Chest of Drawers,UVA
https://uva.onlinejudge.org/index.php?option=onlinejudge&page=show_problem&problem=1212,Chopsticks,UVA
https://uva.onlinejudge.org/index.php?option=onlinejudge&page=show_problem&problem=1853,Simple Minded Hashing,UVA
http://www.spoj.com/problems/BACKPACK/,Dab of Backpack,SPOJ
https://uva.onlinejudge.org/index.php?option=onlinejudge&page=show_problem&problem=512,Jugs,UVA
https://uva.onlinejudge.org/index.php?option=onlinejudge&page=show_problem&problem=1041,Longest Match,UVA
https://uva.onlinejudge.org/index.php?option=onlinejudge&page=show_problem&problem=1305,Square,UVA
https://icpcarchive.ecs.baylor.edu/index.php?option=onlinejudge&page=show_problem&problem=1674,Black-White Grid,Live Archive
http://codeforces.com/problemset/problem/735/C,Tennis Championship,Codeforces
http://www.spoj.com/problems/MDOLLS/,Nested Dolls,SPOJ
http://acm.tju.edu.cn/toj/showp3208.html,Cow Frisbee Team,TJU
http://www.spoj.com/problems/GONE/,G-One Numbers,SPOJ
http://www.spoj.com/problems/STREET/,Street,SPOJ
https://uva.onlinejudge.org/index.php?option=onlinejudge&page=show_problem&problem=1662,Bar Codes,UVA
https://icpcarchive.ecs.baylor.edu/index.php?option=onlinejudge&page=show_problem&problem=973,A DP Problem,Live Archive
http://www.spoj.com/problems/MCARDS/,Card Sorting,SPOJ
http://codeforces.com/problemset/problem/400/A,Inna and Choose Options,Codeforces
https://icpcarchive.ecs.baylor.edu/index.php?option=onlinejudge&page=show_problem&problem=1541,Chop Ahoy! Revisited!,Live Archive
http://codeforces.com/problemset/problem/777/B,Game of Credit Cards,Codeforces
https://uva.onlinejudge.org/index.php?option=onlinejudge&page=show_problem&problem=1278,Flight Planner,UVA
http://www.spoj.com/problems/MUSKET/,Musketeers,SPOJ
http://codeforces.com/problemset/problem/607/A,Chain Reaction,Codeforces
http://codeforces.com/problemset/problem/522/B,Photo to Remember,Codeforces
http://www.codechef.com/problems/LEPAINT,Little Elephant and Painting,CodeChef
http://www.spoj.com/problems/KRECT/,Counting K-Rectangle,SPOJ
http://codeforces.com/problemset/problem/506/D,Mr. Kitayuta's Colorful Graph,Codeforces
https://uva.onlinejudge.org/index.php?option=onlinejudge&page=show_problem&problem=3654,Sum of Different Primes,UVA
http://codeforces.com/problemset/problem/349/B,Color the Fence,Codeforces
p?ID=150,Fibo,A2 Online Judge
http://codeforces.com/problemset/problem/467/C,George and Job,Codeforces
http://www.spoj.com/problems/SCALES/,Balancing the Stone,SPOJ
https://uva.onlinejudge.org/index.php?option=onlinejudge&page=show_problem&problem=1680,String to Palindrome,UVA
http://www.spoj.com/problems/TOURIST/,Tourist,SPOJ
https://icpcarchive.ecs.baylor.edu/index.php?option=onlinejudge&page=show_problem&problem=4846,Shopping,Live Archive
http://codeforces.com/problemset/problem/288/A,Polo the Penguin and Strings,Codeforces
http://www.spoj.com/problems/QCJ2/,Another Box Problem,SPOJ
http://www.spoj.com/problems/MORSE/,Decoding Morse Sequences,SPOJ
https://uva.onlinejudge.org/index.php?option=onlinejudge&page=show_problem&problem=728,Maximum Sub-sequence Product,UVA
http://codeforces.com/problemset/problem/126/B,Password,Codeforces
https://uva.onlinejudge.org/index.php?option=onlinejudge&page=show_problem&problem=992,Tower of Cubes,UVA
http://www.spoj.com/problems/INUMBER/,Interesting number,SPOJ
https://uva.onlinejudge.org/index.php?option=onlinejudge&page=show_problem&problem=1387,The Marriage Interview :-),UVA
http://www.spoj.com/problems/QUADRATE/,Quadratic Equation,SPOJ
http://acm.timus.ru/problem.aspx?space=1&num=1039,Anniversary Party,Timus
https://uva.onlinejudge.org/index.php?option=onlinejudge&page=show_problem&problem=1069,Queue,UVA
https://uva.onlinejudge.org/index.php?option=onlinejudge&page=show_problem&problem=1760,Trouble of 13-Dots,UVA
http://www.spoj.com/problems/AE2A/,Dice,SPOJ
http://www.spoj.com/problems/BAT1/,BATMAN1,SPOJ
http://www.spoj.com/problems/MENU/,Menu,SPOJ
http://codeforces.com/problemset/problem/788/A,Functions again,Codeforces
http://codeforces.com/problemset/problem/158/D,Ice Sculptures,Codeforces
http://www.spoj.com/problems/RAONE/,Ra-One Numbers,SPOJ
http://www.spoj.com/problems/SSHUFFLE/,String Shuffle,SPOJ
http://www.spoj.com/problems/MNERED/,NERED,SPOJ
http://www.spoj.com/problems/ACQUIRE/,Land Acquisition,SPOJ
http://codeforces.com/problemset/problem/289/B,Polo the Penguin and Matrix,Codeforces
http://www.spoj.com/problems/PARTPALI/,Particular Palindromes,SPOJ
http://codeforces.com/problemset/problem/505/A,Mr. Kitayuta's Gift,Codeforces
https://icpcarchive.ecs.baylor.edu/index.php?option=onlinejudge&page=show_problem&problem=206,Erdos Numbers,Live Archive
https://uva.onlinejudge.org/index.php?option=onlinejudge&page=show_problem&problem=1095,Weights and Measures,UVA
http://www.spoj.com/problems/RAIN3/,Rain,SPOJ
http://www.spoj.com/problems/DP/,Deliver pizza,SPOJ
http://www.spoj.com/problems/JEDNAKOS/,JEDNAKOST,SPOJ
https://icpcarchive.ecs.baylor.edu/index.php?option=onlinejudge&page=show_problem&problem=4865,Concert Tour,Live Archive
https://uva.onlinejudge.org/index.php?option=onlinejudge&page=show_problem&problem=2225,String Partition,UVA
https://www.urionlinejudge.com.br/judge/en/problems/view/1286,Motoboy,URI
http://codeforces.com/problemset/problem/446/A,DZY Loves Sequences,Codeforces
http://poj.org/problem?id=2392,Space Elevator,PKU
https://uva.onlinejudge.org/index.php?option=onlinejudge&page=show_problem&problem=1254,Pay the Price,UVA
https://uva.onlinejudge.org/index.php?option=onlinejudge&page=show_problem&problem=1022,Tight Words,UVA
http://acm.timus.ru/problem.aspx?space=1&num=1167,Bicolored Horses,Timus
http://codeforces.com/problemset/problem/63/A,Sinking Ship,Codeforces
http://www.spoj.com/problems/MKBUDGET/,Making A Budget,SPOJ
http://codeforces.com/problemset/problem/553/A,Kyoya and Colored Balls,Codeforces
https://uva.onlinejudge.org/index.php?option=onlinejudge&page=show_problem&problem=1245,Optimal Binary Search Tree,UVA
http://www.spoj.com/problems/IKEYB/,I-Keyboard,SPOJ
http://codeforces.com/problemset/problem/567/C,Geometric Progression,Codeforces
http://codeforces.com/problemset/problem/118/D,Caesar's Legions,Codeforces
https://uva.onlinejudge.org/index.php?option=onlinejudge&page=show_problem&problem=1643,Travelling Salesman,UVA
http://www.spoj.com/problems/PARTIT/,Partition,SPOJ
https://icpcarchive.ecs.baylor.edu/index.php?option=onlinejudge&page=show_problem&problem=1931,Drop the Triples,Live Archive
http://codeforces.com/problemset/problem/611/C,New Year and Domino,Codeforces
https://icpcarchive.ecs.baylor.edu/index.php?option=onlinejudge&page=show_problem&problem=1573,Triangular N-Queens Problem,Live Archive
https://uva.onlinejudge.org/index.php?option=onlinejudge&page=show_problem&problem=1592,Pebble Solitaire,UVA
http://codeforces.com/problemset/problem/676/C,Vasya and String,Codeforces
https://uva.onlinejudge.org/index.php?option=onlinejudge&page=show_problem&problem=931,Diving for Gold,UVA
http://www.spoj.com/problems/COURIER/,The Courier,SPOJ
https://uva.onlinejudge.org/index.php?option=onlinejudge&page=show_problem&problem=4663,Handball,UVA
http://codeforces.com/problemset/problem/891/A,Pride,Codeforces
http://www.spoj.com/problems/NKLEAVES/,Leaves,SPOJ
https://icpcarchive.ecs.baylor.edu/index.php?option=onlinejudge&page=show_problem&problem=4813,Sequence,Live Archive
http://codeforces.com/problemset/problem/534/B,Covered Path,Codeforces
https://uva.onlinejudge.org/index.php?option=onlinejudge&page=show_problem&problem=1394,Make Palindrome,UVA
https://www.urionlinejudge.com.br/judge/en/problems/view/1288,Destruction Cannon,URI
http://www.spoj.com/problems/THREECOL/,Three-coloring of binary trees,SPOJ
http://www.spoj.com/problems/TEMPTISL/,Temptation Island,SPOJ
https://icpcarchive.ecs.baylor.edu/index.php?option=onlinejudge&page=show_problem&problem=2377,Fibonacci System,Live Archive
http://acm.timus.ru/problem.aspx?space=1&num=1031,Railway Tickets,Timus
http://codeforces.com/problemset/problem/1028/B,Unnatural Conditions,Codeforces
https://uva.onlinejudge.org/index.php?option=onlinejudge&page=show_problem&problem=1010,Distinct Subsequences,UVA
http://www.spoj.com/problems/DCOWS/,Dancing Cows,SPOJ
http://codeforces.com/problemset/problem/602/B,Approximating a Constant Range,Codeforces
http://acm.timus.ru/problem.aspx?space=1&num=1152,False Mirrors,Timus
http://www.spoj.com/problems/STRCOUNT/,Counting binary strings,SPOJ
http://codeforces.com/problemset/problem/165/C,Another Problem on Strings,Codeforces
http://www.spoj.com/problems/MFISH/,Catch Fish,SPOJ
http://acm.timus.ru/problem.aspx?space=1&num=1260,Nudnik Photographer,Timus
http://www.spoj.com/problems/SLIKAR/,Slikar,SPOJ
http://codeforces.com/problemset/problem/385/C,Bear and Prime Numbers,Codeforces
https://icpcarchive.ecs.baylor.edu/index.php?option=onlinejudge&page=show_problem&problem=1373,ACM (ACronym Maker),Live Archive
http://codeforces.com/problemset/problem/626/B,Cards,Codeforces
http://codeforces.com/problemset/problem/332/B,Maximum Absurdity,Codeforces
http://www.codechef.com/problems/SEAGM,Sereja and Game,CodeChef
http://www.spoj.com/problems/STREDUCE/,String reduction,SPOJ
https://uva.onlinejudge.org/index.php?option=onlinejudge&page=show_problem&problem=929,Many Paths, One Destination,UVA
http://codeforces.com/problemset/problem/518/D,Ilya and Escalator,Codeforces
http://www.spoj.com/problems/FOODIE/,FOODIE,SPOJ
http://codeforces.com/problemset/problem/269/B,Greenhouse Effect,Codeforces
http://www.spoj.com/problems/TRSTAGE/,Traveling by Stagecoach,SPOJ
http://codeforces.com/problemset/problem/416/B,Art Union,Codeforces
http://acm.timus.ru/problem.aspx?space=1&num=1303,Minimal Coverage,Timus
http://www.spoj.com/problems/CSUBSEQS/,Common Subsequences,SPOJ
http://codeforces.com/problemset/problem/339/C,Xenia and Weights,Codeforces
http://www.spoj.com/problems/PSYCHO3/,Make Psycho,SPOJ
http://www.spoj.com/problems/GCJ1C09C/,Bribe the Prisoners,SPOJ
https://uva.onlinejudge.org/index.php?option=onlinejudge&page=show_problem&problem=548,Scheduling Lectures,UVA
https://uva.onlinejudge.org/index.php?option=onlinejudge&page=show_problem&problem=2925,Hackers' Crackdown,UVA
https://uva.onlinejudge.org/index.php?option=onlinejudge&page=show_problem&problem=2467,Beautiful Numbers,UVA
http://community.topcoder.com/stat?c=problem_statement&pm=1259,ZigZag,TopCoder
https://icpcarchive.ecs.baylor.edu/index.php?option=onlinejudge&page=show_problem&problem=57,Lazy Math Instructor,Live Archive
p?ID=10,Omar Loves Candies,A2 Online Judge
http://www.codechef.com/problems/SNCK01,The Matrix Game,CodeChef
http://acm.timus.ru/problem.aspx?space=1&num=1244,Gentlemen,Timus
http://www.spoj.com/problems/FCANDY/,Candy (Again),SPOJ
http://acm.timus.ru/problem.aspx?space=1&num=1346,Intervals of Monotonicity,Timus
http://codeforces.com/problemset/problem/219/D,Choosing Capital for Treeland,Codeforces
https://uva.onlinejudge.org/index.php?option=onlinejudge&page=show_problem&problem=2316,Term Strategy,UVA
http://codeforces.com/problemset/problem/543/A,Writing Code,Codeforces
http://codeforces.com/problemset/problem/766/C,Mahmoud and a Message,Codeforces
https://uva.onlinejudge.org/index.php?option=onlinejudge&page=show_problem&problem=79,Orchard Trees,UVA
http://codeforces.com/problemset/problem/671/A,Recycling Bottles,Codeforces
http://codeforces.com/problemset/problem/741/B,Arpa's weak amphitheater and Mehrdad's valuable Hoses,Codeforces
http://codeforces.com/problemset/problem/429/B,Working out,Codeforces
http://codeforces.com/problemset/problem/505/C,Mr. Kitayuta, the Treasure Hunter,Codeforces
http://codeforces.com/problemset/problem/416/C,Booking System,Codeforces
http://codeforces.com/problemset/problem/340/D,Bubble Sort Graph,Codeforces
http://www.spoj.com/problems/POWERCAR/,Car with powers,SPOJ
http://codeforces.com/problemset/problem/161/D,Distance in Tree,Codeforces
https://uva.onlinejudge.org/index.php?option=onlinejudge&page=show_problem&problem=1979,How Many O's?,UVA
http://codeforces.com/problemset/problem/552/C,Vanya and Scales,Codeforces
https://uva.onlinejudge.org/index.php?option=onlinejudge&page=show_problem&problem=1461,Determine it,UVA
https://icpcarchive.ecs.baylor.edu/index.php?option=onlinejudge&page=show_problem&problem=4794,Triangles,Live Archive
http://www.spoj.com/problems/NKMINERS/,IOI07 Miners,SPOJ
https://uva.onlinejudge.org/index.php?option=onlinejudge&page=show_problem&problem=643,The Vindictive Coach,UVA
https://uva.onlinejudge.org/index.php?option=onlinejudge&page=show_problem&problem=1059,Free Candies,UVA
http://codeforces.com/problemset/problem/81/A,Plug-in,Codeforces
http://codeforces.com/problemset/problem/653/B,Bear and Compressing,Codeforces
http://codeforces.com/problemset/problem/573/B,Bear and Blocks,Codeforces
http://codeforces.com/problemset/problem/279/C,Ladder,Codeforces
http://codeforces.com/problemset/problem/2/B,The least round way,Codeforces
http://www.spoj.com/problems/MPOLY/,Polygon,SPOJ
p?ID=157,Count Paths,A2 Online Judge
http://codeforces.com/problemset/problem/407/B,Long Path,Codeforces
https://uva.onlinejudge.org/index.php?option=onlinejudge&page=show_problem&problem=4093,Tour,UVA
http://codeforces.com/problemset/problem/615/B,Longtail Hedgehog,Codeforces
http://www.codechef.com/problems/ANUCBC,Cards, bags and coins,CodeChef
https://uva.onlinejudge.org/index.php?option=onlinejudge&page=show_problem&problem=3648,AGTC,UVA
https://uva.onlinejudge.org/index.php?option=onlinejudge&page=show_problem&problem=2399,Palindromic Subsequence,UVA
https://uva.onlinejudge.org/index.php?option=onlinejudge&page=show_problem&problem=2029,End up with More Teams,UVA
http://codeforces.com/problemset/problem/295/B,Greg and Graph,Codeforces
http://codeforces.com/problemset/problem/519/D,A and B and Interesting Substrings,Codeforces
https://uva.onlinejudge.org/index.php?option=onlinejudge&page=show_problem&problem=3702,String Popping,UVA
http://codeforces.com/problemset/problem/665/C,Simple Strings,Codeforces
http://www.spoj.com/problems/SEQPAR/,Partition the sequence,SPOJ
http://codeforces.com/problemset/problem/685/A,Robbers' watch,Codeforces
http://www.codechef.com/problems/TOOLS,Fetching Cooking Tools,CodeChef
http://www.spoj.com/problems/PALDR/,Even Palindrome,SPOJ
http://community.topcoder.com/stat?c=problem_statement&pm=6680,RGBStreet,TopCoder
http://www.spoj.com/problems/ADAGAME/,Ada and Game,SPOJ
http://acm.timus.ru/problem.aspx?space=1&num=1501,Sense of Beauty,Timus
http://www.spoj.com/problems/PAREN/,COUNT PAREN,SPOJ
http://codeforces.com/problemset/problem/359/B,Permutation,Codeforces
https://uva.onlinejudge.org/index.php?option=onlinejudge&page=show_problem&problem=2547,Fewest Flops,UVA
http://www.spoj.com/problems/MINUS/,Minus Operation,SPOJ
http://acm.timus.ru/problem.aspx?space=1&num=1635,Mnemonics and Palindromes,Timus
https://uva.onlinejudge.org/index.php?option=onlinejudge&page=show_problem&problem=158,Budget Travel,UVA
http://codeforces.com/problemset/problem/204/A,Little Elephant and Interval,Codeforces
http://codeforces.com/problemset/problem/607/B,Zuma,Codeforces
http://www.codechef.com/problems/TAKEAWAY,Zeta-Nim Game,CodeChef
http://codeforces.com/problemset/problem/814/C,An impassioned circulation of affection,Codeforces
https://uva.onlinejudge.org/index.php?option=onlinejudge&page=show_problem&problem=1200,Hippity Hopscotch,UVA
http://www.spoj.com/problems/MMINPAID/,Paid Roads,SPOJ
http://codeforces.com/problemset/problem/682/C,Alyona and the Tree,Codeforces
http://www.spoj.com/problems/MAIN112/,Re-Arrange II,SPOJ
http://acm.timus.ru/problem.aspx?space=1&num=1117,Hierarchy,Timus
http://codeforces.com/problemset/problem/4/D,Mysterious Present,Codeforces
https://uva.onlinejudge.org/index.php?option=onlinejudge&page=show_problem&problem=1839,Combo Deal,UVA
http://acm.timus.ru/problem.aspx?space=1&num=1658,Sum of Digits,Timus
http://codeforces.com/problemset/problem/711/C,Coloring Trees,Codeforces
http://codeforces.com/problemset/problem/798/C,Mike and gcd problem,Codeforces
http://www.spoj.com/problems/NGON/,Many polygons,SPOJ
https://uva.onlinejudge.org/index.php?option=onlinejudge&page=show_problem&problem=867,Walking Around Wisely,UVA
http://codeforces.com/problemset/problem/812/B,Sagheer, the Hausmeister,Codeforces
http://codeforces.com/problemset/problem/253/B,Physics Practical,Codeforces
http://community.topcoder.com/stat?c=problem_statement&pm=2402,BadNeighbors,TopCoder
http://codeforces.com/problemset/problem/66/A,Petya and Java,Codeforces
http://codeforces.com/problemset/problem/231/C,To Add or Not to Add,Codeforces
http://codeforces.com/problemset/problem/580/D,Kefa and Dishes,Codeforces
http://codeforces.com/problemset/problem/219/C,Color Stripe,Codeforces
http://www.spoj.com/problems/PROBOR/,Probablistic OR,SPOJ
http://www.spoj.com/problems/HELPBOB/,Help Bob,SPOJ
http://www.spoj.com/problems/AEROLITE/,The Secret of an Aerolite,SPOJ
https://icpcarchive.ecs.baylor.edu/index.php?option=onlinejudge&page=show_problem&problem=162,I-Keyboard,Live Archive
https://uva.onlinejudge.org/index.php?option=onlinejudge&page=show_problem&problem=2705,Best Coalitions,UVA
https://uva.onlinejudge.org/index.php?option=onlinejudge&page=show_problem&problem=603,Fast Food,UVA
http://www.spoj.com/problems/BRDGHRD/,Building Bridges(HARD),SPOJ
http://www.codechef.com/problems/LEMOVIE,Little Elephant and Movies,CodeChef
http://codeforces.com/problemset/problem/721/C,Journey,Codeforces
http://codeforces.com/problemset/problem/463/D,Gargari and Permutations,Codeforces
https://uva.onlinejudge.org/index.php?option=onlinejudge&page=show_problem&problem=2259,Shopping Trip,UVA
http://www.spoj.com/problems/DYNALCA/,Dynamic LCA,SPOJ
https://uva.onlinejudge.org/index.php?option=onlinejudge&page=show_problem&problem=414,Raucous Rockers,UVA
http://codeforces.com/problemset/problem/660/C,Hard Process,Codeforces
http://www.spoj.com/problems/MTRIAREA/,Maximum Triangle Area,SPOJ
http://codeforces.com/problemset/problem/225/C,Barcode,Codeforces
http://codeforces.com/problemset/problem/628/B,New Skateboard,Codeforces
http://www.spoj.com/problems/MKUHAR/,Most Servings Meal,SPOJ
http://www.spoj.com/problems/DRAGON/,Greedy Hydra,SPOJ
http://codeforces.com/problemset/problem/5/C,Longest Regular Bracket Sequence,Codeforces
http://codeforces.com/problemset/problem/547/B,Mike and Feet,Codeforces
https://uva.onlinejudge.org/index.php?option=onlinejudge&page=show_problem&problem=1687,Crime Wave - The Sequel,UVA
http://codeforces.com/problemset/problem/865/A,Save the problem!,Codeforces
http://www.codechef.com/problems/CHIEFETT,Pleasing Chief,CodeChef
http://acm.timus.ru/problem.aspx?space=1&num=2018,The Debut Album,Timus
https://uva.onlinejudge.org/index.php?option=onlinejudge&page=show_problem&problem=2008,Little Red Riding Hood,UVA
http://codeforces.com/problemset/problem/448/C,Painting Fence,Codeforces
http://codeforces.com/problemset/problem/777/C,Alyona and Spreadsheet,Codeforces
http://codeforces.com/problemset/problem/245/B,Internet Address,Codeforces
http://codeforces.com/problemset/problem/264/B,Good Sequences,Codeforces
http://codeforces.com/problemset/problem/276/D,Little Girl and Maximum XOR,Codeforces
http://acm.tju.edu.cn/toj/showp3051.html,Hopeless Coach,TJU
http://codeforces.com/problemset/problem/479/E,Riding in a Lift,Codeforces
http://codeforces.com/problemset/problem/294/B,Shaass and Bookshelf,Codeforces
http://codeforces.com/problemset/problem/909/C,Python Indentation,Codeforces
https://uva.onlinejudge.org/index.php?option=onlinejudge&page=show_problem&problem=2509,Batman,UVA
http://codeforces.com/problemset/problem/106/C,Buns,Codeforces
http://codeforces.com/problemset/problem/743/D,Chloe and pleasant prizes,Codeforces
http://codeforces.com/problemset/problem/461/B,Appleman and Tree,Codeforces
http://codeforces.com/problemset/problem/864/E,Fire,Codeforces
http://codeforces.com/problemset/problem/455/B,A Lot of Games,Codeforces
http://www.codechef.com/problems/F6,Divide and conquer,CodeChef
http://codeforces.com/problemset/problem/478/D,Red-Green Towers,Codeforces
http://codeforces.com/problemset/problem/148/D,Bag of mice,Codeforces
http://codeforces.com/problemset/problem/159/D,Palindrome pairs,Codeforces
http://codeforces.com/problemset/problem/666/A,Reberland Linguistics,Codeforces
http://acm.tju.edu.cn/toj/showp3817.html,Matchsticks,TJU
http://acm.timus.ru/problem.aspx?space=1&num=1410,Crack,Timus
https://uva.onlinejudge.org/index.php?option=onlinejudge&page=show_problem&problem=3613,The Bridges of Kolsberg,UVA
http://codeforces.com/problemset/problem/255/C,Almost Arithmetical Progression,Codeforces
https://uva.onlinejudge.org/index.php?option=onlinejudge&page=show_problem&problem=3215,Zeros and Ones,UVA
http://codeforces.com/problemset/problem/245/H,Queries for Number of Palindromes,Codeforces
http://www.spoj.com/problems/NAJKRACI/,Najkraci,SPOJ
http://codeforces.com/problemset/problem/154/A,Hometask,Codeforces
http://www.spoj.com/problems/SOCOLA/,Chocolate,SPOJ
https://uva.onlinejudge.org/index.php?option=onlinejudge&page=show_problem&problem=2400,Can U Win?,UVA
http://codeforces.com/problemset/problem/351/A,Jeff and Rounding,Codeforces
p?ID=124,Party,A2 Online Judge
http://www.spoj.com/problems/CNTTREE/,Trees Again,SPOJ
http://codeforces.com/problemset/problem/180/C,Letter,Codeforces
http://codeforces.com/problemset/problem/557/C,Arthur and Table,Codeforces
http://codeforces.com/problemset/problem/527/D,Clique Problem,Codeforces
http://www.codechef.com/problems/CIRCLE,Minion Circle,CodeChef
https://uva.onlinejudge.org/index.php?option=onlinejudge&page=show_problem&problem=1949,Antimatter Ray Clearcutting,UVA
https://uva.onlinejudge.org/index.php?option=onlinejudge&page=show_problem&problem=2370,Matches,UVA
http://codeforces.com/problemset/problem/375/B,Maximum Submatrix 2,Codeforces
http://codeforces.com/problemset/problem/283/B,Cow Program,Codeforces
http://acm.timus.ru/problem.aspx?space=1&num=1287,Mars Canals,Timus
http://www.spoj.com/problems/BAT4/,BATMAN4,SPOJ
http://www.spoj.com/problems/BOYSCOUT/,Boy Scouts,SPOJ
https://uva.onlinejudge.org/index.php?option=onlinejudge&page=show_problem&problem=2422,Expect the Expected,UVA
https://uva.onlinejudge.org/index.php?option=onlinejudge&page=show_problem&problem=2540,Avoiding Jungle in the Dark,UVA
http://acm.timus.ru/problem.aspx?space=1&num=1513,Lemon Tale,Timus
http://www.spoj.com/problems/DOMINOES/,Dominoes,SPOJ
http://www.spoj.com/problems/LPPP/,Lov-e Pap Pap-e Polti,SPOJ
http://codeforces.com/problemset/problem/156/A,Message,Codeforces
http://codeforces.com/problemset/problem/216/B,Forming Teams,Codeforces
http://codeforces.com/problemset/problem/582/B,Once Again...,Codeforces
http://acm.timus.ru/problem.aspx?space=1&num=1238,Folding,Timus
https://uva.onlinejudge.org/index.php?option=onlinejudge&page=show_problem&problem=3681,ICPC Team Strategy,UVA
http://codeforces.com/problemset/problem/830/A,Office Keys,Codeforces
http://codeforces.com/problemset/problem/59/B,Fortune Telling,Codeforces
http://codeforces.com/problemset/problem/983/B,XOR-pyramid,Codeforces
http://codeforces.com/problemset/problem/627/A,XOR Equation,Codeforces
http://codeforces.com/problemset/problem/61/D,Eternal Victory,Codeforces
http://www.spoj.com/problems/TECHOFES/,INVITATION FOR TECHOFES,SPOJ
http://vn.spoj.com/problems/HUGEKNAP/,Cái túi ( Hard version ),SPOJ Vietnam
http://codeforces.com/problemset/problem/191/C,Fools and Roads,Codeforces
http://codeforces.com/problemset/problem/869/C,The Intriguing Obsession,Codeforces
http://www.spoj.com/problems/FATAWY/,Fatawy,SPOJ
https://uva.onlinejudge.org/index.php?option=onlinejudge&page=show_problem&problem=3746,Philip J. Fry Problem,UVA
http://www.spoj.com/problems/BALNUM/,Balanced Numbers,SPOJ
http://codeforces.com/problemset/problem/459/E,Pashmak and Graph,Codeforces
http://codeforces.com/problemset/problem/859/C,Pie Rules,Codeforces
http://acm.timus.ru/problem.aspx?space=1&num=1741,Communication Fiend,Timus
http://www.spoj.com/problems/INGRED/,Ingredients,SPOJ
https://uva.onlinejudge.org/index.php?option=onlinejudge&page=show_problem&problem=3962,Digit Sum,UVA
http://codeforces.com/problemset/problem/629/D,Babaei and Birthday Cake,Codeforces
http://codeforces.com/problemset/problem/650/B,Image Preview,Codeforces
https://icpcarchive.ecs.baylor.edu/index.php?option=onlinejudge&page=show_problem&problem=221,Binary Search,Live Archive
http://codeforces.com/problemset/problem/515/D,Drazil and Tiles,Codeforces
http://www.spoj.com/problems/DCEPC807/,Bit by Bit,SPOJ
http://codeforces.com/problemset/problem/214/B,Hometask,Codeforces
https://uva.onlinejudge.org/index.php?option=onlinejudge&page=show_problem&problem=3679,Free Parentheses,UVA
http://codeforces.com/problemset/problem/366/C,Dima and Salad,Codeforces
http://acm.timus.ru/problem.aspx?space=1&num=1495,One-two, One-two 2,Timus
http://codeforces.com/problemset/problem/540/D,Bad Luck Island,Codeforces
http://codeforces.com/problemset/problem/710/E,Generate a String,Codeforces
https://icpcarchive.ecs.baylor.edu/index.php?option=onlinejudge&page=show_problem&problem=943,Rent your airplane and make money,Live Archive
https://icpcarchive.ecs.baylor.edu/index.php?option=onlinejudge&page=show_problem&problem=3090,Assignments,Live Archive
http://codeforces.com/problemset/problem/248/B,Chilly Willy,Codeforces
http://codeforces.com/problemset/problem/231/B,Magic, Wizardry and Wonders,Codeforces
http://codeforces.com/problemset/problem/700/B,Connecting Universities,Codeforces
http://www.spoj.com/problems/CVXPOLY/,Convex Polygons,SPOJ
http://acm.timus.ru/problem.aspx?space=1&num=1326,Bottle Taps,Timus
http://acm.timus.ru/problem.aspx?space=1&num=1221,Malevich Strikes Back!,Timus
http://codeforces.com/problemset/problem/234/C,Weather,Codeforces
http://codeforces.com/problemset/problem/559/C,Gerald and Giant Chess,Codeforces
http://codeforces.com/problemset/problem/61/E,Enemy is weak,Codeforces
http://codeforces.com/problemset/problem/453/B,Little Pony and Harmony Chest,Codeforces
http://acm.timus.ru/problem.aspx?space=1&num=1437,Gasoline Station,Timus
http://www.spoj.com/problems/NGIRL/,Namit In Trouble,SPOJ
https://uva.onlinejudge.org/index.php?option=onlinejudge&page=show_problem&problem=2932,Account Book,UVA
http://codeforces.com/problemset/problem/455/C,Civilization,Codeforces
http://codeforces.com/problemset/problem/519/E,A and B and Lecture Rooms,Codeforces
http://codeforces.com/problemset/problem/750/D,New Year and Fireworks,Codeforces
http://codeforces.com/problemset/problem/510/D,Fox And Jumping,Codeforces
https://uva.onlinejudge.org/index.php?option=onlinejudge&page=show_problem&problem=2181,Antimonotonicity,UVA
https://uva.onlinejudge.org/index.php?option=onlinejudge&page=show_problem&problem=1589,Chocolate Box,UVA
http://codeforces.com/problemset/problem/274/B,Zero Tree,Codeforces
http://codeforces.com/problemset/problem/811/C,Vladik and Memorable Trip,Codeforces
http://codeforces.com/problemset/problem/35/C,Fire Again,Codeforces
http://acm.timus.ru/problem.aspx?space=1&num=1362,Classmates 2,Timus
http://acm.sgu.ru/problem.php?contest=0&problem=407,Number of Paths in the Empire,SGU
http://www.spoj.com/problems/DIVSEQ/,DIVSEQ,SPOJ
http://codeforces.com/problemset/problem/70/A,Cookies,Codeforces
https://uva.onlinejudge.org/index.php?option=onlinejudge&page=show_problem&problem=2245,Tiling Dominoes,UVA
https://icpcarchive.ecs.baylor.edu/index.php?option=onlinejudge&page=show_problem&problem=785,Bright Bracelet,Live Archive
https://uva.onlinejudge.org/index.php?option=onlinejudge&page=show_problem&problem=1631,Expression Again,UVA
http://www.spoj.com/problems/VBOSS/,Who is The Boss,SPOJ
http://codeforces.com/problemset/problem/337/D,Book of Evil,Codeforces
http://codeforces.com/problemset/problem/437/D,The Child and Zoo,Codeforces
http://codeforces.com/problemset/problem/71/C,Round Table Knights,Codeforces
https://uva.onlinejudge.org/index.php?option=onlinejudge&page=show_problem&problem=1470,Dumb Bones,UVA
https://icpcarchive.ecs.baylor.edu/index.php?option=onlinejudge&page=show_problem&problem=4799,Going Postal,Live Archive
http://acm.timus.ru/problem.aspx?space=1&num=1427,SMS,Timus
http://codeforces.com/problemset/problem/432/D,Prefixes and Suffixes,Codeforces
http://www.spoj.com/problems/ANARC07G/,Let go to the movies,SPOJ
http://www.spoj.com/problems/DTT/,Drop the Triples,SPOJ
http://codeforces.com/problemset/problem/687/C,The Values You Can Make,Codeforces
https://uva.onlinejudge.org/index.php?option=onlinejudge&page=show_problem&problem=2427,Busy Programmer,UVA
http://www.codechef.com/problems/LEBLOCKS,Little Elephant and Blocks,CodeChef
https://uva.onlinejudge.org/index.php?option=onlinejudge&page=show_problem&problem=917,Bridge Building,UVA
http://www.spoj.com/problems/ASSIGN4/,Another Assignment Problem,SPOJ
http://www.spoj.com/problems/GO4DIMON/,GO FOR DIAMONDS,SPOJ
http://codeforces.com/problemset/problem/120/F,Spiders,Codeforces
https://uva.onlinejudge.org/index.php?option=onlinejudge&page=show_problem&problem=3895,Fibonacci Words,UVA
http://codeforces.com/problemset/problem/509/C,Sums of Digits,Codeforces
http://codeforces.com/problemset/problem/679/B,Bear and Tower of Cubes,Codeforces
http://community.topcoder.com/stat?c=problem_statement&pm=10549,HexagonalBattlefield,TopCoder
http://acm.timus.ru/problem.aspx?space=1&num=1776,Anniversary Firework,Timus
http://codeforces.com/problemset/problem/645/D,Robot Rapping Results Report,Codeforces
http://codeforces.com/problemset/problem/566/F,Clique in the Divisibility Graph,Codeforces
http://codeforces.com/problemset/problem/49/B,Sum,Codeforces
http://codeforces.com/problemset/problem/466/D,Increase Sequence,Codeforces
http://codeforces.com/problemset/problem/113/B,Petr#,Codeforces
p?ID=12,Mario Kart,A2 Online Judge
http://codeforces.com/problemset/problem/132/C,Logo Turtle,Codeforces
https://www.urionlinejudge.com.br/judge/en/problems/view/1475,Patches,URI
http://codeforces.com/problemset/problem/201/A,Clear Symmetry,Codeforces
http://codeforces.com/problemset/problem/895/C,Square Subsets,Codeforces
https://uva.onlinejudge.org/index.php?option=onlinejudge&page=show_problem&problem=2738,Allergy Test,UVA
http://codeforces.com/problemset/problem/264/C,Choosing Balls,Codeforces
http://codeforces.com/problemset/problem/571/B,Minimization,Codeforces
http://codeforces.com/problemset/problem/165/E,Compatible Numbers,Codeforces
http://codeforces.com/problemset/problem/19/B,Checkout Assistant,Codeforces
http://www.spoj.com/problems/JUMPDORA/,JUMPING DORA,SPOJ
http://codeforces.com/problemset/problem/786/A,Berzerk,Codeforces
http://www.spoj.com/problems/IPL1/,IPL - CRICKET TOURNAMENT,SPOJ
http://codeforces.com/problemset/problem/633/C,Spy Syndrome 2,Codeforces
http://codeforces.com/problemset/problem/14/D,Two Paths,Codeforces
https://uva.onlinejudge.org/index.php?option=onlinejudge&page=show_problem&problem=2882,Optimal Cut,UVA
http://acm.timus.ru/problem.aspx?space=1&num=1463,Happiness to People!,Timus
http://codeforces.com/problemset/problem/598/E,Chocolate Bar,Codeforces
http://codeforces.com/problemset/problem/107/B,Basketball Team,Codeforces
http://codeforces.com/problemset/problem/27/E,Number With The Given Amount Of Divisors,Codeforces
http://codeforces.com/problemset/problem/839/D,Winter is here,Codeforces
http://codeforces.com/problemset/problem/354/C,Vasya and Beautiful Arrays,Codeforces
http://acm.timus.ru/problem.aspx?space=1&num=1172,Ship Routes,Timus
http://codeforces.com/problemset/problem/629/C,Famil Door and Brackets,Codeforces
http://codeforces.com/problemset/problem/148/E,Porcelain,Codeforces
http://www.codechef.com/problems/TREERGB,Paint the Tree,CodeChef
http://codeforces.com/problemset/problem/109/C,Lucky Tree,Codeforces
https://uva.onlinejudge.org/index.php?option=onlinejudge&page=show_problem&problem=2494,Longest Increasing Sequence,UVA
http://codeforces.com/problemset/problem/474/E,Pillars,Codeforces
http://codeforces.com/problemset/problem/487/B,Strip,Codeforces
http://www.codechef.com/problems/SUMSLOPE,Summing Slopes,CodeChef
http://www.spoj.com/problems/LINE/,Connect Line Segments,SPOJ
http://acm.timus.ru/problem.aspx?space=1&num=1389,Roadworks,Timus
http://codeforces.com/problemset/problem/621/E,Wet Shark and Blocks,Codeforces
http://codeforces.com/problemset/problem/358/D,Dima and Hares,Codeforces
http://codeforces.com/problemset/problem/372/B,Counting Rectangles is Fun,Codeforces
https://uva.onlinejudge.org/index.php?option=onlinejudge&page=show_problem&problem=1148,The Unreal Tournament,UVA
http://codeforces.com/problemset/problem/777/E,Hanoi Factory,Codeforces
http://codeforces.com/problemset/problem/319/C,Kalila and Dimna in the Logging Industry,Codeforces
http://codeforces.com/problemset/problem/682/D,Alyona and Strings,Codeforces
http://codeforces.com/problemset/problem/351/B,Jeff and Furik,Codeforces
http://codeforces.com/problemset/problem/494/B,Obsessive String,Codeforces
http://www.spoj.com/problems/DNALAB/,DNA Laboratory,SPOJ
http://codeforces.com/problemset/problem/11/D,A Simple Task,Codeforces
http://acm.timus.ru/problem.aspx?space=1&num=1342,Enterprise,Timus
http://codeforces.com/problemset/problem/340/E,Iahub and Permutations,Codeforces
http://acm.timus.ru/problem.aspx?space=1&num=1577,E-mail,Timus
http://codeforces.com/problemset/problem/346/B,Lucky Common Subsequence,Codeforces
http://acm.timus.ru/problem.aspx?space=1&num=1276,Train,Timus
http://codeforces.com/problemset/problem/568/B,Symmetric and Transitive,Codeforces
http://www.codechef.com/problems/CNTDIGIT,Count Digits,CodeChef
http://codeforces.com/problemset/problem/401/D,Roman and Numbers,Codeforces
http://acm.timus.ru/problem.aspx?space=1&num=1371,Cargo Agency,Timus
https://uva.onlinejudge.org/index.php?option=onlinejudge&page=show_problem&problem=3298,Candy,UVA
http://codeforces.com/problemset/problem/814/D,An overnight dance in discotheque,Codeforces
http://community.topcoder.com/stat?c=problem_statement&pm=8570,CreatureTraining,TopCoder
http://codeforces.com/problemset/problem/507/E,Breaking Good,Codeforces
http://codeforces.com/problemset/problem/22/B,Bargaining Table,Codeforces
https://uva.onlinejudge.org/index.php?option=onlinejudge&page=show_problem&problem=3652,Atomic Car Race,UVA
http://codeforces.com/problemset/problem/13/C,Sequence,Codeforces
http://codeforces.com/problemset/problem/331/C1,The Great Julya Calendar,Codeforces
http://www.spoj.com/problems/SUBP/,Subsequence Problem,SPOJ
http://codeforces.com/problemset/problem/637/D,Running with Obstacles,Codeforces
http://codeforces.com/problemset/problem/615/C,Running Track,Codeforces
http://codeforces.com/problemset/problem/533/E,Correcting Mistakes,Codeforces
https://uva.onlinejudge.org/index.php?option=onlinejudge&page=show_problem&problem=2226,Coin Changing Again,UVA
https://uva.onlinejudge.org/index.php?option=onlinejudge&page=show_problem&problem=2103,Independent Attacking Zones,UVA
https://icpcarchive.ecs.baylor.edu/index.php?option=onlinejudge&page=show_problem&problem=3171,Testing the CATCHER,Live Archive
http://www.spoj.com/problems/GREEDULM/,Huffman´s Greed,SPOJ
http://codeforces.com/problemset/problem/163/A,Substring and Subsequence,Codeforces
http://www.codechef.com/problems/SEABUB,Sereja and Bubble Sort,CodeChef
http://codeforces.com/problemset/problem/417/A,Elimination,Codeforces
http://codeforces.com/problemset/problem/833/B,The Bakery,Codeforces
http://codeforces.com/problemset/problem/9/D,How many trees?,Codeforces
http://codeforces.com/problemset/problem/402/D,Upgrading Array,Codeforces
http://codeforces.com/problemset/problem/321/B,Ciel and Duel,Codeforces
http://codeforces.com/problemset/problem/374/C,Inna and Dima,Codeforces
http://codeforces.com/problemset/problem/292/D,Connected Components,Codeforces
http://codeforces.com/problemset/problem/597/B,Restaurant,Codeforces
http://acm.timus.ru/problem.aspx?space=1&num=1013,K-based Numbers. Version 3,Timus
http://codeforces.com/problemset/problem/360/B,Levko and Array,Codeforces
https://icpcarchive.ecs.baylor.edu/index.php?option=onlinejudge&page=show_problem&problem=1551,Hotel,Live Archive
http://www.codechef.com/problems/COVERING,Covering Sets,CodeChef
http://community.topcoder.com/stat?c=problem_statement&pm=6572,WordMath,TopCoder
https://uva.onlinejudge.org/index.php?option=onlinejudge&page=show_problem&problem=3537,The Islands,UVA
http://codeforces.com/problemset/problem/128/C,Games with Rectangle,Codeforces
http://codeforces.com/problemset/problem/486/D,Valid Sets,Codeforces
http://codeforces.com/problemset/problem/383/D,Antimatter,Codeforces
http://codeforces.com/problemset/problem/191/A,Dynasty Puzzles,Codeforces
https://www.urionlinejudge.com.br/judge/en/problems/view/1624,Promotion,URI
http://codeforces.com/problemset/problem/592/D,Super M,Codeforces
https://uva.onlinejudge.org/index.php?option=onlinejudge&page=show_problem&problem=4648,Weak Links,UVA
http://codeforces.com/problemset/problem/513/G1,Inversions problem,Codeforces
http://codeforces.com/problemset/problem/489/F,Special Matrices,Codeforces
http://codeforces.com/problemset/problem/840/B,Leha and another game about graph,Codeforces
http://codeforces.com/problemset/problem/10/B,Cinema Cashier,Codeforces
http://acm.timus.ru/problem.aspx?space=1&num=1611,Decimation,Timus
http://acm.timus.ru/problem.aspx?space=1&num=1472,Martian Army,Timus
http://codeforces.com/problemset/problem/597/C,Subsequences,Codeforces
http://codeforces.com/problemset/problem/313/D,Ilya and Roads,Codeforces
http://codeforces.com/problemset/problem/208/B,Solitaire,Codeforces
http://codeforces.com/problemset/problem/79/C,Beaver,Codeforces
http://codeforces.com/problemset/problem/427/D,Match & Catch,Codeforces
http://codeforces.com/problemset/problem/712/D,Memory and Scores,Codeforces
http://codeforces.com/problemset/problem/158/E,Phone Talks,Codeforces
http://codeforces.com/problemset/problem/282/D,Yet Another Number Game,Codeforces
http://codeforces.com/problemset/problem/628/D,Magic Numbers,Codeforces
http://codeforces.com/problemset/problem/235/B,Let's Play Osu!,Codeforces
http://codeforces.com/problemset/problem/6/D,Lizards and Basements 2,Codeforces
http://codeforces.com/problemset/problem/213/B,Numbers,Codeforces
https://icpcarchive.ecs.baylor.edu/index.php?option=onlinejudge&page=show_problem&problem=4795,Least Common Multiple,Live Archive
http://codeforces.com/problemset/problem/486/E,LIS of Sequence,Codeforces
http://codeforces.com/problemset/problem/379/D,New Year Letter,Codeforces
https://www.urionlinejudge.com.br/judge/en/problems/view/2532,Demogorgon,URI
http://codeforces.com/problemset/problem/44/E,Anfisa the Monkey,Codeforces
http://codeforces.com/problemset/problem/449/D,Jzzhu and Numbers,Codeforces
http://acm.timus.ru/problem.aspx?space=1&num=1696,Salary for Robots,Timus
http://codeforces.com/problemset/problem/675/E,Trains and Statistic,Codeforces
p?ID=222,Oil Skimming,A2 Online Judge
https://icpcarchive.ecs.baylor.edu/index.php?option=onlinejudge&page=show_problem&problem=3194,Jill Rides Again,Live Archive
http://codeforces.com/problemset/problem/232/B,Table,Codeforces
http://codeforces.com/problemset/problem/10/D,LCIS,Codeforces
http://codeforces.com/problemset/problem/404/D,Minesweeper 1D,Codeforces
http://codeforces.com/problemset/problem/626/F,Group Projects,Codeforces
http://www.spoj.com/problems/LEXBRAC/,Bracket Sequence,SPOJ
https://icpcarchive.ecs.baylor.edu/index.php?option=onlinejudge&page=show_problem&problem=3128,Save the Python Programmers!,Live Archive
http://codeforces.com/problemset/problem/314/C,Sereja and Subsequences,Codeforces
http://codeforces.com/problemset/problem/208/C,Police Station,Codeforces
http://codeforces.com/problemset/problem/464/C,Substitutes in Number,Codeforces
http://codeforces.com/problemset/problem/362/C,Insertion Sort,Codeforces
p?ID=284,Snakes,A2 Online Judge
http://codeforces.com/problemset/problem/174/B,File List,Codeforces
http://codeforces.com/problemset/problem/587/B,Duff in Beach,Codeforces
http://codeforces.com/problemset/problem/16/E,Fish,Codeforces
http://www.spoj.com/problems/PAINTTMP/,Paint templates,SPOJ
http://codeforces.com/problemset/problem/229/D,Towers,Codeforces
https://icpcarchive.ecs.baylor.edu/index.php?option=onlinejudge&page=show_problem&problem=1537,Sort that Queue,Live Archive
http://codeforces.com/problemset/problem/74/B,Train,Codeforces
http://codeforces.com/problemset/problem/67/A,Partial Teacher,Codeforces
http://codeforces.com/problemset/problem/213/C,Relay Race,Codeforces
http://codeforces.com/problemset/problem/101/B,Buses,Codeforces
http://codeforces.com/problemset/problem/33/C,Wonderful Randomized Sum,Codeforces
http://acm.timus.ru/problem.aspx?space=1&num=1900,Brainwashing Device,Timus
http://codeforces.com/problemset/problem/87/C,Interesting Game,Codeforces
http://codeforces.com/problemset/problem/21/C,Stripe 2,Codeforces
http://codeforces.com/problemset/problem/223/B,Two Strings,Codeforces
http://codeforces.com/problemset/problem/187/B,AlgoRace,Codeforces
http://codeforces.com/problemset/problem/533/B,Work Group,Codeforces
http://codeforces.com/problemset/problem/507/D,The Maths Lecture,Codeforces
http://codeforces.com/problemset/problem/149/D,Coloring Brackets,Codeforces
http://community.topcoder.com/stat?c=problem_statement&pm=11674,MagicNaming,TopCoder
http://codeforces.com/problemset/problem/815/C,Karen and Supermarket,Codeforces
http://codeforces.com/problemset/problem/8/C,Looking for Order,Codeforces
http://codeforces.com/problemset/problem/137/D,Palindromes,Codeforces
http://codeforces.com/problemset/problem/552/E,Vanya and Brackets,Codeforces
http://codeforces.com/problemset/problem/55/D,Beautiful numbers,Codeforces
http://codeforces.com/problemset/problem/476/E,Dreamoon and Strings,Codeforces
http://www.spoj.com/problems/SUMSLOPE/,Summing Slopes,SPOJ
http://codeforces.com/problemset/problem/623/B,Array GCD,Codeforces
http://codeforces.com/problemset/problem/538/E,Demiurges Play Again,Codeforces
https://uva.onlinejudge.org/index.php?option=onlinejudge&page=show_problem&problem=3917,Common Palindrome,UVA
http://codeforces.com/problemset/problem/372/C,Watching Fireworks is Fun,Codeforces
http://www.spoj.com/problems/SEGTREE/,Segment Tree,SPOJ
http://codeforces.com/problemset/problem/524/B,???? ?? ?????? - 2 (round version),Codeforces
http://codeforces.com/problemset/problem/35/D,Animals,Codeforces
http://codeforces.com/problemset/problem/156/C,Cipher,Codeforces
http://codeforces.com/problemset/problem/743/E,Vladik and cards,Codeforces
https://icpcarchive.ecs.baylor.edu/index.php?option=onlinejudge&page=show_problem&problem=6064,Money for Nothing,Live Archive
http://www.spoj.com/problems/LCS0/,Longest Common Subsequence,SPOJ
http://www.spoj.com/problems/TOPCODE/,The  Top-Code,SPOJ
http://codeforces.com/problemset/problem/773/B,Dynamic Problem Scoring,Codeforces
http://codeforces.com/problemset/problem/222/E,Decoding Genome,Codeforces
http://codeforces.com/problemset/problem/258/C,Little Elephant and LCM,Codeforces
https://uva.onlinejudge.org/index.php?option=onlinejudge&page=show_problem&problem=2918,Game --- Mouse and Cheese,UVA
http://codeforces.com/problemset/problem/316/B2,EKG,Codeforces
http://codeforces.com/problemset/problem/543/D,Road Improvement,Codeforces
http://codeforces.com/problemset/problem/467/D,Fedor and Essay,Codeforces
http://codeforces.com/problemset/problem/484/D,Kindergarten,Codeforces
http://acm.timus.ru/problem.aspx?space=1&num=1570,Eating High,Timus
http://codeforces.com/problemset/problem/295/C,Greg and Friends,Codeforces
http://codeforces.com/problemset/problem/431/D,Random Task,Codeforces
http://codeforces.com/problemset/problem/821/E,Okabe and El Psy Kongroo,Codeforces
http://www.spoj.com/problems/ININT/,Incrementing The Integer,SPOJ
http://codeforces.com/problemset/problem/82/D,Two out of Three,Codeforces
http://codeforces.com/problemset/problem/650/C,Table Compression,Codeforces
http://codeforces.com/problemset/problem/713/C,Sonya and Problem Wihtout a Legend,Codeforces
http://codeforces.com/problemset/problem/335/B,Palindrome,Codeforces
http://codeforces.com/problemset/problem/258/B,Little Elephant and Elections,Codeforces
http://codeforces.com/problemset/problem/525/E,Anya and Cubes,Codeforces
http://codeforces.com/problemset/problem/167/B,Wizards and Huge Prize,Codeforces
http://codeforces.com/problemset/problem/78/C,Beaver Game,Codeforces
http://codeforces.com/problemset/problem/508/E,Arthur and Brackets,Codeforces
http://codeforces.com/problemset/problem/766/E,Mahmoud and a xor trip,Codeforces
http://codeforces.com/problemset/problem/38/E,Let's Go Rolling!,Codeforces
http://acm.timus.ru/problem.aspx?space=1&num=1310,ACM Diagnostics,Timus
http://codeforces.com/problemset/problem/261/B,Maxim and Restaurant,Codeforces
http://codeforces.com/problemset/problem/234/F,Fence,Codeforces
http://codeforces.com/problemset/problem/145/C,Lucky Subsequence,Codeforces
http://codeforces.com/problemset/problem/618/D,Hamiltonian Spanning Tree,Codeforces
http://www.spoj.com/problems/MYSTIC/,Mystic  Craft,SPOJ
http://codeforces.com/problemset/problem/30/C,Shooting Gallery,Codeforces
http://codeforces.com/problemset/problem/900/D,Unusual Sequences,Codeforces
https://icpcarchive.ecs.baylor.edu/index.php?option=onlinejudge&page=show_problem&problem=3284,Maximum Sub-sequence Product,Live Archive
http://acm.timus.ru/problem.aspx?space=1&num=1716,Alternative Solution,Timus
http://codeforces.com/problemset/problem/285/D,Permutation Sum,Codeforces
https://uva.onlinejudge.org/index.php?option=onlinejudge&page=show_problem&problem=4410,Eleven,UVA
http://codeforces.com/problemset/problem/520/E,Pluses everywhere,Codeforces
https://uva.onlinejudge.org/index.php?option=onlinejudge&page=show_problem&problem=3883,Plants vs. Zombies HD SP,UVA
http://codeforces.com/problemset/problem/570/E,Pig and Palindromes,Codeforces
http://codeforces.com/problemset/problem/321/E,Ciel and Gondolas,Codeforces
http://codeforces.com/problemset/problem/500/E,New Year Domino,Codeforces
http://codeforces.com/problemset/problem/797/E,Array Queries,Codeforces
http://codeforces.com/problemset/problem/417/D,Cunning Gena,Codeforces
http://community.topcoder.com/stat?c=problem_statement&pm=7481,FibonacciKnapsack,TopCoder
http://codeforces.com/problemset/problem/403/D,Beautiful Pairs of Numbers,Codeforces
http://codeforces.com/problemset/problem/119/C,Education Reform,Codeforces
http://codeforces.com/problemset/problem/632/E,Thief in a Shop,Codeforces
http://codeforces.com/problemset/problem/374/D,Inna and Sequence ,Codeforces
http://codeforces.com/problemset/problem/526/E,Transmitting Levels,Codeforces
http://codeforces.com/problemset/problem/542/F,Quest,Codeforces
http://codeforces.com/problemset/problem/360/C,Levko and Strings,Codeforces
http://codeforces.com/problemset/problem/173/C,Spiral Maximum,Codeforces
http://codeforces.com/problemset/problem/439/E,Devu and Birthday Celebration,Codeforces
http://codeforces.com/problemset/problem/662/C,Binary Table,Codeforces
http://codeforces.com/problemset/problem/935/E,Fafa and Ancient Mathematics,Codeforces
http://codeforces.com/problemset/problem/261/C,Maxim and Matrix,Codeforces
http://codeforces.com/problemset/problem/840/C,On the Bench,Codeforces
http://codeforces.com/problemset/problem/73/C,LionAge II,Codeforces
http://codeforces.com/problemset/problem/76/D,Plus and xor,Codeforces
https://uva.onlinejudge.org/index.php?option=onlinejudge&page=show_problem&problem=2002,Playing War,UVA
http://codeforces.com/problemset/problem/54/C,First Digit Law,Codeforces
http://acm.timus.ru/problem.aspx?space=1&num=1526,Martian Plates,Timus
http://codeforces.com/problemset/problem/296/B,Yaroslav and Two Strings,Codeforces
http://codeforces.com/problemset/problem/201/C,Fragile Bridges,Codeforces
http://acm.timus.ru/problem.aspx?space=1&num=1817,Merry-go-round,Timus
http://codeforces.com/problemset/problem/31/E,TV Game,Codeforces
http://codeforces.com/problemset/problem/311/B,Cats Transport,Codeforces
http://codeforces.com/problemset/problem/894/E,Ralph and Mushrooms,Codeforces
http://codeforces.com/problemset/problem/704/B,Ant Man,Codeforces
http://codeforces.com/problemset/problem/69/D,Dot,Codeforces
http://codeforces.com/problemset/problem/490/F,Treeland Tour,Codeforces
https://icpcarchive.ecs.baylor.edu/index.php?option=onlinejudge&page=show_problem&problem=4204,Component Testing,Live Archive
http://codeforces.com/problemset/problem/337/E,Divisor Tree,Codeforces
https://icpcarchive.ecs.baylor.edu/index.php?option=onlinejudge&page=show_problem&problem=1802,Longest Run on a Snowboard,Live Archive
http://codeforces.com/problemset/problem/251/C,Number Transformation,Codeforces
http://codeforces.com/problemset/problem/364/B,Free Market,Codeforces
http://acm.timus.ru/problem.aspx?space=1&num=1745,Yet Another Answer,Timus
http://codeforces.com/problemset/problem/645/E,Intellectual Inquiry,Codeforces
http://codeforces.com/problemset/problem/744/C,Hongcow Buys a Deck of Cards,Codeforces
http://codeforces.com/problemset/problem/498/B,Name That Tune,Codeforces
http://codeforces.com/problemset/problem/398/B,Painting The Wall,Codeforces
http://codeforces.com/problemset/problem/44/H,Phone Number,Codeforces
https://uva.onlinejudge.org/index.php?option=onlinejudge&page=show_problem&problem=4970,Duckindromes,UVA
http://codeforces.com/problemset/problem/246/E,Blood Cousins Return,Codeforces
http://codeforces.com/problemset/problem/77/C,Beavermuncher-0xFF,Codeforces
https://uva.onlinejudge.org/index.php?option=onlinejudge&page=show_problem&problem=3574,Rent your airplane and make money,UVA
http://codeforces.com/problemset/problem/900/E,Maximum Questions,Codeforces
http://codeforces.com/problemset/problem/435/D,Special Grid,Codeforces
http://codeforces.com/problemset/problem/327/E,Axis Walking,Codeforces
http://community.topcoder.com/stat?c=problem_statement&pm=11357,TheProgrammingContestDivOne,TopCoder
http://codeforces.com/problemset/problem/557/E,Ann and Half-Palindrome,Codeforces
https://uva.onlinejudge.org/index.php?option=onlinejudge&page=show_problem&problem=2855,Table Tennis,UVA
http://acm.timus.ru/problem.aspx?space=1&num=1459,Archer's Travel,Timus
http://codeforces.com/problemset/problem/543/C,Remembering Strings,Codeforces
http://codeforces.com/problemset/problem/95/B,Lucky Numbers,Codeforces
http://codeforces.com/problemset/problem/429/C,Guess the Tree,Codeforces
http://codeforces.com/problemset/problem/754/C,Vladik and chat,Codeforces
http://codeforces.com/problemset/problem/1073/E,Segment Sum,Codeforces
http://codeforces.com/problemset/problem/283/C,Coin Troubles,Codeforces
http://acm.timus.ru/problem.aspx?space=1&num=1171,Lost in Space,Timus
http://codeforces.com/problemset/problem/238/C,World Eater Brothers,Codeforces
http://codeforces.com/problemset/problem/498/D,Traffic Jams in the Land,Codeforces
http://codeforces.com/problemset/problem/416/E,President's Path,Codeforces
http://www.spoj.com/problems/XYYHHTT/,Catch Sheep,SPOJ
http://codeforces.com/problemset/problem/317/D,Game with Powers,Codeforces
http://codeforces.com/problemset/problem/260/D,Black and White Tree,Codeforces
http://codeforces.com/problemset/problem/391/A,Genetic Engineering,Codeforces
http://codeforces.com/problemset/problem/180/E,Cubes,Codeforces
http://codeforces.com/problemset/problem/46/E,Comb,Codeforces
http://codeforces.com/problemset/problem/514/E,Darth Vader and Tree,Codeforces
http://codeforces.com/problemset/problem/425/C,Sereja and Two Sequences,Codeforces
http://codeforces.com/problemset/problem/659/G,Fence Divercity,Codeforces
http://codeforces.com/problemset/problem/575/F,Bulbo,Codeforces
http://codeforces.com/problemset/problem/601/C,Kleofáš and the n-thlon,Codeforces
http://codeforces.com/problemset/problem/433/D,Nanami's Digital Board,Codeforces
http://codeforces.com/problemset/problem/49/D,Game,Codeforces
http://codeforces.com/problemset/problem/52/B,Right Triangles,Codeforces
http://codeforces.com/problemset/problem/377/C,Captains Mode,Codeforces
http://codeforces.com/problemset/problem/354/E,Lucky Number Representation,Codeforces
p?ID=32,Identify the Number,A2 Online Judge
http://codeforces.com/problemset/problem/590/D,Top Secret Task,Codeforces
http://codeforces.com/problemset/problem/629/E,Famil Door and Roads,Codeforces
http://www.spoj.com/problems/ASSIGN5/,Yet Another Assignment Problem,SPOJ
http://codeforces.com/problemset/problem/75/D,Big Maximum Sum,Codeforces
http://codeforces.com/problemset/problem/18/D,Seller Bob,Codeforces
http://codeforces.com/problemset/problem/631/E,Product Sum,Codeforces
http://codeforces.com/problemset/problem/56/D,Changing a String,Codeforces
http://codeforces.com/problemset/problem/67/D,Optical Experiment,Codeforces
http://codeforces.com/problemset/problem/489/E,Hiking,Codeforces
http://codeforces.com/problemset/problem/1077/F2,Pictures with Kittens (hard version),Codeforces
http://acm.timus.ru/problem.aspx?space=1&num=1627,Join,Timus
http://codeforces.com/problemset/problem/182/E,Wooden Fence,Codeforces
http://acm.timus.ru/problem.aspx?space=1&num=1476,Lunar Code,Timus
http://www.spoj.com/problems/LARMY/,Lannister Army,SPOJ
http://codeforces.com/problemset/problem/14/E,Camels,Codeforces
http://codeforces.com/problemset/problem/641/D,Little Artem and Random Variable,Codeforces
http://codeforces.com/problemset/problem/111/C,Petya and Spiders,Codeforces
http://acm.timus.ru/problem.aspx?space=1&num=1552,Brainfuck,Timus
https://uva.onlinejudge.org/index.php?option=onlinejudge&page=show_problem&problem=2923,Two Longest Paths,UVA
http://codeforces.com/problemset/problem/41/D,Pawn,Codeforces
https://uva.onlinejudge.org/index.php?option=onlinejudge&page=show_problem&problem=2658,Colored Tiles,UVA
http://codeforces.com/problemset/problem/369/D,Valera and Fools,Codeforces
http://codeforces.com/problemset/problem/176/B,Word Cut,Codeforces
http://codeforces.com/problemset/problem/95/E,Lucky Country,Codeforces
http://codeforces.com/problemset/problem/650/D,Zip-line,Codeforces
http://codeforces.com/problemset/problem/231/E,Cactus,Codeforces
http://codeforces.com/problemset/problem/258/D,Little Elephant and Broken Sorting,Codeforces
http://codeforces.com/problemset/problem/22/E,Scheme,Codeforces
http://codeforces.com/problemset/problem/437/E,The Child and Polygon,Codeforces
http://codeforces.com/problemset/problem/13/D,Triangles,Codeforces
http://codeforces.com/problemset/problem/49/E,Common ancestor,Codeforces
http://codeforces.com/problemset/problem/24/D,Broken robot,Codeforces
https://uva.onlinejudge.org/index.php?option=onlinejudge&page=show_problem&problem=3689,Inventory,UVA
http://codeforces.com/problemset/problem/228/C,Fractal Detector,Codeforces
http://codeforces.com/problemset/problem/392/B,Tower of Hanoi,Codeforces
http://codeforces.com/problemset/problem/66/E,Petya and Post,Codeforces
http://codeforces.com/problemset/problem/285/E,Positions in Permutations,Codeforces
http://codeforces.com/problemset/problem/300/D,Painting Square,Codeforces
http://codeforces.com/problemset/problem/581/F,Zublicanes and Mumocrates,Codeforces
http://codeforces.com/problemset/problem/76/F,Tourist,Codeforces
http://codeforces.com/problemset/problem/86/C,Genetic engineering,Codeforces
http://codeforces.com/problemset/problem/513/G2,Inversions problem,Codeforces
http://codeforces.com/problemset/problem/424/D,Biathlon Track,Codeforces
http://codeforces.com/problemset/problem/480/D,Parcels,Codeforces
http://codeforces.com/problemset/problem/413/D,2048,Codeforces
http://codeforces.com/problemset/problem/385/D,Bear and Floodlight,Codeforces
http://codeforces.com/problemset/problem/140/E,New Year Garland,Codeforces
http://codeforces.com/problemset/problem/294/E,Shaass the Great,Codeforces
http://codeforces.com/problemset/problem/123/C,Brackets,Codeforces
http://codeforces.com/problemset/problem/50/D,Bombing,Codeforces
http://codeforces.com/problemset/problem/79/D,Password,Codeforces
http://codeforces.com/problemset/problem/509/F,Progress Monitoring,Codeforces
http://codeforces.com/problemset/problem/261/D,Maxim and Increasing Subsequence,Codeforces
http://codeforces.com/problemset/problem/235/E,Number Challenge,Codeforces
http://codeforces.com/problemset/problem/567/F,Mausoleum,Codeforces
http://codeforces.com/problemset/problem/578/D,LCS Again,Codeforces
http://codeforces.com/problemset/problem/7/E,Defining Macros,Codeforces
http://codeforces.com/problemset/problem/132/D,Constants in the language of Shakespeare,Codeforces
http://acm.timus.ru/problem.aspx?space=1&num=1655,Somali Pirates,Timus
http://codeforces.com/problemset/problem/180/D,Name,Codeforces
http://codeforces.com/problemset/problem/596/D,Wilbur and Trees,Codeforces
http://codeforces.com/problemset/problem/809/C,Find a car,Codeforces
http://codeforces.com/problemset/problem/386/C,Diverse Substrings,Codeforces
http://codeforces.com/problemset/problem/440/C,One-Based Arithmetic,Codeforces
http://codeforces.com/problemset/problem/633/F,The Chocolate Spree,Codeforces
http://codeforces.com/problemset/problem/141/E,Clearing Up,Codeforces
http://codeforces.com/problemset/problem/482/C,Game with Strings,Codeforces
http://codeforces.com/problemset/problem/209/A,Multicolored Marbles,Codeforces
http://codeforces.com/problemset/problem/464/D,World of Darkraft - 2,Codeforces
http://codeforces.com/problemset/problem/28/C,Bath Queue,Codeforces
http://codeforces.com/problemset/problem/367/E,Sereja and Intervals,Codeforces
http://codeforces.com/problemset/problem/703/E,Mishka and Divisors,Codeforces
http://codeforces.com/problemset/problem/229/E,Gifts,Codeforces
http://codeforces.com/problemset/problem/342/D,Xenia and Dominoes,Codeforces
http://codeforces.com/problemset/problem/161/E,Polycarpus the Safecracker,Codeforces
http://codeforces.com/problemset/problem/17/C,Balance,Codeforces
http://codeforces.com/problemset/problem/111/D,Petya and Coloring,Codeforces
http://codeforces.com/problemset/problem/115/E,Linear Kingdom Races,Codeforces
http://codeforces.com/problemset/problem/256/E,Lucky Arrays,Codeforces
http://codeforces.com/problemset/problem/101/D,Castle,Codeforces
http://codeforces.com/problemset/problem/279/D,The Minimum Number of Variables,Codeforces
http://codeforces.com/problemset/problem/87/D,Beautiful Road,Codeforces
http://codeforces.com/problemset/problem/351/C,Jeff and Brackets,Codeforces
http://codeforces.com/problemset/problem/494/C,Helping People,Codeforces
http://codeforces.com/problemset/problem/627/D,Preorder Test,Codeforces
http://codeforces.com/problemset/problem/142/C,Help Caretaker,Codeforces
http://codeforces.com/problemset/problem/853/D,Michael and Charging Stations,Codeforces
http://codeforces.com/problemset/problem/126/D,Fibonacci Sums,Codeforces
http://codeforces.com/problemset/problem/739/E,Gosha is hunting,Codeforces
http://codeforces.com/problemset/problem/28/D,Don't fear, DravDe is kind,Codeforces
http://codeforces.com/problemset/problem/39/E,What Has Dirichlet Got to Do with That?,Codeforces
http://codeforces.com/problemset/problem/283/D,Cows and Cool Sequences,Codeforces
http://codeforces.com/problemset/problem/348/D,Turtles,Codeforces
http://codeforces.com/problemset/problem/8/E,Beads,Codeforces
http://acm.timus.ru/problem.aspx?space=1&num=1267,Yekaterinburg Subway,Timus
http://codeforces.com/problemset/problem/383/E,Vowels,Codeforces
http://codeforces.com/problemset/problem/215/E,Periodical Numbers,Codeforces
http://codeforces.com/problemset/problem/163/E,e-Government,Codeforces
http://codeforces.com/problemset/problem/671/D,Roads in Yusland,Codeforces
http://codeforces.com/problemset/problem/813/D,Two Melodies,Codeforces
http://codeforces.com/problemset/problem/89/B,Widget Library,Codeforces
http://codeforces.com/problemset/problem/516/D,Drazil and Morning Exercise,Codeforces
http://codeforces.com/problemset/problem/23/E,Tree,Codeforces
http://codeforces.com/problemset/problem/425/E,Sereja and Sets,Codeforces
http://acm.tju.edu.cn/toj/showp4173.html,E-The dynamic programming problem2,TJU
http://codeforces.com/problemset/problem/353/E,Antichain,Codeforces
http://acm.timus.ru/problem.aspx?space=1&num=1887,Frequent Flyer Card,Timus
http://codeforces.com/problemset/problem/576/D,Flights for Regular Customers,Codeforces
http://codeforces.com/problemset/problem/735/E,Ostap and Tree,Codeforces
http://codeforces.com/problemset/problem/72/G,Fibonacci army,Codeforces
http://codeforces.com/problemset/problem/494/D,Birthday,Codeforces
http://codeforces.com/problemset/problem/212/E,IT Restaurants,Codeforces
http://codeforces.com/problemset/problem/53/E,Dead Ends,Codeforces
http://codeforces.com/problemset/problem/467/E,Alex and Complicated Task,Codeforces
http://codeforces.com/problemset/problem/63/E,Sweets Game,Codeforces
http://codeforces.com/problemset/problem/295/D,Greg and Caves,Codeforces
http://codeforces.com/problemset/problem/356/D,Bags and Coins,Codeforces
http://codeforces.com/problemset/problem/83/D,Numbers,Codeforces
http://codeforces.com/problemset/problem/677/E,Vanya and Balloons,Codeforces
http://codeforces.com/problemset/problem/18/E,Flag 2,Codeforces
http://codeforces.com/problemset/problem/814/E,An unavoidable detour for home,Codeforces
http://codeforces.com/problemset/problem/57/D,Journey,Codeforces
http://codeforces.com/problemset/problem/830/D,Singer House,Codeforces
http://codeforces.com/problemset/problem/68/D,Half-decay tree,Codeforces
http://codeforces.com/problemset/problem/321/D,Ciel and Flipboard,Codeforces
http://codeforces.com/problemset/problem/217/C,Formurosa,Codeforces
http://codeforces.com/problemset/problem/178/F2,Representative Sampling,Codeforces
http://codeforces.com/problemset/problem/183/D,T-shirt,Codeforces
http://www.codechef.com/problems/LISA,Maximum Longest Increasing Subsequence,CodeChef
http://codeforces.com/problemset/problem/93/D,Flags,Codeforces
http://codeforces.com/problemset/problem/38/F,Smart Boy,Codeforces
http://codeforces.com/problemset/problem/354/B,Game with Strings,Codeforces
http://codeforces.com/problemset/problem/249/D,Donkey and Stars,Codeforces
http://codeforces.com/problemset/problem/15/E,Triangles,Codeforces
http://codeforces.com/problemset/problem/331/C3,The Great Julya Calendar,Codeforces
http://codeforces.com/problemset/problem/269/D,Maximum Waterfall,Codeforces
http://codeforces.com/problemset/problem/534/F,Simplified Nonogram,Codeforces
http://codeforces.com/problemset/problem/316/D2,PE Lesson,Codeforces
http://codeforces.com/problemset/problem/356/E,Xenia and String Problem,Codeforces
http://codeforces.com/problemset/problem/176/D,Hyper String,Codeforces
http://codeforces.com/problemset/problem/593/E,Strange Calculation and Cats,Codeforces
http://codeforces.com/problemset/problem/946/F,Fibonacci String Subsequences,Codeforces
http://codeforces.com/problemset/problem/277/D,Google Code Jam,Codeforces
http://codeforces.com/problemset/problem/500/F,New Year Shopping,Codeforces
http://codeforces.com/problemset/problem/93/E,Lostborn,Codeforces
http://codeforces.com/problemset/problem/518/F,Pasha and Pipe,Codeforces
http://codeforces.com/problemset/problem/524/F,And Yet Another Bracket Sequence,Codeforces
http://codeforces.com/problemset/problem/440/D,Berland Federalization,Codeforces
http://codeforces.com/problemset/problem/273/D,Dima and Figure,Codeforces
http://codeforces.com/problemset/problem/115/D,Unambiguous Arithmetic Expression,Codeforces
http://codeforces.com/problemset/problem/536/D,Tavas in Kansas,Codeforces
http://codeforces.com/problemset/problem/54/D,Writing a Song,Codeforces
http://codeforces.com/problemset/problem/316/D3,PE Lesson,Codeforces
http://codeforces.com/problemset/problem/256/D,Liars and Serge,Codeforces
http://codeforces.com/problemset/problem/288/E,Polo the Penguin and Lucky Numbers,Codeforces
http://codeforces.com/problemset/problem/301/E,Yaroslav and Arrangements,Codeforces
http://codeforces.com/problemset/problem/201/D,Brand New Problem,Codeforces
http://codeforces.com/problemset/problem/722/E,Research Rover,Codeforces
http://codeforces.com/problemset/problem/433/E,Tachibana Kanade's Tofu,Codeforces
http://codeforces.com/problemset/problem/166/D,Shoe Store,Codeforces
http://community.topcoder.com/stat?c=problem_statement&pm=4660,StackingBoxes,TopCoder
http://codeforces.com/problemset/problem/264/D,Colorful Stones,Codeforces
http://codeforces.com/problemset/problem/1044/F,DFS,Codeforces
http://codeforces.com/problemset/problem/70/E,Information Reform,Codeforces
http://codeforces.com/problemset/problem/220/D,Little Elephant and Triangle,Codeforces
http://codeforces.com/problemset/problem/232/E,Quick Tortoise,Codeforces
http://codeforces.com/problemset/problem/599/E,Sandy and Nuts,Codeforces
http://codeforces.com/problemset/problem/314/E,Sereja and Squares,Codeforces
http://codeforces.com/problemset/problem/107/C,Arrangement,Codeforces
http://codeforces.com/problemset/problem/51/F,Caterpillar,Codeforces
http://codeforces.com/problemset/problem/482/D,Random Function and Tree,Codeforces
http://codeforces.com/problemset/problem/375/E,Red and Black Tree,Codeforces
http://codeforces.com/problemset/problem/39/C,Moon Craters,Codeforces
http://codeforces.com/problemset/problem/441/E,Valera and Number,Codeforces
http://codeforces.com/problemset/problem/354/D,Transferring Pyramid,Codeforces
https://icpcarchive.ecs.baylor.edu/index.php?option=onlinejudge&page=show_problem&problem=4230,Candy Store,Live Archive
http://codeforces.com/problemset/problem/175/D,Plane of Tanks: Duel,Codeforces
http://codeforces.com/problemset/problem/589/C,Polycarp's Masterpiece,Codeforces
http://codeforces.com/problemset/problem/81/E,Pairs,Codeforces
http://codeforces.com/problemset/problem/512/D,Fox And Travelling,Codeforces
http://codeforces.com/problemset/problem/332/E,Binary Key,Codeforces
http://codeforces.com/problemset/problem/261/E,Maxim and Calculator,Codeforces
http://codeforces.com/problemset/problem/273/E,Dima and Game,Codeforces
http://codeforces.com/problemset/problem/74/D,Hanger,Codeforces
http://codeforces.com/problemset/problem/513/E1,Subarray Cuts,Codeforces
http://codeforces.com/problemset/problem/704/C,Black Widow,Codeforces
http://codeforces.com/problemset/problem/67/C,Sequence of Balls,Codeforces
http://codeforces.com/problemset/problem/382/E,Ksenia and Combinatorics,Codeforces
http://codeforces.com/problemset/problem/596/E,Wilbur and Strings,Codeforces
http://codeforces.com/problemset/problem/453/D,Little Pony and Elements of Harmony,Codeforces
http://acm.timus.ru/problem.aspx?space=1&num=1895,Steaks on Board,Timus
http://codeforces.com/problemset/problem/573/D,Bear and Cavalry,Codeforces
http://codeforces.com/problemset/problem/77/D,Domino Carpet,Codeforces
http://codeforces.com/problemset/problem/436/D,Pudding Monsters,Codeforces
http://codeforces.com/problemset/problem/264/E,Roadside Trees,Codeforces
http://codeforces.com/problemset/problem/386/D,Game with Points,Codeforces
http://codeforces.com/problemset/problem/407/D,Largest Submatrix 3,Codeforces
http://codeforces.com/problemset/problem/71/E,Nuclear Fusion,Codeforces
http://codeforces.com/problemset/problem/212/C,Cowboys,Codeforces
http://codeforces.com/problemset/problem/107/D,Crime Management,Codeforces
http://codeforces.com/problemset/problem/95/D,Horse Races,Codeforces
http://codeforces.com/problemset/problem/665/F,Four Divisors,Codeforces
http://acm.timus.ru/problem.aspx?space=1&num=1739,Faryuks,Timus
http://codeforces.com/problemset/problem/175/E,Power Defence,Codeforces
http://codeforces.com/problemset/problem/601/E,A Museum Robbery,Codeforces
http://codeforces.com/problemset/problem/263/E,Rhombus,Codeforces
http://codeforces.com/problemset/problem/238/E,Meeting Her,Codeforces
http://codeforces.com/problemset/problem/150/D,Mission Impassable,Codeforces
http://codeforces.com/problemset/problem/498/E,Stairs and Lines,Codeforces
http://codeforces.com/problemset/problem/513/E2,Subarray Cuts,Codeforces
http://codeforces.com/problemset/problem/721/E,Road to Home,Codeforces
http://codeforces.com/problemset/problem/138/D,World of Darkraft,Codeforces
http://codeforces.com/problemset/problem/477/D,Dreamoon and Binary,Codeforces
http://codeforces.com/problemset/problem/809/D,Hitchhiking in the Baltic States,Codeforces
http://codeforces.com/problemset/problem/623/E,Transforming Sequence,Codeforces
http://codeforces.com/problemset/problem/123/E,Maze,Codeforces
http://codeforces.com/problemset/problem/204/D,Little Elephant and Retro Strings,Codeforces
http://codeforces.com/problemset/problem/101/E,Candies and Stones,Codeforces
http://codeforces.com/problemset/problem/37/D,Lesson Timetable,Codeforces
http://codeforces.com/problemset/problem/542/D,Superhero's Job,Codeforces
http://codeforces.com/problemset/problem/48/E,Ivan the Fool VS Gorynych the Dragon,Codeforces
http://codeforces.com/problemset/problem/268/D,Wall Bars,Codeforces
http://codeforces.com/problemset/problem/248/E,Piglet's Birthday,Codeforces
http://codeforces.com/problemset/problem/331/C2,The Great Julya Calendar,Codeforces
http://codeforces.com/problemset/problem/559/E,Gerald and Path,Codeforces
http://codeforces.com/problemset/problem/316/D1,PE Lesson,Codeforces
http://codeforces.com/problemset/problem/254/E,Dormitory,Codeforces
http://codeforces.com/problemset/problem/348/E,Pilgrims,Codeforces
http://codeforces.com/problemset/problem/152/E,Garden,Codeforces
http://codeforces.com/problemset/problem/83/E,Two Subsequences,Codeforces
http://codeforces.com/problemset/problem/335/D,Rectangles and Square,Codeforces
http://codeforces.com/problemset/problem/553/E,Kyoya and Train,Codeforces
http://codeforces.com/problemset/problem/11/E,Forward, march!,Codeforces
http://codeforces.com/problemset/problem/138/E,Hellish Constraints,Codeforces
http://codeforces.com/problemset/problem/612/F,Simba on the Circle,Codeforces
http://codeforces.com/problemset/problem/833/E,Caramel Clouds,Codeforces
http://codeforces.com/problemset/problem/585/F,Digits of Number Pi,Codeforces
p?ID=410,Dynamic Programming,A2 Online Judge
http://codeforces.com/problemset/problem/497/E,Subsequences Return,Codeforces
http://codeforces.com/problemset/problem/618/G,Combining Slimes,Codeforces
http://codeforces.com/problemset/problem/468/E,Permanent,Codeforces
http://codeforces.com/problemset/problem/848/D,Shake It!,Codeforces
http://codeforces.com/problemset/problem/370/E,Summer Reading,Codeforces
http://codeforces.com/problemset/problem/98/E,Help Shrek and Donkey,Codeforces
http://codeforces.com/problemset/problem/335/E,Counting Skyscrapers,Codeforces
http://codeforces.com/problemset/problem/335/F,Buy One, Get One Free,Codeforces
http://codeforces.com/problemset/problem/232/C,Doe Graphs,Codeforces
http://codeforces.com/problemset/problem/58/E,Expression,Codeforces
http://codeforces.com/problemset/problem/185/C,Clever Fat Rat,Codeforces
http://codeforces.com/problemset/problem/613/E,Puzzle Lover,Codeforces
http://codeforces.com/problemset/problem/45/B,School,Codeforces
http://codeforces.com/problemset/problem/878/E,Numbers on the blackboard,Codeforces
http://www.spoj.com/problems/DAP/,Dynamic Assignment Problem,SPOJ
http://codeforces.com/problemset/problem/38/H,The Great Marathon,Codeforces
http://codeforces.com/problemset/problem/662/E,To Hack or not to Hack,Codeforces
http://codeforces.com/problemset/problem/331/E2,Deja Vu,Codeforces
http://codeforces.com/problemset/problem/778/E,Selling Numbers,Codeforces
http://codeforces.com/problemset/problem/379/G,New Year Cactus,Codeforces
http://codeforces.com/problemset/problem/449/E,Jzzhu and Squares,Codeforces
http://codeforces.com/problemset/problem/513/G3,Inversions problem,Codeforces
http://codeforces.com/problemset/problem/424/E,Colored Jenga,Codeforces
http://codeforces.com/problemset/problem/843/D,Dynamic Shortest Path,Codeforces
http://codeforces.com/problemset/problem/336/E,Vasily the Bear and Painting Square,Codeforces
http://codeforces.com/problemset/problem/48/G,Galaxy Union,Codeforces
http://codeforces.com/problemset/problem/889/E,Mod Mod Mod,Codeforces
http://codeforces.com/problemset/problem/251/E,Tree and Table,Codeforces
http://codeforces.com/problemset/problem/303/E,Random Ranking,Codeforces
http://codeforces.com/problemset/problem/582/D,Number of Binominal Coefficients,Codeforces
http://www.spoj.com/problems/ADAZOO/,Ada and Zoo,SPOJ
http://codeforces.com/problemset/problem/568/E,Longest Increasing Subsequence,Codeforces
https://icpcarchive.ecs.baylor.edu/index.php?option=onlinejudge&page=show_problem&problem=1107,Longest Subsequence,Live Archive
http://codeforces.com/problemset/problem/457/F,An easy problem about trees,Codeforces
http://codeforces.com/problemset/problem/848/E,Days of Floral Colours,Codeforces
http://www.spoj.com/problems/tag/,#dynamic-programming&nbsp;(168)</span>,SPOJ
http://codeforces.com/problemset/problem/582/E,Boolean Function,Codeforces
http://codeforces.com/problemset/problem/436/F,Banners,Codeforces
http://codeforces.com/problemset/problem/156/E,Mrs. Hudson's Pancakes,Codeforces
http://codeforces.com/problemset/problem/280/E,Sequence Transformation,Codeforces
http://codeforces.com/problemset/problem/391/F1,Stock Trading,Codeforces
http://codeforces.com/problemset/problem/62/E,World Evil,Codeforces
http://codeforces.com/problemset/problem/891/D,Sloth,Codeforces
http://codeforces.com/problemset/problem/377/E,Cookie Clicker,Codeforces
https://icpcarchive.ecs.baylor.edu/index.php?option=onlinejudge&page=show_problem&problem=1327,Geometry,Live Archive
http://codeforces.com/problemset/problem/243/D,Cubes,Codeforces
http://codeforces.com/problemset/problem/581/E,Kojiro and Furrari,Codeforces
http://codeforces.com/problemset/problem/76/C,Mutation,Codeforces
