link,name,judge
https://icpcarchive.ecs.baylor.edu/index.php?option=onlinejudge&page=show_problem&problem=2145,Greatest K-Palindrome Substring,Live Archive
http://codeforces.com/problemset/problem/687/A,NP-Hard Problem,Codeforces
http://codeforces.com/problemset/problem/500/A,New Year Transportation,Codeforces
https://icpcarchive.ecs.baylor.edu/index.php?option=onlinejudge&page=show_problem&problem=4206,The Dueling Philosophers Problem,Live Archive
https://uva.onlinejudge.org/index.php?option=onlinejudge&page=show_problem&problem=3142,Easy Problem from Rujia Liu?,UVA
http://codeforces.com/problemset/problem/115/A,Party,Codeforces
http://codeforces.com/problemset/problem/330/B,Road Construction,Codeforces
http://codeforces.com/problemset/problem/520/B,Two Buttons,Codeforces
http://www.spoj.com/problems/HOTELS/,Hotels Along the Croatian Coast,SPOJ
https://uva.onlinejudge.org/index.php?option=onlinejudge&page=show_problem&problem=1605,Luggage,UVA
https://uva.onlinejudge.org/index.php?option=onlinejudge&page=show_problem&problem=734,Network Connections,UVA
https://uva.onlinejudge.org/index.php?option=onlinejudge&page=show_problem&problem=272,A Node Too Far,UVA
http://acm.tju.edu.cn/toj/showp1477.html,Binary Numbers,TJU
http://acm.tju.edu.cn/toj/showp2819.html,Travel,TJU
https://uva.onlinejudge.org/index.php?option=onlinejudge&page=show_problem&problem=399,The Decoder,UVA
http://codeforces.com/problemset/problem/20/C,Dijkstra?,Codeforces
https://uva.onlinejudge.org/index.php?option=onlinejudge&page=show_problem&problem=400,Graph Connectivity,UVA
http://codeforces.com/problemset/problem/707/B,Bakery,Codeforces
http://www.spoj.com/problems/TDBFS/,Searching the Graph,SPOJ
http://codeforces.com/problemset/problem/69/A,Young Physicist,Codeforces
http://codeforces.com/problemset/problem/217/A,Ice Skating,Codeforces
http://www.spoj.com/problems/POUR1/,Pouring water,SPOJ
https://uva.onlinejudge.org/index.php?option=onlinejudge&page=show_problem&problem=1836,Matrix Transpose,UVA
http://codeforces.com/problemset/problem/601/A,The Two Routes,Codeforces
http://codeforces.com/problemset/problem/639/B,Bear and Forgotten Tree 3,Codeforces
http://www.spoj.com/problems/TFRIENDS/,True Friends,SPOJ
http://codeforces.com/problemset/problem/437/C,The Child and Toy,Codeforces
http://codeforces.com/problemset/problem/574/B,Bear and Three Musketeers,Codeforces
http://codeforces.com/problemset/problem/475/B,Strongly Connected City,Codeforces
http://codeforces.com/problemset/problem/510/C,Fox And Names,Codeforces
http://codeforces.com/problemset/problem/500/B,New Year Permutation,Codeforces
http://acm.timus.ru/problem.aspx?space=1&num=1280,Topological Sorting,Timus
https://uva.onlinejudge.org/index.php?option=onlinejudge&page=show_problem&problem=61,Numbering Paths,UVA
http://codeforces.com/problemset/problem/427/C,Checkposts,Codeforces
http://poj.org/problem?id=2337,Catenyms,PKU
https://uva.onlinejudge.org/index.php?option=onlinejudge&page=show_problem&problem=1956,05-2 Rendezvous,UVA
http://codeforces.com/problemset/problem/506/D,Mr. Kitayuta's Colorful Graph,Codeforces
http://codeforces.com/problemset/problem/522/A,Reposts,Codeforces
https://uva.onlinejudge.org/index.php?option=onlinejudge&page=show_problem&problem=4027,Wedding of Sultan,UVA
http://codeforces.com/problemset/problem/615/B,Longtail Hedgehog,Codeforces
http://codeforces.com/problemset/problem/320/B,Ping-Pong (Easy Version),Codeforces
http://codeforces.com/problemset/problem/246/D,Colorful Graph,Codeforces
http://codeforces.com/problemset/problem/295/B,Greg and Graph,Codeforces
p?ID=137,Cryptography,A2 Online Judge
http://acm.timus.ru/problem.aspx?space=1&num=1156,Two Rounds,Timus
http://codeforces.com/problemset/problem/501/C,Misha and Forest,Codeforces
http://codeforces.com/problemset/problem/623/A,Graph and String,Codeforces
http://codeforces.com/problemset/problem/129/B,Students and Shoelaces,Codeforces
https://uva.onlinejudge.org/index.php?option=onlinejudge&page=show_problem&problem=2031,Going in Cycle!!,UVA
http://codeforces.com/problemset/problem/721/C,Journey,Codeforces
http://codeforces.com/problemset/problem/659/E,New Reform,Codeforces
http://codeforces.com/problemset/problem/402/C,Searching for Graph,Codeforces
http://community.topcoder.com/stat?c=problem_statement&pm=6820,AlmostBipartiteMatching,TopCoder
https://uva.onlinejudge.org/index.php?option=onlinejudge&page=show_problem&problem=3798,As Long as I Learn, I Live,UVA
http://codeforces.com/problemset/problem/463/D,Gargari and Permutations,Codeforces
http://codeforces.com/problemset/problem/417/C,Football,Codeforces
http://codeforces.com/problemset/problem/744/A,Hongcow Builds A Nation,Codeforces
http://codeforces.com/problemset/problem/369/C,Valera and Elections,Codeforces
http://codeforces.com/problemset/problem/103/B,Cthulhu,Codeforces
http://codeforces.com/problemset/problem/292/B,Network Topology,Codeforces
http://codeforces.com/problemset/problem/489/D,Unbearable Controversy of Being,Codeforces
https://uva.onlinejudge.org/index.php?option=onlinejudge&page=show_problem&problem=2768,Instant View of Big Bang,UVA
http://codeforces.com/problemset/problem/543/B,Destroying Roads,Codeforces
http://codeforces.com/problemset/problem/605/B,Lazy Student,Codeforces
http://codeforces.com/problemset/problem/767/C,Garland,Codeforces
http://codeforces.com/problemset/problem/107/A,Dorm Water Supply,Codeforces
http://www.spoj.com/problems/EXPLOSN/,The Explosion,SPOJ
https://icpcarchive.ecs.baylor.edu/index.php?option=onlinejudge&page=show_problem&problem=3355,The Forrest for the Trees,Live Archive
http://codeforces.com/problemset/problem/242/C,King's Path,Codeforces
http://codeforces.com/problemset/problem/545/E,Paths and Trees,Codeforces
https://uva.onlinejudge.org/index.php?option=onlinejudge&page=show_problem&problem=2409,Dream,UVA
http://codeforces.com/problemset/problem/34/D,Road Map,Codeforces
http://www.spoj.com/problems/IITKESO207SPA3F1/,Simple Dijkstras algorithm,SPOJ
http://codeforces.com/problemset/problem/404/C,Restore Graph,Codeforces
http://codeforces.com/problemset/problem/739/B,Alyona and a tree,Codeforces
http://codeforces.com/problemset/problem/24/A,Ring road,Codeforces
http://codeforces.com/problemset/problem/131/D,Subway,Codeforces
http://codeforces.com/problemset/problem/711/D,Directed Roads,Codeforces
http://codeforces.com/problemset/problem/500/D,New Year Santa Network,Codeforces
http://codeforces.com/problemset/problem/61/D,Eternal Victory,Codeforces
http://codeforces.com/problemset/problem/449/B,Jzzhu and Cities,Codeforces
http://codeforces.com/problemset/problem/700/B,Connecting Universities,Codeforces
http://codeforces.com/problemset/problem/25/C,Roads in Berland,Codeforces
http://codeforces.com/problemset/problem/550/D,Regular Bridge,Codeforces
http://codeforces.com/problemset/problem/283/B,Cow Program,Codeforces
http://codeforces.com/problemset/problem/999/E,Reachability from the Capital,Codeforces
http://codeforces.com/problemset/problem/847/A,Union of Doubly Linked Lists,Codeforces
http://codeforces.com/problemset/problem/350/B,Resort,Codeforces
https://uva.onlinejudge.org/index.php?option=onlinejudge&page=show_problem&problem=1988,The Scrooge Co Problem,UVA
http://codeforces.com/problemset/problem/25/D,Roads not only in Berland,Codeforces
http://br.spoj.com/problems/GINCAN11/,Gincana,SPOJ Brazil
http://www.spoj.com/problems/GRAPHCUT/,Graph Cut,SPOJ
http://acm.timus.ru/problem.aspx?space=1&num=1930,Ivan's Car,Timus
http://www.codechef.com/problems/TWOCOMP,Two Companies,CodeChef
http://codeforces.com/problemset/problem/388/B,Fox and Minimal path,Codeforces
http://codeforces.com/problemset/problem/436/C,Dungeons and Candies,Codeforces
http://codeforces.com/problemset/problem/400/D,Dima and Bacteria,Codeforces
http://codeforces.com/problemset/problem/788/B,Weird journey,Codeforces
http://codeforces.com/problemset/problem/95/C,Volleyball,Codeforces
http://codeforces.com/problemset/problem/507/E,Breaking Good,Codeforces
http://codeforces.com/problemset/problem/374/C,Inna and Dima,Codeforces
http://codeforces.com/problemset/problem/566/F,Clique in the Divisibility Graph,Codeforces
http://codeforces.com/problemset/problem/327/D,Block Tower,Codeforces
https://icpcarchive.ecs.baylor.edu/index.php?option=onlinejudge&page=show_problem&problem=3293,Critical Links,Live Archive
http://codeforces.com/problemset/problem/715/B,Complete The Graph,Codeforces
http://codeforces.com/problemset/problem/11/D,A Simple Task,Codeforces
http://codeforces.com/problemset/problem/609/E,Minimum spanning tree for each edge,Codeforces
http://codeforces.com/problemset/problem/142/B,Help General,Codeforces
http://codeforces.com/problemset/problem/263/D,Cycle in Graph,Codeforces
http://codeforces.com/problemset/problem/117/C,Cycle,Codeforces
http://codeforces.com/problemset/problem/590/C,Three States,Codeforces
http://codeforces.com/problemset/problem/232/A,Cycles,Codeforces
https://icpcarchive.ecs.baylor.edu/index.php?option=onlinejudge&page=show_problem&problem=3604,Graph Coloring,Live Archive
http://codeforces.com/problemset/problem/28/B,pSort,Codeforces
http://codeforces.com/problemset/problem/645/D,Robot Rapping Results Report,Codeforces
http://codeforces.com/problemset/problem/14/D,Two Paths,Codeforces
http://codeforces.com/problemset/problem/557/D,Vitaly and Cycle,Codeforces
http://codeforces.com/problemset/problem/144/D,Missile Silos,Codeforces
http://codeforces.com/problemset/problem/301/B,Yaroslav and Time,Codeforces
http://codeforces.com/problemset/problem/8/B,Obsession with Robots,Codeforces
http://codeforces.com/problemset/problem/29/C,Mail Stamps,Codeforces
http://codeforces.com/problemset/problem/766/D,Mahmoud and a Dictionary,Codeforces
http://codeforces.com/problemset/problem/666/B,World Tour,Codeforces
http://www.spoj.com/problems/MILPATR/,Military patrol,SPOJ
http://codeforces.com/problemset/problem/229/C,Triangles,Codeforces
http://codeforces.com/problemset/problem/269/C,Flawed Flow,Codeforces
http://codeforces.com/problemset/problem/467/D,Fedor and Essay,Codeforces
http://codeforces.com/problemset/problem/508/D,Tanya and Password,Codeforces
http://codeforces.com/problemset/problem/41/E,3-cycles,Codeforces
https://icpcarchive.ecs.baylor.edu/index.php?option=onlinejudge&page=show_problem&problem=2352,A Pair of Graphs,Live Archive
http://codeforces.com/problemset/problem/677/D,Vanya and Treasure,Codeforces
http://codeforces.com/problemset/problem/402/E,Strictly Positive Matrix,Codeforces
http://codeforces.com/problemset/problem/840/B,Leha and another game about graph,Codeforces
http://codeforces.com/problemset/problem/154/C,Double Profiles,Codeforces
http://codeforces.com/problemset/problem/22/C,System Administrator,Codeforces
http://codeforces.com/problemset/problem/208/C,Police Station,Codeforces
http://codeforces.com/problemset/problem/23/B,Party,Codeforces
p?ID=294,Shortest Path,A2 Online Judge
http://codeforces.com/problemset/problem/27/D,Ring Road 2,Codeforces
https://icpcarchive.ecs.baylor.edu/index.php?option=onlinejudge&page=show_problem&problem=646,In Defence of a Garden,Live Archive
http://codeforces.com/problemset/problem/295/C,Greg and Friends,Codeforces
http://codeforces.com/problemset/problem/533/B,Work Group,Codeforces
http://community.topcoder.com/stat?c=problem_statement&pm=8228,CompilingDecksWithJokers,TopCoder
http://codeforces.com/problemset/problem/242/D,Dispute,Codeforces
http://codeforces.com/problemset/problem/466/E,Information Graph,Codeforces
http://codeforces.com/problemset/problem/177/C1,Party,Codeforces
http://codeforces.com/problemset/problem/788/C,The Great Mixing,Codeforces
http://codeforces.com/problemset/problem/118/E,Bertown roads,Codeforces
http://codeforces.com/problemset/problem/659/F,Polycarp and Hay,Codeforces
p?ID=4,Increasing Shortest Path,A2 Online Judge
http://codeforces.com/problemset/problem/367/C,Sereja and the Arrangement of Numbers,Codeforces
http://codeforces.com/problemset/problem/243/B,Hydra,Codeforces
http://codeforces.com/problemset/problem/811/D,Vladik and Favorite Game,Codeforces
http://codeforces.com/problemset/problem/67/A,Partial Teacher,Codeforces
http://codeforces.com/problemset/problem/177/C2,Party,Codeforces
http://codeforces.com/problemset/problem/505/D,Mr. Kitayuta's Technology,Codeforces
https://icpcarchive.ecs.baylor.edu/index.php?option=onlinejudge&page=show_problem&problem=1192,Color the Map,Live Archive
http://codeforces.com/problemset/problem/650/C,Table Compression,Codeforces
http://codeforces.com/problemset/problem/786/B,Legacy,Codeforces
https://uva.onlinejudge.org/index.php?option=onlinejudge&page=show_problem&problem=4415,Join two kingdoms,UVA
http://codeforces.com/problemset/problem/228/E,The Road to Berland is Paved With Good Intentions,Codeforces
http://codeforces.com/problemset/problem/553/C,Love Triangles,Codeforces
http://codeforces.com/problemset/problem/652/E,Pursuit For Artifacts,Codeforces
http://codeforces.com/problemset/problem/553/D,Nudist Beach,Codeforces
http://codeforces.com/problemset/problem/704/B,Ant Man,Codeforces
http://codeforces.com/problemset/problem/527/E,Data Center Drama,Codeforces
http://codeforces.com/problemset/problem/260/D,Black and White Tree,Codeforces
http://codeforces.com/problemset/problem/33/D,Knights,Codeforces
http://codeforces.com/problemset/problem/653/E,Bear and Forgotten Tree 2,Codeforces
http://codeforces.com/problemset/problem/190/E,Counter Attack,Codeforces
http://codeforces.com/problemset/problem/362/D,Fools and Foolproof Roads,Codeforces
http://codeforces.com/problemset/problem/95/E,Lucky Country,Codeforces
http://codeforces.com/problemset/problem/231/E,Cactus,Codeforces
http://codeforces.com/problemset/problem/272/E,Dima and Horses,Codeforces
http://codeforces.com/problemset/problem/894/E,Ralph and Mushrooms,Codeforces
http://codeforces.com/problemset/problem/74/C,Chessboard Billiard,Codeforces
http://codeforces.com/problemset/problem/420/C,Bug in Code,Codeforces
http://codeforces.com/problemset/problem/555/E,Case of Computer Network,Codeforces
http://codeforces.com/problemset/problem/237/E,Build String,Codeforces
http://codeforces.com/problemset/problem/891/C,Envy,Codeforces
http://codeforces.com/problemset/problem/59/E,Shortest Path,Codeforces
https://icpcarchive.ecs.baylor.edu/index.php?option=onlinejudge&page=show_problem&problem=3450,Non-Stop Travel,Live Archive
http://codeforces.com/problemset/problem/441/D,Valera and Swaps,Codeforces
http://codeforces.com/problemset/problem/547/D,Mike and Fish,Codeforces
http://codeforces.com/problemset/problem/274/D,Lovely Matrix,Codeforces
http://codeforces.com/problemset/problem/821/D,Okabe and City,Codeforces
http://codeforces.com/problemset/problem/76/A,Gift,Codeforces
http://codeforces.com/problemset/problem/405/E,Graph Cutting,Codeforces
http://codeforces.com/problemset/problem/382/D,Ksenia and Pawns,Codeforces
http://codeforces.com/problemset/problem/612/E,Square Root of Permutation,Codeforces
http://codeforces.com/problemset/problem/350/E,Wrong Floyd,Codeforces
http://codeforces.com/problemset/problem/91/C,Ski Base,Codeforces
http://codeforces.com/problemset/problem/542/C,Idempotent functions,Codeforces
http://codeforces.com/problemset/problem/225/D,Snake,Codeforces
http://codeforces.com/problemset/problem/416/E,President's Path,Codeforces
http://codeforces.com/problemset/problem/160/D,Edges in MST,Codeforces
http://codeforces.com/problemset/problem/329/C,Graph Reconstruction,Codeforces
http://codeforces.com/problemset/problem/567/E,President and Roads,Codeforces
http://codeforces.com/problemset/problem/164/A,Variable, or There and Back Again,Codeforces
http://codeforces.com/problemset/problem/638/D,Three-dimensional Turtle Super Computer ,Codeforces
http://codeforces.com/problemset/problem/29/E,Quarrel,Codeforces
http://codeforces.com/problemset/problem/571/C,CNF 2,Codeforces
http://codeforces.com/problemset/problem/241/E,Flights,Codeforces
http://codeforces.com/problemset/problem/21/D,Traveling Graph,Codeforces
http://codeforces.com/problemset/problem/811/E,Vladik and Entertaining Flags,Codeforces
http://codeforces.com/problemset/problem/125/E,MST Company,Codeforces
http://codeforces.com/problemset/problem/196/E,Opening Portals,Codeforces
http://codeforces.com/problemset/problem/22/E,Scheme,Codeforces
http://codeforces.com/problemset/problem/73/D,FreeDiv,Codeforces
http://codeforces.com/problemset/problem/26/D,Tickets,Codeforces
http://codeforces.com/problemset/problem/141/E,Clearing Up,Codeforces
http://poj.org/problem?id=2875,In Defence of a Garden,PKU
http://codeforces.com/problemset/problem/9/E,Interestring graph and Apples,Codeforces
http://codeforces.com/problemset/problem/237/D,T-decomposition,Codeforces
http://codeforces.com/problemset/problem/85/E,Guard Towers,Codeforces
http://codeforces.com/problemset/problem/380/B,Sereja and Tree,Codeforces
http://codeforces.com/problemset/problem/89/B,Widget Library,Codeforces
http://codeforces.com/problemset/problem/362/E,Petya and Pipes,Codeforces
http://codeforces.com/problemset/problem/156/D,Clues,Codeforces
http://codeforces.com/problemset/problem/480/D,Parcels,Codeforces
http://codeforces.com/problemset/problem/209/C,Trails and Glades,Codeforces
http://codeforces.com/problemset/problem/266/D,BerDonalds,Codeforces
http://codeforces.com/problemset/problem/632/F,Magic Matrix,Codeforces
http://codeforces.com/problemset/problem/134/C,Swaps,Codeforces
http://codeforces.com/problemset/problem/487/E,Tourists,Codeforces
http://codeforces.com/problemset/problem/429/E,Points and Segments,Codeforces
http://codeforces.com/problemset/problem/613/D,Kingdom and its Cities,Codeforces
http://codeforces.com/problemset/problem/147/B,Smile House,Codeforces
http://codeforces.com/problemset/problem/317/C,Balance,Codeforces
http://codeforces.com/problemset/problem/839/E,Mother of Dragons,Codeforces
http://codeforces.com/problemset/problem/542/E,Playing on Graph,Codeforces
http://codeforces.com/problemset/problem/267/B,Dominoes,Codeforces
http://codeforces.com/problemset/problem/8/E,Beads,Codeforces
http://www.spoj.com/problems/GRAPHS12/,Graph basics concepts,SPOJ
http://codeforces.com/problemset/problem/245/G,Suggested Friends,Codeforces
http://codeforces.com/problemset/problem/141/D,Take-off Ramps,Codeforces
http://codeforces.com/problemset/problem/878/C,Tournament,Codeforces
http://codeforces.com/problemset/problem/1044/F,DFS,Codeforces
http://codeforces.com/problemset/problem/51/E,Pentagon,Codeforces
http://codeforces.com/problemset/problem/182/A,Battlefield,Codeforces
http://codeforces.com/problemset/problem/360/E,Levko and Game,Codeforces
http://codeforces.com/problemset/problem/152/E,Garden,Codeforces
http://codeforces.com/problemset/problem/418/D,Big Problems for Organizers,Codeforces
http://codeforces.com/problemset/problem/173/D,Deputies,Codeforces
http://codeforces.com/problemset/problem/332/D,Theft of Blueprints,Codeforces
http://codeforces.com/problemset/problem/51/F,Caterpillar,Codeforces
http://codeforces.com/problemset/problem/464/E,The Classic Problem,Codeforces
http://codeforces.com/problemset/problem/685/E,Travelling Through the Snow Queen's Kingdom,Codeforces
http://codeforces.com/problemset/problem/798/E,Mike and code of a permutation,Codeforces
http://codeforces.com/problemset/problem/191/D,Metro Scheme,Codeforces
http://codeforces.com/problemset/problem/97/C,Winning Strategy,Codeforces
http://codeforces.com/problemset/problem/46/F,Hercule Poirot Problem,Codeforces
http://codeforces.com/problemset/problem/238/E,Meeting Her,Codeforces
http://codeforces.com/problemset/problem/812/D,Sagheer and Kindergarten,Codeforces
http://codeforces.com/problemset/problem/36/E,Two Paths,Codeforces
http://codeforces.com/problemset/problem/596/E,Wilbur and Strings,Codeforces
http://codeforces.com/problemset/problem/819/E,Mister B and Flight to the Moon,Codeforces
http://codeforces.com/problemset/problem/521/E,Cycling City,Codeforces
http://codeforces.com/problemset/problem/78/E,Evacuation,Codeforces
http://codeforces.com/problemset/problem/48/E,Ivan the Fool VS Gorynych the Dragon,Codeforces
http://codeforces.com/problemset/problem/386/D,Game with Points,Codeforces
http://codeforces.com/problemset/problem/240/E,Road Repairs,Codeforces
http://codeforces.com/problemset/problem/358/E,Dima and Kicks,Codeforces
http://codeforces.com/problemset/problem/91/D,Grocer's Problem,Codeforces
http://codeforces.com/problemset/problem/123/E,Maze,Codeforces
http://codeforces.com/problemset/problem/62/D,Wormhouse,Codeforces
http://codeforces.com/problemset/problem/37/E,Trial for Chief,Codeforces
http://codeforces.com/problemset/problem/600/F,Edge coloring of bipartite graph,Codeforces
http://codeforces.com/problemset/problem/235/D,Graph Game,Codeforces
http://codeforces.com/problemset/problem/81/E,Pairs,Codeforces
http://codeforces.com/problemset/problem/83/C,Track,Codeforces
http://codeforces.com/problemset/problem/871/E,Restore the Tree,Codeforces
http://codeforces.com/problemset/problem/223/D,Spider,Codeforces
http://codeforces.com/problemset/problem/869/D,The Overdosing Ubiquity,Codeforces
http://codeforces.com/problemset/problem/786/E,ALT,Codeforces
http://codeforces.com/problemset/problem/42/E,Baldman and the military,Codeforces
http://codeforces.com/problemset/problem/175/F,Gnomes of Might and Magic,Codeforces
http://codeforces.com/problemset/problem/45/H,Road Problem,Codeforces
http://codeforces.com/problemset/problem/639/F,Bear and Chemistry,Codeforces
http://codeforces.com/problemset/problem/345/D,Chain Letter,Codeforces
http://codeforces.com/problemset/problem/223/E,Planar Graph,Codeforces
http://codeforces.com/problemset/problem/627/F,Island Puzzle,Codeforces
http://codeforces.com/problemset/problem/848/D,Shake It!,Codeforces
http://codeforces.com/problemset/problem/44/F,BerPaint,Codeforces
http://codeforces.com/problemset/problem/232/C,Doe Graphs,Codeforces
http://codeforces.com/problemset/problem/331/D2,Escaping on Beaveractor,Codeforces
http://codeforces.com/problemset/problem/97/E,Leaders,Codeforces
http://codeforces.com/problemset/problem/212/A,Privatization,Codeforces
p?ID=410,Dynamic Programming,A2 Online Judge
http://codeforces.com/problemset/problem/290/F,Greedy Petya,Codeforces
http://codeforces.com/problemset/problem/331/E1,Deja Vu,Codeforces
