link,name,judge
http://www.spoj.com/problems/GERGOVIA/,Wine trading in Gergovia,SPOJ
http://codeforces.com/problemset/problem/508/B,Anton and currency you all know,Codeforces
http://codeforces.com/problemset/problem/469/A,I Wanna Be the Guy,Codeforces
http://codeforces.com/problemset/problem/785/B,Anton and Classes,Codeforces
http://codeforces.com/problemset/problem/482/A,Diverse Permutation,Codeforces
https://uva.onlinejudge.org/index.php?option=onlinejudge&page=show_problem&problem=2267,Dragon of Loowater,UVA
http://codeforces.com/problemset/problem/385/A,Bear and Raspberry,Codeforces
https://uva.onlinejudge.org/index.php?option=onlinejudge&page=show_problem&problem=284,Optimal Array Multiplication Sequence,UVA
http://codeforces.com/problemset/problem/651/B,Beautiful Paintings,Codeforces
https://icpcarchive.ecs.baylor.edu/index.php?option=onlinejudge&page=show_problem&problem=5215,At most twice,Live Archive
http://codeforces.com/problemset/problem/514/A,Chewba?ca and Number,Codeforces
http://www.spoj.com/problems/SOLDIER/,Help the soldier,SPOJ
http://codeforces.com/problemset/problem/38/A,Army,Codeforces
http://codeforces.com/problemset/problem/265/B,Roadside Trees (Simplified Edition),Codeforces
http://codeforces.com/problemset/problem/50/A,Domino piling,Codeforces
http://codeforces.com/problemset/problem/478/C,Table Decorations,Codeforces
http://codeforces.com/problemset/problem/520/B,Two Buttons,Codeforces
http://codeforces.com/problemset/problem/350/A,TL,Codeforces
http://codeforces.com/problemset/problem/546/B,Soldier and Badges,Codeforces
http://codeforces.com/problemset/problem/538/B,Quasi Binary,Codeforces
http://codeforces.com/problemset/problem/766/B,Mahmoud and a Triangle,Codeforces
https://uva.onlinejudge.org/index.php?option=onlinejudge&page=show_problem&problem=1597,Maximum Sum (II),UVA
http://codeforces.com/problemset/problem/588/A,Duff and Meat,Codeforces
http://codeforces.com/problemset/problem/149/A,Business trip,Codeforces
http://codeforces.com/problemset/problem/515/C,Drazil and Factorial,Codeforces
https://uva.onlinejudge.org/index.php?option=onlinejudge&page=show_problem&problem=1018,The Stern-Brocot Number System,UVA
http://codeforces.com/problemset/problem/285/A,Slightly Decreasing Permutations,Codeforces
http://codeforces.com/problemset/problem/659/C,Tanya and Toys,Codeforces
http://codeforces.com/problemset/problem/489/B,BerSU Ball,Codeforces
http://www.spoj.com/problems/ADDREV/,Adding Reversed Numbers,SPOJ
http://codeforces.com/problemset/problem/545/B,Equidistant String,Codeforces
http://codeforces.com/problemset/problem/285/C,Building Permutation,Codeforces
http://codeforces.com/problemset/problem/389/A,Fox and Number Game,Codeforces
http://codeforces.com/problemset/problem/124/A,The number of positions,Codeforces
http://codeforces.com/problemset/problem/447/B,DZY Loves Strings,Codeforces
http://codeforces.com/problemset/problem/556/A,Case of the Zeros and Ones,Codeforces
http://www.spoj.com/problems/EXPEDI/,Expedition,SPOJ
http://codeforces.com/problemset/problem/609/A,USB Flash Drives,Codeforces
http://codeforces.com/problemset/problem/461/A,Appleman and Toastman,Codeforces
http://codeforces.com/problemset/problem/405/A,Gravity Flip,Codeforces
https://uva.onlinejudge.org/index.php?option=onlinejudge&page=show_problem&problem=1281,All in All,UVA
http://codeforces.com/problemset/problem/1/A,Theatre Square,Codeforces
http://codeforces.com/problemset/problem/545/C,Woodcutters,Codeforces
http://codeforces.com/problemset/problem/489/C,Given Length and Sum of Digits...,Codeforces
http://codeforces.com/problemset/problem/339/A,Helpful Maths,Codeforces
https://uva.onlinejudge.org/index.php?option=onlinejudge&page=show_problem&problem=2384,The Bus Driver Problem,UVA
http://codeforces.com/problemset/problem/743/A,Vladik and flights,Codeforces
http://codeforces.com/problemset/problem/479/C,Exams,Codeforces
http://www.spoj.com/problems/DIEHARD/,DIE HARD,SPOJ
http://codeforces.com/problemset/problem/230/A,Dragons,Codeforces
http://www.codechef.com/problems/FGFS,Bon Appetit,CodeChef
http://codeforces.com/problemset/problem/276/B,Little Girl and Game,Codeforces
http://codeforces.com/problemset/problem/557/A,Ilya and Diplomas,Codeforces
http://codeforces.com/problemset/problem/160/A,Twins,Codeforces
http://codeforces.com/problemset/problem/432/A,Choosing Teams,Codeforces
http://codeforces.com/problemset/problem/749/A,Bachgold Problem,Codeforces
http://codeforces.com/problemset/problem/486/B,OR in Matrix,Codeforces
http://codeforces.com/problemset/problem/401/C,Team,Codeforces
http://codeforces.com/problemset/problem/258/A,Little Elephant and Bits,Codeforces
http://codeforces.com/problemset/problem/525/A,Vitaliy and Pie,Codeforces
http://codeforces.com/problemset/problem/507/A,Amr and Music,Codeforces
http://codeforces.com/problemset/problem/349/A,Cinema Line,Codeforces
http://codeforces.com/problemset/problem/3/A,Shortest path of the king,Codeforces
http://codeforces.com/problemset/problem/545/D,Queue,Codeforces
http://codeforces.com/problemset/problem/158/B,Taxi,Codeforces
http://codeforces.com/problemset/problem/490/A,Team Olympiad,Codeforces
https://uva.onlinejudge.org/index.php?option=onlinejudge&page=show_problem&problem=2354,Shopaholic,UVA
http://codeforces.com/problemset/problem/58/A,Chat room,Codeforces
http://www.spoj.com/problems/BUSYMAN/,I AM VERY BUSY,SPOJ
http://codeforces.com/problemset/problem/599/A,Patrick and Shopping,Codeforces
http://codeforces.com/problemset/problem/231/A,Team,Codeforces
http://codeforces.com/problemset/problem/320/A,Magic Numbers,Codeforces
http://codeforces.com/problemset/problem/34/B,Sale,Codeforces
http://codeforces.com/problemset/problem/651/A,Joysticks,Codeforces
http://codeforces.com/problemset/problem/439/A,Devu, the Singer and Churu, the Joker,Codeforces
http://www.spoj.com/problems/CHOCOLA/,Chocolate,SPOJ
http://codeforces.com/problemset/problem/4/B,Before an Exam,Codeforces
http://codeforces.com/problemset/problem/337/A,Puzzles,Codeforces
http://codeforces.com/problemset/problem/596/B,Wilbur and Array,Codeforces
http://codeforces.com/problemset/problem/478/B,Random Teams,Codeforces
http://codeforces.com/problemset/problem/570/B,Simple Game,Codeforces
http://codeforces.com/problemset/problem/519/C,A and B and Team Training,Codeforces
http://codeforces.com/problemset/problem/381/A,Sereja and Dima,Codeforces
http://codeforces.com/problemset/problem/349/B,Color the Fence,Codeforces
http://codeforces.com/problemset/problem/274/A,k-Multiple Free Set,Codeforces
http://codeforces.com/problemset/problem/604/B,More Cowbell,Codeforces
http://codeforces.com/problemset/problem/624/B,Making a String,Codeforces
http://codeforces.com/problemset/problem/58/B,Coins,Codeforces
http://codeforces.com/problemset/problem/282/B,Painting Eggs,Codeforces
http://codeforces.com/problemset/problem/253/A,Boys and Girls,Codeforces
http://codeforces.com/problemset/problem/372/A,Counting Kangaroos is Fun,Codeforces
http://codeforces.com/problemset/problem/587/A,Duff and Weight Lifting,Codeforces
http://codeforces.com/problemset/problem/218/B,Airport,Codeforces
http://codeforces.com/problemset/problem/739/A,Alyona and mex,Codeforces
http://codeforces.com/problemset/problem/500/B,New Year Permutation,Codeforces
https://uva.onlinejudge.org/index.php?option=onlinejudge&page=show_problem&problem=1323,Watering Grass,UVA
http://codeforces.com/problemset/problem/616/B,Dinner with Emma,Codeforces
http://codeforces.com/problemset/problem/810/B,Summer sell-off,Codeforces
http://codeforces.com/problemset/problem/6/C,Alice, Bob and Chocolate,Codeforces
http://codeforces.com/problemset/problem/754/A,Lesha and array splitting,Codeforces
http://codeforces.com/problemset/problem/239/A,Two Bags of Potatoes,Codeforces
http://codeforces.com/problemset/problem/357/A,Group of Students,Codeforces
http://www.codechef.com/problems/LEMUSIC,Little Elephant and Music,CodeChef
http://codeforces.com/problemset/problem/605/A,Sorting Railway Cars,Codeforces
http://codeforces.com/problemset/problem/385/B,Bear and Strings,Codeforces
http://codeforces.com/problemset/problem/298/B,Sail,Codeforces
http://codeforces.com/problemset/problem/778/A,String Game,Codeforces
http://codeforces.com/problemset/problem/500/C,New Year Book Reading,Codeforces
https://uva.onlinejudge.org/index.php?option=onlinejudge&page=show_problem&problem=351,Station Balance,UVA
http://www.spoj.com/problems/AMR12I/,Saruman of Many Colours,SPOJ
http://codeforces.com/problemset/problem/534/B,Covered Path,Codeforces
http://codeforces.com/problemset/problem/777/B,Game of Credit Cards,Codeforces
http://codeforces.com/problemset/problem/479/B,Towers,Codeforces
http://codeforces.com/problemset/problem/582/A,GCD Table,Codeforces
http://codeforces.com/problemset/problem/382/A,Ksenia and Pan Scales,Codeforces
http://codeforces.com/problemset/problem/548/B,Mike and Fun,Codeforces
http://codeforces.com/problemset/problem/492/C,Vanya and Exams,Codeforces
http://codeforces.com/problemset/problem/538/C,Tourist's Notes,Codeforces
http://codeforces.com/problemset/problem/472/C,Design Tutorial: Make It Nondeterministic,Codeforces
http://codeforces.com/problemset/problem/801/B,Valued Keys,Codeforces
http://codeforces.com/problemset/problem/485/B,Valuable Resources,Codeforces
http://codeforces.com/problemset/problem/342/A,Xenia and Divisors,Codeforces
https://uva.onlinejudge.org/index.php?option=onlinejudge&page=show_problem&problem=2098,Dynamic Frog,UVA
http://codeforces.com/problemset/problem/387/B,George and Round,Codeforces
http://codeforces.com/problemset/problem/246/A,Buggy Sorting,Codeforces
http://codeforces.com/problemset/problem/510/C,Fox And Names,Codeforces
http://codeforces.com/problemset/problem/116/B,Little Pigs and Wolves,Codeforces
http://codeforces.com/problemset/problem/840/A,Leha and Function,Codeforces
https://uva.onlinejudge.org/index.php?option=onlinejudge&page=show_problem&problem=2231,Coin Collector,UVA
http://codeforces.com/problemset/problem/155/B,Combination,Codeforces
http://codeforces.com/problemset/problem/468/A,24 Game,Codeforces
http://codeforces.com/problemset/problem/389/B,Fox and Cross,Codeforces
http://codeforces.com/problemset/problem/940/B,Our Tanya is Crying Out Loud,Codeforces
http://codeforces.com/problemset/problem/437/C,The Child and Toy,Codeforces
http://www.spoj.com/problems/MSCHED/,Milk Scheduling,SPOJ
http://codeforces.com/problemset/problem/509/B,Painting Pebbles,Codeforces
http://codeforces.com/problemset/problem/145/A,Lucky Conversion,Codeforces
http://codeforces.com/problemset/problem/296/A,Yaroslav and Permutations,Codeforces
http://codeforces.com/problemset/problem/322/A,Ciel and Dancing,Codeforces
http://codeforces.com/problemset/problem/246/B,Increase and Decrease,Codeforces
http://codeforces.com/problemset/problem/496/C,Removing Columns,Codeforces
http://codeforces.com/problemset/problem/462/B,Appleman and Card Game,Codeforces
http://codeforces.com/problemset/problem/853/A,Planning,Codeforces
http://codeforces.com/problemset/problem/569/B,Inventory,Codeforces
http://codeforces.com/problemset/problem/914/B,Conan and Agasa play a Card Game,Codeforces
http://codeforces.com/problemset/problem/363/C,Fixing Typos,Codeforces
http://codeforces.com/problemset/problem/379/C,New Year Ratings Change,Codeforces
http://www.spoj.com/problems/TTTABLE/,Train TimeTable,SPOJ
http://codeforces.com/problemset/problem/288/A,Polo the Penguin and Strings,Codeforces
http://codeforces.com/problemset/problem/603/A,Alternative Thinking,Codeforces
http://codeforces.com/problemset/problem/735/B,Urbanization,Codeforces
http://codeforces.com/problemset/problem/251/A,Points on Line,Codeforces
http://codeforces.com/problemset/problem/359/A,Table,Codeforces
http://codeforces.com/problemset/problem/891/A,Pride,Codeforces
http://codeforces.com/problemset/problem/160/B,Unlucky Ticket,Codeforces
http://codeforces.com/problemset/problem/432/B,Football Kit,Codeforces
http://codeforces.com/problemset/problem/486/C,Palindrome Transformation,Codeforces
http://www.spoj.com/problems/AMBM/,Ambitious Manager,SPOJ
http://codeforces.com/problemset/problem/343/B,Alternating Current,Codeforces
http://codeforces.com/problemset/problem/263/B,Squares,Codeforces
http://codeforces.com/problemset/problem/787/B,Not Afraid,Codeforces
http://codeforces.com/problemset/problem/388/A,Fox and Box Accumulation,Codeforces
http://codeforces.com/problemset/problem/248/A,Cupboards,Codeforces
http://codeforces.com/problemset/problem/525/B,Pasha and String,Codeforces
http://codeforces.com/problemset/problem/137/B,Permutation,Codeforces
http://codeforces.com/problemset/problem/445/B,DZY Loves Chemistry,Codeforces
http://codeforces.com/problemset/problem/798/C,Mike and gcd problem,Codeforces
http://codeforces.com/problemset/problem/527/B,Error Correct System,Codeforces
http://codeforces.com/problemset/problem/111/A,Petya and Inequiations,Codeforces
http://codeforces.com/problemset/problem/298/A,Snow Footprints,Codeforces
http://codeforces.com/problemset/problem/161/A,Dress'em in Vests!,Codeforces
http://codeforces.com/problemset/problem/441/B,Valera and Fruits,Codeforces
http://codeforces.com/problemset/problem/416/C,Booking System,Codeforces
http://codeforces.com/problemset/problem/628/C,Bear and String Distance,Codeforces
http://codeforces.com/problemset/problem/313/C,Ilya and Matrix,Codeforces
http://codeforces.com/problemset/problem/337/B,Routine Problem,Codeforces
http://www.spoj.com/problems/DRAGON/,Greedy Hydra,SPOJ
http://codeforces.com/problemset/problem/203/C,Photographer,Codeforces
http://codeforces.com/problemset/problem/525/C,Ilya and Sticks,Codeforces
http://codeforces.com/problemset/problem/225/A,Dice Tower,Codeforces
http://codeforces.com/problemset/problem/464/A,No to Palindromes!,Codeforces
https://icpcarchive.ecs.baylor.edu/index.php?option=onlinejudge&page=show_problem&problem=3486,Palindromes,Live Archive
http://codeforces.com/problemset/problem/26/B,Regular Bracket Sequence,Codeforces
http://codeforces.com/problemset/problem/381/B,Sereja and Stairs,Codeforces
http://codeforces.com/problemset/problem/508/C,Anya and Ghosts,Codeforces
http://codeforces.com/problemset/problem/777/D,Cloud of Hashtags,Codeforces
http://www.spoj.com/problems/CMIYC/,Catch Me If You Can ,SPOJ
http://codeforces.com/problemset/problem/460/C,Present,Codeforces
http://codeforces.com/problemset/problem/671/A,Recycling Bottles,Codeforces
http://codeforces.com/problemset/problem/219/C,Color Stripe,Codeforces
http://codeforces.com/problemset/problem/442/B,Andrey and Problem,Codeforces
http://codeforces.com/problemset/problem/166/C,Median,Codeforces
http://codeforces.com/problemset/problem/620/C,Pearls in a Row,Codeforces
http://codeforces.com/problemset/problem/354/A,Vasya and Robot,Codeforces
http://codeforces.com/problemset/problem/337/C,Quiz,Codeforces
http://codeforces.com/problemset/problem/329/A,Purification,Codeforces
http://codeforces.com/problemset/problem/5/C,Longest Regular Bracket Sequence,Codeforces
http://codeforces.com/problemset/problem/815/A,Karen and Game,Codeforces
http://codeforces.com/problemset/problem/350/C,Bombs,Codeforces
http://codeforces.com/problemset/problem/626/C,Block Towers,Codeforces
http://codeforces.com/problemset/problem/749/C,Voting,Codeforces
http://codeforces.com/problemset/problem/401/B,Sereja and Contests,Codeforces
http://codeforces.com/problemset/problem/261/A,Maxim and Discounts,Codeforces
http://codeforces.com/problemset/problem/196/A,Lexicographically Maximum Subsequence,Codeforces
http://codeforces.com/problemset/problem/501/C,Misha and Forest,Codeforces
http://codeforces.com/problemset/problem/435/B,Pasha Maximizes,Codeforces
http://codeforces.com/problemset/problem/659/E,New Reform,Codeforces
http://codeforces.com/problemset/problem/355/B,Vasya and Public Transport,Codeforces
http://codeforces.com/problemset/problem/552/C,Vanya and Scales,Codeforces
http://codeforces.com/problemset/problem/526/B,Om Nom and Dark Park,Codeforces
http://codeforces.com/problemset/problem/257/B,Playing Cubes,Codeforces
http://codeforces.com/problemset/problem/437/B,The Child and Set,Codeforces
http://codeforces.com/problemset/problem/103/A,Testing Pants for Sadness,Codeforces
http://codeforces.com/problemset/problem/448/C,Painting Fence,Codeforces
http://codeforces.com/problemset/problem/665/C,Simple Strings,Codeforces
http://codeforces.com/problemset/problem/383/A,Milking cows,Codeforces
http://codeforces.com/problemset/problem/572/B,Order Book,Codeforces
http://codeforces.com/problemset/problem/584/C,Marina and Vasya,Codeforces
http://codeforces.com/problemset/problem/190/A,Vasya and the Bus,Codeforces
http://codeforces.com/problemset/problem/494/A,Treasure,Codeforces
https://uva.onlinejudge.org/index.php?option=onlinejudge&page=show_problem&problem=4411,Football,UVA
http://codeforces.com/problemset/problem/415/B,Mashmokh and Tokens,Codeforces
http://codeforces.com/problemset/problem/262/B,Roma and Changing Signs,Codeforces
http://codeforces.com/problemset/problem/712/C,Memory and De-Evolution,Codeforces
http://codeforces.com/problemset/problem/578/B,"Or" Game,Codeforces
http://codeforces.com/problemset/problem/136/B,Ternary Logic,Codeforces
http://codeforces.com/problemset/problem/660/A,Co-prime Array,Codeforces
http://codeforces.com/problemset/problem/424/B,Megacity,Codeforces
http://codeforces.com/problemset/problem/270/B,Multithreading,Codeforces
http://codeforces.com/problemset/problem/479/D,Long Jumps,Codeforces
http://codeforces.com/problemset/problem/339/C,Xenia and Weights,Codeforces
http://codeforces.com/problemset/problem/257/A,Sockets,Codeforces
http://codeforces.com/problemset/problem/333/A,Secrets,Codeforces
http://codeforces.com/problemset/problem/276/D,Little Girl and Maximum XOR,Codeforces
http://codeforces.com/problemset/problem/748/C,Santa Claus and Robot,Codeforces
http://codeforces.com/problemset/problem/16/B,Burglar and Matches,Codeforces
http://codeforces.com/problemset/problem/402/A,Nuts,Codeforces
http://codeforces.com/problemset/problem/416/A,Guess a number!,Codeforces
http://codeforces.com/problemset/problem/540/B,School Marks,Codeforces
http://codeforces.com/problemset/problem/520/C,DNA Alignment,Codeforces
http://codeforces.com/problemset/problem/202/A,LLPS,Codeforces
http://codeforces.com/problemset/problem/463/C,Gargari and Bishops,Codeforces
http://codeforces.com/problemset/problem/681/C,Heap Operations,Codeforces
http://codeforces.com/problemset/problem/3/B,Lorry,Codeforces
http://codeforces.com/problemset/problem/545/E,Paths and Trees,Codeforces
http://codeforces.com/problemset/problem/159/A,Friends or Not,Codeforces
http://codeforces.com/problemset/problem/535/D,Tavas and Malekas,Codeforces
http://codeforces.com/problemset/problem/412/B,Network Configuration,Codeforces
p?ID=276,K-Palindrome,A2 Online Judge
http://codeforces.com/problemset/problem/231/B,Magic, Wizardry and Wonders,Codeforces
http://codeforces.com/problemset/problem/671/B,Robin Hood,Codeforces
http://codeforces.com/problemset/problem/558/C,Amr and Chemistry,Codeforces
http://codeforces.com/problemset/problem/149/C,Division into Teams,Codeforces
http://codeforces.com/problemset/problem/101/A,Homework,Codeforces
http://codeforces.com/problemset/problem/446/B,DZY Loves Modification,Codeforces
http://codeforces.com/problemset/problem/274/B,Zero Tree,Codeforces
http://codeforces.com/problemset/problem/645/B,Mischievous Mess Makers,Codeforces
http://codeforces.com/problemset/problem/214/B,Hometask,Codeforces
http://codeforces.com/problemset/problem/555/B,Case of Fugitive,Codeforces
http://codeforces.com/problemset/problem/159/B,Matchmaker,Codeforces
http://codeforces.com/problemset/problem/471/C,MUH and House of Cards,Codeforces
http://codeforces.com/problemset/problem/321/C,Ciel the Commander,Codeforces
http://www.spoj.com/problems/TROOPS/,Troops of Sand Monsters,SPOJ
http://codeforces.com/problemset/problem/527/D,Clique Problem,Codeforces
p?ID=129,Subtraction,A2 Online Judge
http://codeforces.com/problemset/problem/92/B,Binary Number,Codeforces
http://codeforces.com/problemset/problem/551/C,GukiZ hates Boxes,Codeforces
http://codeforces.com/problemset/problem/154/A,Hometask,Codeforces
http://www.spoj.com/problems/TECHOFES/,INVITATION FOR TECHOFES,SPOJ
http://codeforces.com/problemset/problem/250/A,Paper Work,Codeforces
http://codeforces.com/problemset/problem/27/B,Tournament,Codeforces
http://codeforces.com/problemset/problem/663/A,Rebus,Codeforces
http://codeforces.com/problemset/problem/316/A1,Special Task,Codeforces
http://codeforces.com/problemset/problem/215/B,Olympic Medal,Codeforces
http://codeforces.com/problemset/problem/79/A,Bus Game,Codeforces
http://codeforces.com/problemset/problem/351/A,Jeff and Rounding,Codeforces
http://codeforces.com/problemset/problem/374/B,Inna and Nine,Codeforces
http://codeforces.com/problemset/problem/61/D,Eternal Victory,Codeforces
http://poj.org/problem?id=2454,Jersey Politics,PKU
http://codeforces.com/problemset/problem/515/D,Drazil and Tiles,Codeforces
http://codeforces.com/problemset/problem/269/A,Magical Boxes,Codeforces
http://codeforces.com/problemset/problem/600/C,Make Palindrome,Codeforces
http://codeforces.com/problemset/problem/140/C,New Year Snowmen,Codeforces
http://codeforces.com/problemset/problem/405/D,Toy Sum,Codeforces
http://codeforces.com/problemset/problem/43/C,Lucky Tickets,Codeforces
http://codeforces.com/problemset/problem/294/B,Shaass and Bookshelf,Codeforces
http://codeforces.com/problemset/problem/830/A,Office Keys,Codeforces
http://codeforces.com/problemset/problem/90/A,Cableway,Codeforces
http://codeforces.com/problemset/problem/342/B,Xenia and Spies,Codeforces
http://codeforces.com/problemset/problem/476/D,Dreamoon and Sets,Codeforces
http://codeforces.com/problemset/problem/62/A,A Student's Dream,Codeforces
http://codeforces.com/problemset/problem/839/B,Game of the Rows,Codeforces
http://codeforces.com/problemset/problem/675/C,Money Transfers,Codeforces
http://codeforces.com/problemset/problem/444/A,DZY Loves Physics,Codeforces
http://codeforces.com/problemset/problem/225/B,Well-known Numbers,Codeforces
http://codeforces.com/problemset/problem/468/B,Two Sets,Codeforces
http://codeforces.com/problemset/problem/412/A,Poster,Codeforces
http://codeforces.com/problemset/problem/384/B,Multitasking,Codeforces
http://codeforces.com/problemset/problem/297/B,Fish Weight,Codeforces
http://codeforces.com/problemset/problem/557/C,Arthur and Table,Codeforces
http://codeforces.com/problemset/problem/205/B,Little Elephant and Sorting,Codeforces
http://codeforces.com/problemset/problem/767/C,Garland,Codeforces
http://codeforces.com/problemset/problem/186/B,Growing Mushrooms,Codeforces
http://codeforces.com/problemset/problem/436/A,Feed with Candy,Codeforces
http://codeforces.com/problemset/problem/23/A,You're Given a String...,Codeforces
http://codeforces.com/problemset/problem/362/A,Two Semiknights Meet,Codeforces
http://codeforces.com/problemset/problem/260/C,Balls and Boxes,Codeforces
http://codeforces.com/problemset/problem/141/C,Queue,Codeforces
http://codeforces.com/problemset/problem/69/B,Bets,Codeforces
http://codeforces.com/problemset/problem/321/B,Ciel and Duel,Codeforces
http://codeforces.com/problemset/problem/333/B,Chips,Codeforces
http://codeforces.com/problemset/problem/523/C,Name Quest,Codeforces
http://codeforces.com/problemset/problem/432/C,Prime Swaps,Codeforces
http://codeforces.com/problemset/problem/17/B,Hierarchy,Codeforces
http://codeforces.com/problemset/problem/360/A,Levko and Array Recovery,Codeforces
http://codeforces.com/problemset/problem/402/D,Upgrading Array,Codeforces
http://codeforces.com/problemset/problem/343/C,Read Time,Codeforces
http://codeforces.com/problemset/problem/596/C,Wilbur and Points,Codeforces
http://codeforces.com/problemset/problem/767/B,The Queue,Codeforces
http://codeforces.com/problemset/problem/533/E,Correcting Mistakes,Codeforces
http://codeforces.com/problemset/problem/388/C,Fox and Card Game,Codeforces
http://codeforces.com/problemset/problem/679/B,Bear and Tower of Cubes,Codeforces
http://codeforces.com/problemset/problem/187/A,Permutations,Codeforces
http://codeforces.com/problemset/problem/436/C,Dungeons and Candies,Codeforces
http://codeforces.com/problemset/problem/571/B,Minimization,Codeforces
http://codeforces.com/problemset/problem/3/D,Least Cost Bracket Sequence,Codeforces
http://codeforces.com/problemset/problem/291/D,Parallel Programming,Codeforces
http://codeforces.com/problemset/problem/853/B,Jury Meeting,Codeforces
http://codeforces.com/problemset/problem/142/B,Help General,Codeforces
http://codeforces.com/problemset/problem/253/C,Text Editor,Codeforces
http://codeforces.com/problemset/problem/374/A,Inna and Pink Pony,Codeforces
http://codeforces.com/problemset/problem/232/A,Cycles,Codeforces
http://codeforces.com/problemset/problem/245/D,Restoring Table,Codeforces
http://codeforces.com/problemset/problem/721/D,Maxim and Array,Codeforces
http://codeforces.com/problemset/problem/115/B,Lawnmower,Codeforces
http://codeforces.com/problemset/problem/161/B,Discounts,Codeforces
http://codeforces.com/problemset/problem/637/D,Running with Obstacles,Codeforces
http://codeforces.com/problemset/problem/597/B,Restaurant,Codeforces
http://codeforces.com/problemset/problem/767/D,Cartons of milk,Codeforces
http://acm.sgu.ru/problem.php?contest=0&problem=408,Game with Points,SGU
http://codeforces.com/problemset/problem/293/A,Weird Game,Codeforces
http://codeforces.com/problemset/problem/27/C,Unordered Subsequence,Codeforces
http://codeforces.com/problemset/problem/576/C,Points on Plane,Codeforces
http://codeforces.com/problemset/problem/589/F,Gourmet and Banquet,Codeforces
http://codeforces.com/problemset/problem/754/D,Fedor and coupons,Codeforces
http://codeforces.com/problemset/problem/377/B,Preparing for the Contest,Codeforces
http://codeforces.com/problemset/problem/222/D,Olympiad,Codeforces
http://codeforces.com/problemset/problem/777/E,Hanoi Factory,Codeforces
http://codeforces.com/problemset/problem/534/D,Handshakes,Codeforces
http://codeforces.com/problemset/problem/57/A,Square Earth?,Codeforces
http://codeforces.com/problemset/problem/241/A,Old Peykan,Codeforces
http://codeforces.com/problemset/problem/358/D,Dima and Hares,Codeforces
http://codeforces.com/problemset/problem/33/A,What is for dinner?,Codeforces
http://codeforces.com/problemset/problem/387/C,George and Number,Codeforces
http://codeforces.com/problemset/problem/336/C,Vasily the Bear and Sequence,Codeforces
http://codeforces.com/problemset/problem/118/C,Fancy Number,Codeforces
http://codeforces.com/problemset/problem/169/B,Replacing Digits,Codeforces
http://codeforces.com/problemset/problem/42/A,Guilty --- to the kitchen!,Codeforces
http://codeforces.com/problemset/problem/526/C,Om Nom and Candies,Codeforces
http://codeforces.com/problemset/problem/814/D,An overnight dance in discotheque,Codeforces
http://codeforces.com/problemset/problem/140/D,New Year Contest,Codeforces
http://codeforces.com/problemset/problem/665/D,Simple Subset,Codeforces
http://codeforces.com/problemset/problem/549/D,Haar Features,Codeforces
http://codeforces.com/problemset/problem/509/C,Sums of Digits,Codeforces
http://codeforces.com/problemset/problem/91/A,Newspaper Headline,Codeforces
http://codeforces.com/problemset/problem/549/G,Happy Line,Codeforces
http://codeforces.com/problemset/problem/148/C,Terse princess,Codeforces
http://codeforces.com/problemset/problem/615/C,Running Track,Codeforces
http://codeforces.com/problemset/problem/353/B,Two Heaps,Codeforces
http://codeforces.com/problemset/problem/246/C,Beauty Pageant,Codeforces
http://codeforces.com/problemset/problem/533/C,Board Game,Codeforces
http://codeforces.com/problemset/problem/120/F,Spiders,Codeforces
http://codeforces.com/problemset/problem/363/D,Renting Bikes,Codeforces
http://codeforces.com/problemset/problem/425/B,Sereja and Table ,Codeforces
http://codeforces.com/problemset/problem/213/A,Game,Codeforces
http://codeforces.com/problemset/problem/896/B,Ithea Plays With Chtholly,Codeforces
http://codeforces.com/problemset/problem/490/E,Restoring Increasing Sequence,Codeforces
http://codeforces.com/problemset/problem/245/C,Game with Coins,Codeforces
http://codeforces.com/problemset/problem/279/E,Beautiful Decomposition,Codeforces
p?ID=284,Snakes,A2 Online Judge
http://codeforces.com/problemset/problem/35/D,Animals,Codeforces
http://codeforces.com/problemset/problem/550/E,Brackets in Implications,Codeforces
http://codeforces.com/problemset/problem/486/E,LIS of Sequence,Codeforces
http://codeforces.com/problemset/problem/39/B,Company Income Growth,Codeforces
p?ID=306,Train Passengers,A2 Online Judge
http://codeforces.com/problemset/problem/89/A,Robbery,Codeforces
http://codeforces.com/problemset/problem/174/B,File List,Codeforces
http://codeforces.com/problemset/problem/427/E,Police Patrol,Codeforces
http://codeforces.com/problemset/problem/484/D,Kindergarten,Codeforces
http://codeforces.com/problemset/problem/70/B,Text Messaging,Codeforces
http://codeforces.com/problemset/problem/413/C,Jeopardy!,Codeforces
http://codeforces.com/problemset/problem/576/B,Invariance of Tree,Codeforces
http://codeforces.com/problemset/problem/335/A,Banana,Codeforces
http://codeforces.com/problemset/problem/524/B,???? ?? ?????? - 2 (round version),Codeforces
http://codeforces.com/problemset/problem/266/C,Below the Diagonal,Codeforces
http://codeforces.com/problemset/problem/525/D,Arthur and Walls,Codeforces
http://codeforces.com/problemset/problem/140/B,New Year Cards,Codeforces
http://codeforces.com/problemset/problem/65/B,Harry Potter and the History of Magic,Codeforces
http://codeforces.com/problemset/problem/520/D,Cubes,Codeforces
http://codeforces.com/problemset/problem/367/C,Sereja and the Arrangement of Numbers,Codeforces
http://codeforces.com/problemset/problem/41/E,3-cycles,Codeforces
http://codeforces.com/problemset/problem/229/D,Towers,Codeforces
http://codeforces.com/problemset/problem/358/C,Dima and Containers,Codeforces
http://codeforces.com/problemset/problem/508/E,Arthur and Brackets,Codeforces
http://codeforces.com/problemset/problem/254/C,Anagram,Codeforces
http://codeforces.com/problemset/problem/135/C,Zero-One,Codeforces
p?ID=75,Fishing Soldier,A2 Online Judge
http://codeforces.com/problemset/problem/675/E,Trains and Statistic,Codeforces
http://codeforces.com/problemset/problem/442/C,Artem and Array ,Codeforces
http://codeforces.com/problemset/problem/74/B,Train,Codeforces
http://codeforces.com/problemset/problem/417/D,Cunning Gena,Codeforces
http://codeforces.com/problemset/problem/346/C,Number Transformation II,Codeforces
http://codeforces.com/problemset/problem/622/E,Ants in Leaves,Codeforces
http://codeforces.com/problemset/problem/286/C,Main Sequence,Codeforces
http://codeforces.com/problemset/problem/33/C,Wonderful Randomized Sum,Codeforces
http://codeforces.com/problemset/problem/67/A,Partial Teacher,Codeforces
http://codeforces.com/problemset/problem/250/C,Movie Critics,Codeforces
http://codeforces.com/problemset/problem/370/C,Mittens,Codeforces
http://codeforces.com/problemset/problem/650/C,Table Compression,Codeforces
http://codeforces.com/problemset/problem/215/D,Hot Days,Codeforces
http://codeforces.com/problemset/problem/549/B,Looksery Party,Codeforces
http://codeforces.com/problemset/problem/79/C,Beaver,Codeforces
http://codeforces.com/problemset/problem/48/D,Permutations,Codeforces
http://codeforces.com/problemset/problem/452/D,Washer, Dryer, Folder,Codeforces
http://codeforces.com/problemset/problem/22/D,Segments,Codeforces
http://codeforces.com/problemset/problem/623/B,Array GCD,Codeforces
http://codeforces.com/problemset/problem/356/C,Compartments,Codeforces
http://codeforces.com/problemset/problem/552/E,Vanya and Brackets,Codeforces
http://codeforces.com/problemset/problem/257/D,Sum,Codeforces
http://codeforces.com/problemset/problem/242/D,Dispute,Codeforces
http://codeforces.com/problemset/problem/584/E,Anton and Ira,Codeforces
http://codeforces.com/problemset/problem/216/C,Hiring Staff,Codeforces
http://codeforces.com/problemset/problem/496/E,Distributing Parts ,Codeforces
http://codeforces.com/problemset/problem/176/A,Trading Business,Codeforces
http://codeforces.com/problemset/problem/73/A,The Elder Trolls IV: Oblivon,Codeforces
http://acm.sgu.ru/problem.php?contest=0&problem=229,Divide and conquer,SGU
http://codeforces.com/problemset/problem/662/D,International Olympiad,Codeforces
http://codeforces.com/problemset/problem/226/B,Naughty Stone Piles,Codeforces
http://codeforces.com/problemset/problem/58/C,Trees,Codeforces
http://codeforces.com/problemset/problem/553/D,Nudist Beach,Codeforces
http://codeforces.com/problemset/problem/76/D,Plus and xor,Codeforces
http://codeforces.com/problemset/problem/45/D,Event Dates,Codeforces
http://codeforces.com/problemset/problem/575/F,Bulbo,Codeforces
http://codeforces.com/problemset/problem/767/E,Change-free,Codeforces
http://codeforces.com/problemset/problem/542/F,Quest,Codeforces
http://codeforces.com/problemset/problem/328/B,Sheldon and Ice Pieces,Codeforces
http://codeforces.com/problemset/problem/138/B,Digits Permutations,Codeforces
http://codeforces.com/problemset/problem/364/B,Free Market,Codeforces
http://codeforces.com/problemset/problem/226/D,The table,Codeforces
https://icpcarchive.ecs.baylor.edu/index.php?option=onlinejudge&page=show_problem&problem=3551,Hamiltonian Cycle,Live Archive
http://codeforces.com/problemset/problem/77/C,Beavermuncher-0xFF,Codeforces
http://codeforces.com/problemset/problem/260/D,Black and White Tree,Codeforces
http://codeforces.com/problemset/problem/75/D,Big Maximum Sum,Codeforces
http://codeforces.com/problemset/problem/18/D,Seller Bob,Codeforces
http://codeforces.com/problemset/problem/37/B,Computer Game,Codeforces
http://codeforces.com/problemset/problem/416/D,Population Size,Codeforces
http://codeforces.com/problemset/problem/251/C,Number Transformation,Codeforces
http://codeforces.com/problemset/problem/51/C,Three Base Stations,Codeforces
http://codeforces.com/problemset/problem/332/C,Students' Revenge,Codeforces
http://codeforces.com/problemset/problem/274/D,Lovely Matrix,Codeforces
http://codeforces.com/problemset/problem/645/E,Intellectual Inquiry,Codeforces
http://codeforces.com/problemset/problem/159/E,Zebra Tower,Codeforces
http://codeforces.com/problemset/problem/175/C,Geometry Horse,Codeforces
http://codeforces.com/problemset/problem/429/C,Guess the Tree,Codeforces
http://codeforces.com/problemset/problem/45/I,TCMCF+++,Codeforces
http://codeforces.com/problemset/problem/524/D,Social Network,Codeforces
http://codeforces.com/problemset/problem/174/C,Range Increments,Codeforces
http://codeforces.com/problemset/problem/529/B,Group Photo 2 (online mirror version),Codeforces
http://codeforces.com/problemset/problem/93/B,End of Exams,Codeforces
http://codeforces.com/problemset/problem/362/D,Fools and Foolproof Roads,Codeforces
http://codeforces.com/problemset/problem/37/C,Old Berland Language,Codeforces
http://codeforces.com/problemset/problem/638/C,Road Improvement,Codeforces
http://codeforces.com/problemset/problem/125/C,Hobbits' Party,Codeforces
http://codeforces.com/problemset/problem/475/C,Kamal-ol-molk's Painting,Codeforces
http://codeforces.com/problemset/problem/611/E,New Year and Three Musketeers,Codeforces
http://codeforces.com/problemset/problem/351/E,Jeff and Permutation,Codeforces
http://codeforces.com/problemset/problem/178/A2,Educational Game,Codeforces
http://codeforces.com/problemset/problem/518/E,Arthur and Questions,Codeforces
http://codeforces.com/problemset/problem/435/D,Special Grid,Codeforces
http://codeforces.com/problemset/problem/95/B,Lucky Numbers,Codeforces
http://codeforces.com/problemset/problem/639/D,Bear and Contribution,Codeforces
http://codeforces.com/problemset/problem/704/B,Ant Man,Codeforces
http://codeforces.com/problemset/problem/67/B,Restoration of the Permutation,Codeforces
http://codeforces.com/problemset/problem/103/C,Russian Roulette,Codeforces
http://codeforces.com/problemset/problem/457/B,Distributed Join,Codeforces
http://codeforces.com/problemset/problem/272/E,Dima and Horses,Codeforces
http://codeforces.com/problemset/problem/191/B,Demonstration,Codeforces
http://codeforces.com/problemset/problem/522/C,Chicken or Fish?,Codeforces
http://codeforces.com/problemset/problem/627/C,Package Delivery,Codeforces
http://codeforces.com/problemset/problem/238/B,Boring Partition,Codeforces
http://codeforces.com/problemset/problem/178/A3,Educational Game,Codeforces
http://codeforces.com/problemset/problem/238/C,World Eater Brothers,Codeforces
http://codeforces.com/problemset/problem/356/D,Bags and Coins,Codeforces
http://codeforces.com/problemset/problem/126/C,E-reader Display,Codeforces
http://codeforces.com/problemset/problem/339/E,Three Swaps,Codeforces
http://codeforces.com/problemset/problem/180/D,Name,Codeforces
http://codeforces.com/problemset/problem/73/B,Need For Brake,Codeforces
http://codeforces.com/problemset/problem/353/E,Antichain,Codeforces
http://codeforces.com/problemset/problem/248/D,Sweets for Everyone!,Codeforces
http://codeforces.com/problemset/problem/313/E,Ilya and Two Numbers,Codeforces
http://codeforces.com/problemset/problem/132/D,Constants in the language of Shakespeare,Codeforces
http://codeforces.com/problemset/problem/58/D,Calendar,Codeforces
http://codeforces.com/problemset/problem/394/C,Dominoes,Codeforces
http://codeforces.com/problemset/problem/134/C,Swaps,Codeforces
http://codeforces.com/problemset/problem/45/E,Director,Codeforces
http://codeforces.com/problemset/problem/59/D,Team Arrangement,Codeforces
http://codeforces.com/problemset/problem/193/C,Hamming Distance,Codeforces
http://codeforces.com/problemset/problem/64/A,Factorial,Codeforces
http://codeforces.com/problemset/problem/182/C,Optimal Sum,Codeforces
http://codeforces.com/problemset/problem/432/E,Square Tiling,Codeforces
http://codeforces.com/problemset/problem/404/E,Maze 1D,Codeforces
http://codeforces.com/problemset/problem/73/D,FreeDiv,Codeforces
http://codeforces.com/problemset/problem/123/C,Brackets,Codeforces
http://codeforces.com/problemset/problem/467/E,Alex and Complicated Task,Codeforces
http://codeforces.com/problemset/problem/436/E,Cardboard Box,Codeforces
http://codeforces.com/problemset/problem/101/D,Castle,Codeforces
http://codeforces.com/problemset/problem/571/C,CNF 2,Codeforces
http://codeforces.com/problemset/problem/30/E,Tricky and Clever Password,Codeforces
http://codeforces.com/problemset/problem/144/E,Competition,Codeforces
http://codeforces.com/problemset/problem/414/D,Mashmokh and Water Tanks,Codeforces
http://codeforces.com/problemset/problem/234/H,Merging Two Decks,Codeforces
http://codeforces.com/problemset/problem/568/C,New Language,Codeforces
http://codeforces.com/problemset/problem/19/C,Deletion of Repeats,Codeforces
http://codeforces.com/problemset/problem/521/D,Shop,Codeforces
http://codeforces.com/problemset/problem/671/D,Roads in Yusland,Codeforces
http://codeforces.com/problemset/problem/237/D,T-decomposition,Codeforces
http://codeforces.com/problemset/problem/309/C,Memory for Arrays,Codeforces
http://codeforces.com/problemset/problem/209/C,Trails and Glades,Codeforces
http://codeforces.com/problemset/problem/44/J,Triminoes,Codeforces
http://codeforces.com/problemset/problem/81/D,Polycarp's Picture Gallery,Codeforces
http://codeforces.com/problemset/problem/578/D,LCS Again,Codeforces
http://codeforces.com/problemset/problem/39/A,C*++ Calculations,Codeforces
http://codeforces.com/problemset/problem/623/D,Birthday,Codeforces
http://codeforces.com/problemset/problem/639/E,Bear and Paradox,Codeforces
http://codeforces.com/problemset/problem/173/D,Deputies,Codeforces
http://codeforces.com/problemset/problem/191/D,Metro Scheme,Codeforces
http://codeforces.com/problemset/problem/83/C,Track,Codeforces
http://codeforces.com/problemset/problem/91/D,Grocer's Problem,Codeforces
http://codeforces.com/problemset/problem/207/A1,Beaver's Calculator 1.0,Codeforces
http://codeforces.com/problemset/problem/700/D,Huffman Coding on Segment,Codeforces
http://codeforces.com/problemset/problem/64/D,Presents,Codeforces
http://codeforces.com/problemset/problem/120/I,Luck is in Numbers,Codeforces
http://codeforces.com/problemset/problem/30/D,King's Problem?,Codeforces
http://codeforces.com/problemset/problem/491/B,New York Hotel,Codeforces
http://codeforces.com/problemset/problem/341/E,Candies Game,Codeforces
http://codeforces.com/problemset/problem/566/B,Replicating Processes,Codeforces
http://codeforces.com/problemset/problem/86/B,Tetris revisited,Codeforces
http://codeforces.com/problemset/problem/360/E,Levko and Game,Codeforces
http://codeforces.com/problemset/problem/343/E,Pumping Stations,Codeforces
http://codeforces.com/problemset/problem/207/A2,Beaver's Calculator 1.0,Codeforces
http://codeforces.com/problemset/problem/203/E,Transportation,Codeforces
http://codeforces.com/problemset/problem/240/E,Road Repairs,Codeforces
http://codeforces.com/problemset/problem/321/D,Ciel and Flipboard,Codeforces
http://codeforces.com/problemset/problem/306/B,Optimizer,Codeforces
http://codeforces.com/problemset/problem/183/D,T-shirt,Codeforces
http://codeforces.com/problemset/problem/166/D,Shoe Store,Codeforces
http://codeforces.com/problemset/problem/207/A3,Beaver's Calculator 1.0,Codeforces
http://codeforces.com/problemset/problem/833/C,Ever-Hungry Krakozyabra,Codeforces
http://codeforces.com/problemset/problem/319/D,Have You Ever Heard About the Word?,Codeforces
http://codeforces.com/problemset/problem/332/E,Binary Key,Codeforces
http://codeforces.com/problemset/problem/175/E,Power Defence,Codeforces
http://codeforces.com/problemset/problem/626/G,Raffles,Codeforces
http://codeforces.com/problemset/problem/196/D,The Next Good String,Codeforces
http://codeforces.com/problemset/problem/505/E,Mr. Kitayuta vs. Bamboos,Codeforces
http://codeforces.com/problemset/problem/37/E,Trial for Chief,Codeforces
http://codeforces.com/problemset/problem/76/B,Mice,Codeforces
http://codeforces.com/problemset/problem/534/E,Berland Local Positioning System,Codeforces
http://codeforces.com/problemset/problem/125/D,Two progressions,Codeforces
http://codeforces.com/problemset/problem/64/C,Table,Codeforces
http://codeforces.com/problemset/problem/325/E,The Red Button,Codeforces
http://codeforces.com/problemset/problem/578/E,Walking!,Codeforces
http://codeforces.com/problemset/problem/290/F,Greedy Petya,Codeforces
http://codeforces.com/problemset/problem/391/F2,Stock Trading,Codeforces
http://codeforces.com/problemset/problem/45/F,Goats and Wolves,Codeforces
http://codeforces.com/problemset/problem/457/F,An easy problem about trees,Codeforces
http://codeforces.com/problemset/problem/581/E,Kojiro and Furrari,Codeforces
http://codeforces.com/problemset/problem/662/E,To Hack or not to Hack,Codeforces
http://codeforces.com/problemset/problem/625/E,Frog Fights,Codeforces
http://codeforces.com/problemset/problem/736/E,Chess Championship,Codeforces
http://codeforces.com/problemset/problem/187/E,Heaven Tour,Codeforces
http://codeforces.com/problemset/problem/671/E,Organizing a Race,Codeforces
http://codeforces.com/problemset/problem/89/E,Fire and Ice,Codeforces
http://codeforces.com/problemset/problem/72/A,Goshtasp, Vishtasp and Eidi,Codeforces
http://codeforces.com/problemset/problem/335/F,Buy One, Get One Free,Codeforces
http://codeforces.com/problemset/problem/11/E,Forward, march!,Codeforces
http://codeforces.com/problemset/problem/538/H,Summer Dichotomy,Codeforces
http://codeforces.com/problemset/problem/72/F,Oil,Codeforces
http://codeforces.com/problemset/problem/589/L,Agricultural Archaeology,Codeforces
http://codeforces.com/problemset/problem/533/A,Berland Miners,Codeforces
p?ID=410,Dynamic Programming,A2 Online Judge
http://codeforces.com/problemset/problem/183/E,Candy Shop,Codeforces
http://codeforces.com/problemset/problem/391/C2,The Tournament,Codeforces
http://codeforces.com/problemset/problem/526/G,Spiders Evil Plan,Codeforces
http://codeforces.com/problemset/problem/370/E,Summer Reading,Codeforces
http://codeforces.com/problemset/problem/573/E,Bear and Bowling,Codeforces
http://codeforces.com/problemset/problem/871/E,Restore the Tree,Codeforces
http://codeforces.com/problemset/problem/48/F,Snow sellers,Codeforces
http://codeforces.com/problemset/problem/100/J,Interval Coloring,Codeforces
http://codeforces.com/problemset/problem/309/E,Sheep,Codeforces
