link,name,judge
http://codeforces.com/problemset/problem/496/A,Minimum Difficulty,Codeforces
http://codeforces.com/problemset/problem/450/B,Jzzhu and Sequences,Codeforces
http://codeforces.com/problemset/problem/459/B,Pashmak and Flowers,Codeforces
http://codeforces.com/problemset/problem/703/A,Mishka and Game,Codeforces
http://codeforces.com/problemset/problem/129/A,Cookies,Codeforces
http://codeforces.com/problemset/problem/381/A,Sereja and Dima,Codeforces
http://codeforces.com/problemset/problem/443/A,Anton and Letters,Codeforces
http://codeforces.com/problemset/problem/716/A,Crazy Computer,Codeforces
http://codeforces.com/problemset/problem/581/B,Luxurious Houses,Codeforces
http://codeforces.com/problemset/problem/705/A,Hulk,Codeforces
https://uva.onlinejudge.org/index.php?option=onlinejudge&page=show_problem&problem=2612,Simple Equations,UVA
http://codeforces.com/problemset/problem/545/D,Queue,Codeforces
http://codeforces.com/problemset/problem/151/A,Soft Drinking,Codeforces
http://codeforces.com/problemset/problem/742/A,Arpa’s hard exam and Mehrdad’s naive cheat,Codeforces
http://codeforces.com/problemset/problem/520/A,Pangram,Codeforces
http://codeforces.com/problemset/problem/471/A,MUH and Sticks,Codeforces
http://codeforces.com/problemset/problem/466/A,Cheap Travel,Codeforces
http://codeforces.com/problemset/problem/483/A,Counterexample ,Codeforces
http://codeforces.com/problemset/problem/4/A,Watermelon,Codeforces
http://codeforces.com/problemset/problem/676/A,Nicholas and Permutation,Codeforces
http://codeforces.com/problemset/problem/439/B,Devu, the Dumb Guy,Codeforces
http://codeforces.com/problemset/problem/849/A,Odds and Ends,Codeforces
http://codeforces.com/problemset/problem/520/B,Two Buttons,Codeforces
http://codeforces.com/problemset/problem/2/A,Winner,Codeforces
https://icpcarchive.ecs.baylor.edu/index.php?option=onlinejudge&page=show_problem&problem=2965,What's Next?,Live Archive
http://codeforces.com/problemset/problem/96/A,Football,Codeforces
https://icpcarchive.ecs.baylor.edu/index.php?option=onlinejudge&page=show_problem&problem=5223,Identifying tea,Live Archive
http://codeforces.com/problemset/problem/552/B,Vanya and Books,Codeforces
http://codeforces.com/problemset/problem/228/A,Is your horseshoe on the other hoof?,Codeforces
http://codeforces.com/problemset/problem/510/A,Fox And Snake,Codeforces
http://codeforces.com/problemset/problem/595/A,Vitaly and Night,Codeforces
http://codeforces.com/problemset/problem/285/C,Building Permutation,Codeforces
http://codeforces.com/problemset/problem/501/A,Contest,Codeforces
http://codeforces.com/problemset/problem/448/A,Rewards,Codeforces
http://codeforces.com/problemset/problem/118/A,String Task,Codeforces
http://codeforces.com/problemset/problem/454/A,Little Pony and Crystal Mine,Codeforces
http://codeforces.com/problemset/problem/721/A,One-dimensional Japanese Crossword,Codeforces
http://codeforces.com/problemset/problem/327/A,Flipping Game,Codeforces
http://codeforces.com/problemset/problem/275/A,Lights Out,Codeforces
http://codeforces.com/problemset/problem/148/A,Insomnia cure,Codeforces
http://codeforces.com/problemset/problem/435/A,Queue on Bus Stop,Codeforces
http://codeforces.com/problemset/problem/110/A,Nearly Lucky Number,Codeforces
http://codeforces.com/problemset/problem/745/A,Hongcow Learns the Cyclic Shift,Codeforces
http://codeforces.com/problemset/problem/118/B,Present from Lena,Codeforces
http://codeforces.com/problemset/problem/577/A,Multiplication Table,Codeforces
p?ID=1,Omar,A2 Online Judge
http://codeforces.com/problemset/problem/534/A,Exam,Codeforces
http://codeforces.com/problemset/problem/431/A,Black Square,Codeforces
http://codeforces.com/problemset/problem/743/B,Chloe and the sequence ,Codeforces
http://codeforces.com/problemset/problem/834/A,The Useless Toy,Codeforces
http://codeforces.com/problemset/problem/320/A,Magic Numbers,Codeforces
http://codeforces.com/problemset/problem/268/B,Buttons,Codeforces
http://community.topcoder.com/stat?c=problem_statement&pm=12438,FoxAndGame,TopCoder
http://codeforces.com/problemset/problem/476/A,Dreamoon and Stairs,Codeforces
http://codeforces.com/problemset/problem/557/A,Ilya and Diplomas,Codeforces
http://codeforces.com/problemset/problem/451/A,Game With Sticks,Codeforces
http://codeforces.com/problemset/problem/460/A,Vasya and Socks,Codeforces
http://codeforces.com/problemset/problem/262/A,Roma and Lucky Numbers,Codeforces
http://codeforces.com/problemset/problem/255/A,Greg's Workout,Codeforces
http://codeforces.com/problemset/problem/611/A,New Year and Days,Codeforces
http://codeforces.com/problemset/problem/158/A,Next Round,Codeforces
http://codeforces.com/problemset/problem/445/A,DZY Loves Chessboard,Codeforces
http://codeforces.com/problemset/problem/116/A,Tram,Codeforces
http://codeforces.com/problemset/problem/369/A,Valera and Plates,Codeforces
http://codeforces.com/problemset/problem/791/A,Bear and Big Brother,Codeforces
http://acm.timus.ru/problem.aspx?space=1&num=1209,1, 10, 100, 1000...,Timus
http://codeforces.com/problemset/problem/538/B,Quasi Binary,Codeforces
http://codeforces.com/problemset/problem/546/A,Soldier and Bananas,Codeforces
http://codeforces.com/problemset/problem/527/A,Playing with Paper,Codeforces
http://codeforces.com/problemset/problem/272/A,Dima and Friends,Codeforces
http://codeforces.com/problemset/problem/278/A,Circle Line,Codeforces
http://codeforces.com/problemset/problem/680/A,Bear and Five Cards,Codeforces
http://codeforces.com/problemset/problem/620/A,Professor GukiZ's Robot,Codeforces
http://codeforces.com/problemset/problem/706/A,Beru-taxi,Codeforces
http://codeforces.com/problemset/problem/735/A,Ostap and Grasshopper,Codeforces
http://codeforces.com/problemset/problem/465/A,inc ARG,Codeforces
http://codeforces.com/problemset/problem/265/A,Colorful Stones (Simplified Edition),Codeforces
http://codeforces.com/problemset/problem/139/A,Petr and Book,Codeforces
http://codeforces.com/problemset/problem/384/A,Coder,Codeforces
http://codeforces.com/problemset/problem/688/A,Opponents,Codeforces
http://codeforces.com/problemset/problem/714/B,Filya and Homework,Codeforces
http://codeforces.com/problemset/problem/352/A,Jeff and Digits,Codeforces
http://codeforces.com/problemset/problem/560/A,Currency System in Geraldion,Codeforces
http://codeforces.com/problemset/problem/514/A,Chewba?ca and Number,Codeforces
http://codeforces.com/problemset/problem/379/A,New Year Candles,Codeforces
http://codeforces.com/problemset/problem/609/A,USB Flash Drives,Codeforces
http://codeforces.com/problemset/problem/549/A,Face Detection,Codeforces
http://codeforces.com/problemset/problem/165/A,Supercentral Point,Codeforces
http://codeforces.com/problemset/problem/448/B,Suffix Structures,Codeforces
http://codeforces.com/problemset/problem/158/B,Taxi,Codeforces
http://codeforces.com/problemset/problem/454/B,Little Pony and Sort by Shift,Codeforces
http://codeforces.com/problemset/problem/711/A,Bus to Udayland,Codeforces
http://codeforces.com/problemset/problem/672/B,Different is Good,Codeforces
http://codeforces.com/problemset/problem/112/A,Petya and Strings,Codeforces
http://codeforces.com/problemset/problem/401/C,Team,Codeforces
http://codeforces.com/problemset/problem/900/A,Find Extra One,Codeforces
http://codeforces.com/problemset/problem/119/A,Epic Game,Codeforces
http://codeforces.com/problemset/problem/75/A,Life Without Zeros,Codeforces
http://codeforces.com/problemset/problem/586/A,Alena's Schedule,Codeforces
http://codeforces.com/problemset/problem/3/A,Shortest path of the king,Codeforces
http://codeforces.com/problemset/problem/706/B,Interesting drink,Codeforces
http://codeforces.com/problemset/problem/814/A,An abandoned sentiment from past,Codeforces
http://codeforces.com/problemset/problem/519/A,A and B and Chess,Codeforces
https://icpcarchive.ecs.baylor.edu/index.php?option=onlinejudge&page=show_problem&problem=3061,Arm Wrestling Tournament,Live Archive
http://codeforces.com/problemset/problem/469/A,I Wanna Be the Guy,Codeforces
http://codeforces.com/problemset/problem/462/A,Appleman and Easy Task,Codeforces
http://codeforces.com/problemset/problem/478/A,Initial Bet,Codeforces
http://codeforces.com/problemset/problem/349/A,Cinema Line,Codeforces
http://codeforces.com/problemset/problem/509/A,Maximum in Table,Codeforces
http://codeforces.com/problemset/problem/451/B,Sort the Array,Codeforces
http://codeforces.com/problemset/problem/263/A,Beautiful Matrix,Codeforces
http://codeforces.com/problemset/problem/136/A,Presents,Codeforces
http://codeforces.com/problemset/problem/602/A,Two Bases,Codeforces
http://codeforces.com/problemset/problem/551/A,GukiZ and Contest,Codeforces
http://codeforces.com/problemset/problem/219/A,k-String,Codeforces
http://codeforces.com/problemset/problem/61/A,Ultra-Fast Mathematician,Codeforces
http://codeforces.com/problemset/problem/109/A,Lucky Sum of Digits,Codeforces
http://codeforces.com/problemset/problem/712/A,Memory and Crow,Codeforces
http://codeforces.com/problemset/problem/785/A,Anton and Polyhedrons,Codeforces
http://codeforces.com/problemset/problem/546/B,Soldier and Badges,Codeforces
http://codeforces.com/problemset/problem/339/A,Helpful Maths,Codeforces
http://codeforces.com/problemset/problem/499/A,Watching a movie,Codeforces
http://codeforces.com/problemset/problem/41/A,Translation,Codeforces
http://codeforces.com/problemset/problem/583/A,Asphalting Roads,Codeforces
http://codeforces.com/problemset/problem/835/A,Key races,Codeforces
http://codeforces.com/problemset/problem/474/A,Keyboard,Codeforces
http://codeforces.com/problemset/problem/146/A,Lucky Ticket,Codeforces
http://codeforces.com/problemset/problem/433/B,Kuriyama Mirai's Stones,Codeforces
http://codeforces.com/problemset/problem/279/B,Books,Codeforces
http://codeforces.com/problemset/problem/686/A,Free Ice Cream,Codeforces
http://codeforces.com/problemset/problem/879/A,Borya's Diagnosis,Codeforces
http://codeforces.com/problemset/problem/707/A,Brain's Photos,Codeforces
http://codeforces.com/problemset/problem/236/A,Boy or Girl,Codeforces
http://codeforces.com/problemset/problem/465/B,Inbox (100500),Codeforces
http://codeforces.com/problemset/problem/133/A,HQ9+,Codeforces
http://codeforces.com/problemset/problem/4/C,Registration System,Codeforces
http://codeforces.com/problemset/problem/265/B,Roadside Trees (Simplified Edition),Codeforces
https://uva.onlinejudge.org/index.php?option=onlinejudge&page=show_problem&problem=436,Fibonacci Freeze,UVA
http://codeforces.com/problemset/problem/816/A,Karen and Morning,Codeforces
http://codeforces.com/problemset/problem/427/A,Police Recruits,Codeforces
http://codeforces.com/problemset/problem/743/A,Vladik and flights,Codeforces
http://codeforces.com/problemset/problem/230/B,T-primes,Codeforces
http://codeforces.com/problemset/problem/59/A,Word,Codeforces
http://codeforces.com/problemset/problem/749/A,Bachgold Problem,Codeforces
http://codeforces.com/problemset/problem/82/A,Double Cola,Codeforces
http://codeforces.com/problemset/problem/659/A,Round House,Codeforces
http://codeforces.com/problemset/problem/489/C,Given Length and Sum of Digits...,Codeforces
http://codeforces.com/problemset/problem/149/A,Business trip,Codeforces
http://codeforces.com/problemset/problem/672/A,Summer Camp,Codeforces
http://codeforces.com/problemset/problem/152/A,Marks,Codeforces
http://codeforces.com/problemset/problem/580/A,Kefa and First Steps,Codeforces
http://codeforces.com/problemset/problem/189/A,Cut Ribbon,Codeforces
http://codeforces.com/problemset/problem/535/A,Tavas and Nafas,Codeforces
http://codeforces.com/problemset/problem/330/A,Cakeminator,Codeforces
http://codeforces.com/problemset/problem/276/A,Lunch Rush,Codeforces
http://codeforces.com/problemset/problem/767/A,Snacktower,Codeforces
http://codeforces.com/problemset/problem/839/A,Arya and Bran,Codeforces
http://codeforces.com/problemset/problem/570/A,Elections,Codeforces
http://codeforces.com/problemset/problem/519/B,A and B and Compilation Errors,Codeforces
http://www.spoj.com/problems/WSCIPHER/,Ws Cipher,SPOJ
http://codeforces.com/problemset/problem/270/A,Fancy Fence,Codeforces
http://codeforces.com/problemset/problem/144/A,Arrival of the General,Codeforces
http://codeforces.com/problemset/problem/431/C,k-Tree,Codeforces
http://br.spoj.com/problems/METEORO/,Meteoros,SPOJ Brazil
http://codeforces.com/problemset/problem/131/A,cAPS lOCK,Codeforces
http://www.spoj.com/problems/COINS/,Bytelandian gold coins,SPOJ
http://codeforces.com/problemset/problem/604/A,Uncowed Forces,Codeforces
http://codeforces.com/problemset/problem/350/A,TL,Codeforces
http://codeforces.com/problemset/problem/558/A,Lala Land and Apple Trees,Codeforces
http://codeforces.com/problemset/problem/764/A,Taymyr is calling you,Codeforces
http://codeforces.com/problemset/problem/199/A,Hexadecimal's theorem,Codeforces
http://codeforces.com/problemset/problem/208/A,Dubstep,Codeforces
http://codeforces.com/problemset/problem/492/A,Vanya and Cubes,Codeforces
http://codeforces.com/problemset/problem/339/B,Xenia and Ringroad,Codeforces
http://codeforces.com/problemset/problem/285/A,Slightly Decreasing Permutations,Codeforces
http://codeforces.com/problemset/problem/500/A,New Year Transportation,Codeforces
http://codeforces.com/problemset/problem/515/C,Drazil and Factorial,Codeforces
http://codeforces.com/problemset/problem/405/A,Gravity Flip,Codeforces
http://codeforces.com/problemset/problem/583/B,Robot's Task,Codeforces
http://codeforces.com/problemset/problem/313/A,Ilya and Bank Account,Codeforces
http://codeforces.com/problemset/problem/474/B,Worms,Codeforces
http://codeforces.com/problemset/problem/200/B,Drinks,Codeforces
http://codeforces.com/problemset/problem/486/A,Calculating Function,Codeforces
http://codeforces.com/problemset/problem/677/A,Vanya and Fence,Codeforces
http://codeforces.com/problemset/problem/621/A,Wet Shark and Odd and Even,Codeforces
http://codeforces.com/problemset/problem/629/A,Far Relative’s Birthday Cake,Codeforces
http://codeforces.com/problemset/problem/892/A,Greed,Codeforces
http://codeforces.com/problemset/problem/573/A,Bear and Poker,Codeforces
http://codeforces.com/problemset/problem/237/A,Free Cash,Codeforces
http://codeforces.com/problemset/problem/266/A,Stones on the Table,Codeforces
http://www.spoj.com/problems/WACHOVIA/,Wachovia Bank,SPOJ
http://codeforces.com/problemset/problem/789/A,Anastasia and pebbles,Codeforces
http://codeforces.com/problemset/problem/427/B,Prison Transfer,Codeforces
http://codeforces.com/problemset/problem/385/A,Bear and Raspberry,Codeforces
http://codeforces.com/problemset/problem/615/A,Bulbs,Codeforces
http://codeforces.com/problemset/problem/712/B,Memory and Trident,Codeforces
http://codeforces.com/problemset/problem/353/A,Domino,Codeforces
http://codeforces.com/problemset/problem/34/A,Reconnaissance 2,Codeforces
http://codeforces.com/problemset/problem/567/A,Lineland Mail,Codeforces
http://codeforces.com/problemset/problem/231/A,Team,Codeforces
http://codeforces.com/problemset/problem/38/A,Army,Codeforces
http://acm.tju.edu.cn/toj/showp1001.html,Hello, world!,TJU
http://codeforces.com/problemset/problem/467/A,George and Accommodation,Codeforces
http://codeforces.com/problemset/problem/334/A,Candy Bags,Codeforces
http://codeforces.com/problemset/problem/550/A,Two Substrings,Codeforces
http://codeforces.com/problemset/problem/344/A,Magnets,Codeforces
http://codeforces.com/problemset/problem/507/A,Amr and Music,Codeforces
http://codeforces.com/problemset/problem/450/A,Jzzhu and Children,Codeforces
http://www.spoj.com/problems/NITK06/,MODIFY SEQUENCE,SPOJ
http://codeforces.com/problemset/problem/459/A,Pashmak and Garden,Codeforces
http://codeforces.com/problemset/problem/897/A,Scarborough Fair,Codeforces
http://codeforces.com/problemset/problem/659/C,Tanya and Toys,Codeforces
http://codeforces.com/problemset/problem/599/A,Patrick and Shopping,Codeforces
http://codeforces.com/problemset/problem/92/A,Chips,Codeforces
http://codeforces.com/problemset/problem/282/A,Bit++,Codeforces
https://www.urionlinejudge.com.br/judge/en/problems/view/1002,Area of a Circle,URI
http://codeforces.com/problemset/problem/404/A,Valera and X,Codeforces
http://codeforces.com/problemset/problem/811/A,Vladik and Courtesy,Codeforces
http://codeforces.com/problemset/problem/581/A,Vasya the Hipster,Codeforces
https://icpcarchive.ecs.baylor.edu/index.php?option=onlinejudge&page=show_problem&problem=2967,Normalized Form,Live Archive
http://codeforces.com/problemset/problem/535/B,Tavas and SaDDas,Codeforces
http://codeforces.com/problemset/problem/545/A,Toy Cars,Codeforces
http://codeforces.com/problemset/problem/276/C,Little Girl and Maximum Sum,Codeforces
http://codeforces.com/problemset/problem/490/A,Team Olympiad,Codeforces
http://codeforces.com/problemset/problem/764/B,Timofey and cubes,Codeforces
http://codeforces.com/problemset/problem/570/B,Simple Game,Codeforces
http://codeforces.com/problemset/problem/519/C,A and B and Team Training,Codeforces
p?ID=6,Balloons Colors,A2 Online Judge
http://codeforces.com/problemset/problem/432/A,Choosing Teams,Codeforces
http://codeforces.com/problemset/problem/680/B,Bear and Finding Criminals,Codeforces
http://codeforces.com/problemset/problem/439/A,Devu, the Singer and Churu, the Joker,Codeforces
http://codeforces.com/problemset/problem/294/A,Shaass and Oskols,Codeforces
http://acm.tju.edu.cn/toj/showp1208.html,Fibonacci Numbers,TJU
http://codeforces.com/problemset/problem/463/A,Caisa and Sugar,Codeforces
http://codeforces.com/problemset/problem/1/B,Spreadsheet,Codeforces
http://codeforces.com/problemset/problem/869/A,The Artful Expedient,Codeforces
http://codeforces.com/problemset/problem/552/A,Vanya and Table,Codeforces
http://codeforces.com/problemset/problem/32/B,Borze,Codeforces
http://codeforces.com/problemset/problem/540/A,Combination Lock,Codeforces
http://codeforces.com/problemset/problem/548/A,Mike and Fax,Codeforces
http://acm.tju.edu.cn/toj/showp2210.html,Adding Reversed Numbers,TJU
http://codeforces.com/problemset/problem/447/B,DZY Loves Strings,Codeforces
http://codeforces.com/problemset/problem/681/A,A Good Contest,Codeforces
http://codeforces.com/problemset/problem/486/B,OR in Matrix,Codeforces
http://codeforces.com/problemset/problem/441/A,Valera and Antique Items,Codeforces
http://codeforces.com/problemset/problem/777/A,Shell Game,Codeforces
http://codeforces.com/problemset/problem/401/A,Vanya and Cards,Codeforces
http://codeforces.com/problemset/problem/841/A,Generous Kefa,Codeforces
http://codeforces.com/problemset/problem/574/A,Bear and Elections,Codeforces
http://codeforces.com/problemset/problem/313/B,Ilya and Queries,Codeforces
http://codeforces.com/problemset/problem/141/A,Amusing Joke,Codeforces
https://uva.onlinejudge.org/index.php?option=onlinejudge&page=show_problem&problem=520,Clock Hands,UVA
http://codeforces.com/problemset/problem/567/B,Berland National Library,Codeforces
http://codeforces.com/problemset/problem/233/A,Perfect Permutation,Codeforces
http://codeforces.com/problemset/problem/69/A,Young Physicist,Codeforces
http://codeforces.com/problemset/problem/300/A,Array,Codeforces
http://codeforces.com/problemset/problem/467/B,Fedor and New Game,Codeforces
http://codeforces.com/problemset/problem/266/B,Queue at the School,Codeforces
http://www.spoj.com/problems/TRT/,Treats for the Cows,SPOJ
http://codeforces.com/problemset/problem/787/B,Not Afraid,Codeforces
http://codeforces.com/problemset/problem/347/A,Difference Row,Codeforces
http://codeforces.com/problemset/problem/287/A,IQ Test,Codeforces
http://www.spoj.com/problems/MINNUM/,Minimum Number,SPOJ
http://codeforces.com/problemset/problem/610/B,Vika and Squares,Codeforces
http://codeforces.com/problemset/problem/336/A,Vasily the Bear and Triangle,Codeforces
http://codeforces.com/problemset/problem/368/A,Sereja and Coat Rack,Codeforces
http://codeforces.com/problemset/problem/538/A,Cutting Banner,Codeforces
http://codeforces.com/problemset/problem/626/A,Robot Sequence,Codeforces
http://codeforces.com/problemset/problem/570/C,Replacement,Codeforces
http://codeforces.com/problemset/problem/363/C,Fixing Typos,Codeforces
http://codeforces.com/problemset/problem/145/A,Lucky Conversion,Codeforces
http://codeforces.com/problemset/problem/432/B,Football Kit,Codeforces
http://codeforces.com/problemset/problem/358/A,Dima and Continuous Line,Codeforces
https://uva.onlinejudge.org/index.php?option=onlinejudge&page=show_problem&problem=2663,Roman Numerals,UVA
http://codeforces.com/problemset/problem/264/A,Escape from Stones,Codeforces
http://codeforces.com/problemset/problem/426/A,Sereja and Mugs,Codeforces
http://codeforces.com/problemset/problem/740/A,Alyona and copybooks,Codeforces
http://codeforces.com/problemset/problem/221/A,Little Elephant and Function,Codeforces
http://codeforces.com/problemset/problem/63/A,Sinking Ship,Codeforces
http://codeforces.com/problemset/problem/548/B,Mike and Fun,Codeforces
http://codeforces.com/problemset/problem/493/A,Vasya and Football,Codeforces
http://codeforces.com/problemset/problem/342/A,Xenia and Divisors,Codeforces
http://codeforces.com/problemset/problem/27/A,Next Test,Codeforces
http://codeforces.com/problemset/problem/639/A,Bear and Displayed Friends,Codeforces
http://codeforces.com/problemset/problem/486/C,Palindrome Transformation,Codeforces
http://codeforces.com/problemset/problem/437/A,The Child and Homework,Codeforces
http://codeforces.com/problemset/problem/622/B,The Time,Codeforces
http://codeforces.com/problemset/problem/631/A,Interview,Codeforces
http://codeforces.com/problemset/problem/616/A,Comparing Two Long Integers,Codeforces
http://codeforces.com/problemset/problem/556/B,Case of Fake Numbers,Codeforces
http://codeforces.com/problemset/problem/467/C,George and Job,Codeforces
http://codeforces.com/problemset/problem/218/B,Airport,Codeforces
http://codeforces.com/problemset/problem/347/B,Fixed Points,Codeforces
http://codeforces.com/problemset/problem/168/A,Wizards and Demonstration,Codeforces
http://www.spoj.com/problems/SUPOVR/,Super Over,SPOJ
http://codeforces.com/problemset/problem/415/A,Mashmokh and Lights,Codeforces
http://codeforces.com/problemset/problem/811/B,Vladik and Complicated Book,Codeforces
http://codeforces.com/problemset/problem/851/A,Arpa and a research in Mexican wave,Codeforces
http://codeforces.com/problemset/problem/581/C,Developing Skills,Codeforces
http://codeforces.com/problemset/problem/589/I,Lottery,Codeforces
https://uva.onlinejudge.org/index.php?option=onlinejudge&page=show_problem&problem=4663,Handball,UVA
http://codeforces.com/problemset/problem/496/C,Removing Columns,Codeforces
http://codeforces.com/problemset/problem/242/B,Big Segment,Codeforces
http://codeforces.com/problemset/problem/318/B,Strings of Power,Codeforces
http://codeforces.com/problemset/problem/433/A,Kitahara Haruki's Gift,Codeforces
http://codeforces.com/problemset/problem/302/A,Eugeny and Array,Codeforces
http://codeforces.com/problemset/problem/400/A,Inna and Choose Options,Codeforces
http://codeforces.com/problemset/problem/66/B,Petya and Countryside,Codeforces
http://codeforces.com/problemset/problem/357/A,Group of Students,Codeforces
https://uva.onlinejudge.org/index.php?option=onlinejudge&page=show_problem&problem=403,Bridge Hand Evaluator,UVA
http://codeforces.com/problemset/problem/608/A,Saitama Destroys Hotel,Codeforces
http://codeforces.com/problemset/problem/389/B,Fox and Cross,Codeforces
http://codeforces.com/problemset/problem/295/A,Greg and Array,Codeforces
http://codeforces.com/problemset/problem/596/A,Wilbur and Swimming Pool,Codeforces
http://codeforces.com/problemset/problem/215/A,Bicycle Chain,Codeforces
http://codeforces.com/problemset/problem/493/B,Vasya and Wrestling,Codeforces
http://codeforces.com/problemset/problem/387/A,George and Sleep,Codeforces
http://codeforces.com/problemset/problem/544/A,Set of Strings,Codeforces
http://codeforces.com/problemset/problem/489/A,SwapSort,Codeforces
p?ID=2,The Alphabet Sticker,A2 Online Judge
http://codeforces.com/problemset/problem/441/C,Valera and Tubes ,Codeforces
http://codeforces.com/problemset/problem/631/B,Print Check,Codeforces
http://codeforces.com/problemset/problem/239/A,Two Bags of Potatoes,Codeforces
http://codeforces.com/problemset/problem/677/B,Vanya and Food Processor,Codeforces
http://codeforces.com/problemset/problem/104/A,Blackjack,Codeforces
http://codeforces.com/problemset/problem/361/A,Levko and Table,Codeforces
http://codeforces.com/problemset/problem/186/A,Comparing Strings,Codeforces
http://codeforces.com/problemset/problem/268/C,Beautiful Sets of Points,Codeforces
http://codeforces.com/problemset/problem/431/B,Shower Line,Codeforces
http://codeforces.com/problemset/problem/557/B,Pasha and Tea,Codeforces
http://codeforces.com/problemset/problem/460/B,Little Dima and Equation,Codeforces
http://codeforces.com/problemset/problem/704/A,Thor,Codeforces
http://codeforces.com/problemset/problem/94/A,Restoring Password,Codeforces
http://codeforces.com/problemset/problem/382/A,Ksenia and Pan Scales,Codeforces
http://codeforces.com/problemset/problem/611/B,New Year and Old Property,Codeforces
http://codeforces.com/problemset/problem/892/B,Wrath,Codeforces
http://codeforces.com/problemset/problem/116/B,Little Pigs and Wolves,Codeforces
http://www.spoj.com/problems/SOLDIERS/,SOLDIERS,SPOJ
http://codeforces.com/problemset/problem/538/C,Tourist's Notes,Codeforces
http://codeforces.com/problemset/problem/205/A,Little Elephant and Rozdil,Codeforces
http://codeforces.com/problemset/problem/158/C,Cd and pwd commands,Codeforces
http://codeforces.com/problemset/problem/446/A,DZY Loves Sequences,Codeforces
http://codeforces.com/problemset/problem/485/A,Factory,Codeforces
http://codeforces.com/problemset/problem/376/A,Lever,Codeforces
http://codeforces.com/problemset/problem/620/B,Grandfather Dovlet’s calculator,Codeforces
http://codeforces.com/problemset/problem/614/B,Gena's Code,Codeforces
http://codeforces.com/problemset/problem/222/A,Shooshuns and Sequence ,Codeforces
http://codeforces.com/problemset/problem/352/B,Jeff and Periods,Codeforces
http://codeforces.com/problemset/problem/560/B,Gerald is into Art,Codeforces
http://codeforces.com/problemset/problem/518/B,Tanya and Postcard,Codeforces
http://codeforces.com/problemset/problem/298/B,Sail,Codeforces
http://codeforces.com/problemset/problem/259/B,Little Elephant and Magic Square,Codeforces
http://codeforces.com/problemset/problem/522/B,Photo to Remember,Codeforces
http://codeforces.com/problemset/problem/379/B,New Year Present,Codeforces
http://codeforces.com/problemset/problem/609/B,The Best Gift,Codeforces
http://codeforces.com/problemset/problem/879/B,Table Tennis,Codeforces
http://codeforces.com/problemset/problem/343/B,Alternating Current,Codeforces
http://codeforces.com/problemset/problem/505/A,Mr. Kitayuta's Gift,Codeforces
http://codeforces.com/problemset/problem/165/B,Burning Midnight Oil,Codeforces
https://icpcarchive.ecs.baylor.edu/index.php?option=onlinejudge&page=show_problem&problem=2201,Find the Format String,Live Archive
http://codeforces.com/problemset/problem/641/A,Little Artem and Grasshopper,Codeforces
http://codeforces.com/problemset/problem/373/A,Collecting Beats is Fun,Codeforces
http://codeforces.com/problemset/problem/598/B,Queries on a String,Codeforces
http://www.spoj.com/problems/WAYS/,PATHS,SPOJ
http://codeforces.com/problemset/problem/821/A,Okabe and Future Gadget Laboratory,Codeforces
http://codeforces.com/problemset/problem/586/B,Laurenty and Shop,Codeforces
http://codeforces.com/problemset/problem/544/B,Sea and Islands,Codeforces
http://codeforces.com/problemset/problem/625/C,K-special Tables,Codeforces
http://codeforces.com/problemset/problem/362/B,Petya and Staircases,Codeforces
http://codeforces.com/problemset/problem/469/B,Chat Online,Codeforces
http://codeforces.com/problemset/problem/479/B,Towers,Codeforces
http://codeforces.com/problemset/problem/686/B,Little Robber Girl's Zoo,Codeforces
http://codeforces.com/problemset/problem/509/B,Painting Pebbles,Codeforces
http://codeforces.com/problemset/problem/263/B,Squares,Codeforces
http://codeforces.com/problemset/problem/424/A,Squats,Codeforces
http://codeforces.com/problemset/problem/611/C,New Year and Domino,Codeforces
http://codeforces.com/problemset/problem/812/A,Sagheer and Crossroads,Codeforces
http://codeforces.com/problemset/problem/653/A,Bear and Three Balls,Codeforces
http://codeforces.com/problemset/problem/591/B,Rebranding,Codeforces
http://codeforces.com/problemset/problem/355/A,Vasya and Digital Root,Codeforces
http://codeforces.com/problemset/problem/447/A,DZY Loves Hash,Codeforces
http://codeforces.com/problemset/problem/122/B,Lucky Substring,Codeforces
http://codeforces.com/problemset/problem/16/A,Flag,Codeforces
http://codeforces.com/problemset/problem/408/A,Line to Cashier,Codeforces
http://codeforces.com/problemset/problem/810/A,Straight <<A>>,Codeforces
http://codeforces.com/problemset/problem/365/A,Good Number,Codeforces
http://codeforces.com/problemset/problem/555/A,Case of Matryoshkas,Codeforces
http://codeforces.com/problemset/problem/518/C,Anya and Smartphone,Codeforces
http://codeforces.com/problemset/problem/260/A,Adding Digits,Codeforces
http://codeforces.com/problemset/problem/5/A,Chat Servers Outgoing Traffic,Codeforces
http://codeforces.com/problemset/problem/703/B,Mishka and trip,Codeforces
http://codeforces.com/problemset/problem/495/A,Digital Counter,Codeforces
http://codeforces.com/problemset/problem/166/A,Rank List,Codeforces
http://codeforces.com/problemset/problem/248/A,Cupboards,Codeforces
http://codeforces.com/problemset/problem/618/A,Slime Combining,Codeforces
http://codeforces.com/problemset/problem/834/B,The Festive Evening,Codeforces
http://codeforces.com/problemset/problem/452/A,Eevee,Codeforces
http://codeforces.com/problemset/problem/131/B,Opposites Attract,Codeforces
https://uva.onlinejudge.org/index.php?option=onlinejudge&page=show_problem&problem=46,Meta-Loopless Sorts,UVA
http://codeforces.com/problemset/problem/606/A,Magic Spheres,Codeforces
http://codeforces.com/problemset/problem/220/A,Little Elephant and Problem,Codeforces
http://codeforces.com/problemset/problem/558/B,Amr and The Large Array,Codeforces
http://codeforces.com/problemset/problem/289/B,Polo the Penguin and Matrix,Codeforces
http://codeforces.com/problemset/problem/227/B,Effective Approach,Codeforces
http://codeforces.com/problemset/problem/592/A,PawnChess,Codeforces
http://codeforces.com/problemset/problem/208/D,Prizes, Prizes, more Prizes,Codeforces
http://codeforces.com/problemset/problem/285/B,Find Marble,Codeforces
http://codeforces.com/problemset/problem/500/C,New Year Book Reading,Codeforces
http://codeforces.com/problemset/problem/9/C,Hexadecimal's Numbers,Codeforces
http://codeforces.com/problemset/problem/363/A,Soroban,Codeforces
http://codeforces.com/problemset/problem/622/A,Infinite Sequence,Codeforces
http://codeforces.com/problemset/problem/108/A,Palindromic Times,Codeforces
http://codeforces.com/problemset/problem/365/B,The Fibonacci Segment,Codeforces
http://codeforces.com/problemset/problem/437/C,The Child and Toy,Codeforces
http://codeforces.com/problemset/problem/475/B,Strongly Connected City,Codeforces
http://codeforces.com/problemset/problem/385/B,Bear and Strings,Codeforces
http://codeforces.com/problemset/problem/754/B,Ilya and tic-tac-toe game,Codeforces
http://codeforces.com/problemset/problem/102/B,Sum of Digits,Codeforces
http://codeforces.com/problemset/problem/820/A,Mister B and Book Reading,Codeforces
http://codeforces.com/problemset/problem/359/A,Table,Codeforces
http://codeforces.com/problemset/problem/322/A,Ciel and Dancing,Codeforces
http://codeforces.com/problemset/problem/224/B,Array,Codeforces
http://codeforces.com/problemset/problem/507/C,Guess Your Way Out!,Codeforces
http://codeforces.com/problemset/problem/659/D,Bicycle Race,Codeforces
http://codeforces.com/problemset/problem/599/B,Spongebob and Joke,Codeforces
http://codeforces.com/problemset/problem/496/B,Secret Combination,Codeforces
http://codeforces.com/problemset/problem/408/B,Garland,Codeforces
http://codeforces.com/problemset/problem/86/D,Powerful array,Codeforces
http://codeforces.com/problemset/problem/14/A,Letter,Codeforces
http://codeforces.com/problemset/problem/276/D,Little Girl and Maximum XOR,Codeforces
http://codeforces.com/problemset/problem/490/B,Queue,Codeforces
http://codeforces.com/problemset/problem/282/C,XOR and OR,Codeforces
http://codeforces.com/problemset/problem/66/A,Petya and Java,Codeforces
http://codeforces.com/problemset/problem/242/A,Heads or Tails,Codeforces
http://codeforces.com/problemset/problem/618/C,Constellation,Codeforces
http://codeforces.com/problemset/problem/252/A,Little Xor,Codeforces
http://codeforces.com/problemset/problem/463/C,Gargari and Bishops,Codeforces
http://codeforces.com/problemset/problem/612/A,The Text Splitting,Codeforces
http://codeforces.com/problemset/problem/172/A,Phone Code,Codeforces
http://codeforces.com/problemset/problem/81/A,Plug-in,Codeforces
http://codeforces.com/problemset/problem/371/A,K-Periodic Array,Codeforces
http://codeforces.com/problemset/problem/540/B,School Marks,Codeforces
http://codeforces.com/problemset/problem/332/B,Maximum Absurdity,Codeforces
http://codeforces.com/problemset/problem/745/B,Hongcow Solves A Puzzle,Codeforces
http://codeforces.com/problemset/problem/441/B,Valera and Fruits,Codeforces
http://codeforces.com/problemset/problem/401/B,Sereja and Contests,Codeforces
http://codeforces.com/problemset/problem/74/A,Room Leader,Codeforces
http://codeforces.com/problemset/problem/366/A,Dima and Guards,Codeforces
http://codeforces.com/problemset/problem/313/C,Ilya and Matrix,Codeforces
http://codeforces.com/problemset/problem/245/B,Internet Address,Codeforces
http://codeforces.com/problemset/problem/284/A,Cows and Primitive Roots,Codeforces
http://codeforces.com/problemset/problem/385/C,Bear and Prime Numbers,Codeforces
http://codeforces.com/problemset/problem/676/B,Pyramid of Glasses,Codeforces
http://codeforces.com/problemset/problem/103/A,Testing Pants for Sadness,Codeforces
http://codeforces.com/problemset/problem/568/A,Primes or Palindromes?,Codeforces
http://codeforces.com/problemset/problem/302/B,Eugeny and Play List,Codeforces
http://codeforces.com/problemset/problem/182/B,Vasya's Calendar,Codeforces
http://codeforces.com/problemset/problem/135/A,Replacement,Codeforces
http://codeforces.com/problemset/problem/31/A,Worms Evolution,Codeforces
http://codeforces.com/problemset/problem/225/A,Dice Tower,Codeforces
http://codeforces.com/problemset/problem/202/A,LLPS,Codeforces
http://codeforces.com/problemset/problem/660/A,Co-prime Array,Codeforces
http://codeforces.com/problemset/problem/381/B,Sereja and Stairs,Codeforces
http://codeforces.com/problemset/problem/409/H,A + B Strikes Back,Codeforces
http://codeforces.com/problemset/problem/151/B,Phone Numbers,Codeforces
http://codeforces.com/problemset/problem/283/A,Cows and Sequence,Codeforces
http://codeforces.com/problemset/problem/106/A,Card Game,Codeforces
http://codeforces.com/problemset/problem/628/A,Tennis Tournament,Codeforces
http://codeforces.com/problemset/problem/257/B,Playing Cubes,Codeforces
http://codeforces.com/problemset/problem/3/C,Tic-tac-toe,Codeforces
http://codeforces.com/problemset/problem/832/B,Petya and Exam,Codeforces
http://codeforces.com/problemset/problem/612/B,HDD is Outdated Technology,Codeforces
http://codeforces.com/problemset/problem/221/B,Little Elephant and Numbers,Codeforces
http://codeforces.com/problemset/problem/689/A,Mike and Cellphone,Codeforces
http://codeforces.com/problemset/problem/658/A,Bear and Reverse Radewoosh,Codeforces
http://codeforces.com/problemset/problem/12/A,Super Agent,Codeforces
http://codeforces.com/problemset/problem/18/C,Stripe,Codeforces
http://codeforces.com/problemset/problem/622/C,Not Equal on a Segment,Codeforces
http://codeforces.com/problemset/problem/579/B,Finding Team Member,Codeforces
http://codeforces.com/problemset/problem/407/A,Triangle,Codeforces
http://codeforces.com/problemset/problem/366/B,Dima and To-do List,Codeforces
http://codeforces.com/problemset/problem/43/B,Letter,Codeforces
http://codeforces.com/problemset/problem/192/A,Funky Numbers,Codeforces
http://codeforces.com/problemset/problem/279/A,Point on Spiral,Codeforces
http://codeforces.com/problemset/problem/625/A,Guest From the Past,Codeforces
http://codeforces.com/problemset/problem/355/B,Vasya and Public Transport,Codeforces
http://codeforces.com/problemset/problem/569/A,Music,Codeforces
http://codeforces.com/problemset/problem/303/A,Lucky Permutation Triple,Codeforces
http://codeforces.com/problemset/problem/315/B,Sereja and Array,Codeforces
http://codeforces.com/problemset/problem/6/B,President's Office,Codeforces
http://www.spoj.com/problems/CARRHIM/,Can you play carrom !!!,SPOJ
http://codeforces.com/problemset/problem/416/A,Guess a number!,Codeforces
http://codeforces.com/problemset/problem/660/B,Seating On Bus,Codeforces
http://codeforces.com/problemset/problem/789/B,Masha and geometric depression,Codeforces
http://codeforces.com/problemset/problem/255/B,Code Parsing,Codeforces
http://codeforces.com/problemset/problem/411/A,Password Check,Codeforces
http://codeforces.com/problemset/problem/369/B,Valera and Contest,Codeforces
http://codeforces.com/problemset/problem/589/J,Cleaner Robot,Codeforces
http://codeforces.com/problemset/problem/49/A,Sleuth,Codeforces
http://codeforces.com/problemset/problem/284/B,Cows and Poker Game,Codeforces
http://codeforces.com/problemset/problem/312/A,Whose sentence is it?,Codeforces
http://codeforces.com/problemset/problem/527/C,Glass Carving,Codeforces
http://codeforces.com/problemset/problem/400/B,Inna and New Matrix of Candies,Codeforces
http://codeforces.com/problemset/problem/357/B,Flag Day,Codeforces
http://codeforces.com/problemset/problem/572/B,Order Book,Codeforces
http://codeforces.com/problemset/problem/231/C,To Add or Not to Add,Codeforces
http://codeforces.com/problemset/problem/493/C,Vasya and Basketball,Codeforces
https://icpcarchive.ecs.baylor.edu/index.php?option=onlinejudge&page=show_problem&problem=1051,Blackjack,Live Archive
http://codeforces.com/problemset/problem/407/B,Long Path,Codeforces
http://codeforces.com/problemset/problem/12/B,Correct Solution?,Codeforces
http://codeforces.com/problemset/problem/203/A,Two Problems,Codeforces
http://codeforces.com/problemset/problem/617/C,Watering Flowers,Codeforces
http://codeforces.com/problemset/problem/526/A,King of Thieves,Codeforces
http://community.topcoder.com/stat?c=problem_statement&pm=1259,ZigZag,TopCoder
http://codeforces.com/problemset/problem/298/A,Snow Footprints,Codeforces
http://codeforces.com/problemset/problem/289/A,Polo the Penguin and Segments ,Codeforces
http://codeforces.com/problemset/problem/292/B,Network Topology,Codeforces
http://codeforces.com/problemset/problem/416/B,Art Union,Codeforces
http://codeforces.com/problemset/problem/137/A,Postcards and photos,Codeforces
http://codeforces.com/problemset/problem/777/D,Cloud of Hashtags,Codeforces
http://codeforces.com/problemset/problem/382/C,Arithmetic Progression,Codeforces
http://codeforces.com/problemset/problem/56/A,Bar,Codeforces
http://codeforces.com/problemset/problem/637/A,Voting for Photos,Codeforces
http://codeforces.com/problemset/problem/121/A,Lucky Sum,Codeforces
http://codeforces.com/problemset/problem/78/A,Haiku,Codeforces
http://codeforces.com/problemset/problem/244/A,Dividing Orange,Codeforces
http://codeforces.com/problemset/problem/272/C,Dima and Staircase,Codeforces
http://codeforces.com/problemset/problem/279/C,Ladder,Codeforces
http://codeforces.com/problemset/problem/405/C,Unusual Product,Codeforces
http://codeforces.com/problemset/problem/417/C,Football,Codeforces
http://codeforces.com/problemset/problem/222/B,Cosmic Tables,Codeforces
http://codeforces.com/problemset/problem/133/B,Unary,Codeforces
http://codeforces.com/problemset/problem/609/C,Load Balancing,Codeforces
http://codeforces.com/problemset/problem/216/A,Tiling with Hexagons,Codeforces
http://codeforces.com/problemset/problem/291/A,Spyke Talks,Codeforces
http://codeforces.com/problemset/problem/182/D,Common Divisors,Codeforces
http://codeforces.com/problemset/problem/641/B,Little Artem and Matrix,Codeforces
http://codeforces.com/problemset/problem/127/B,Canvas Frames,Codeforces
http://codeforces.com/problemset/problem/815/A,Karen and Game,Codeforces
http://codeforces.com/problemset/problem/420/A,Start Up,Codeforces
http://codeforces.com/problemset/problem/437/B,The Child and Set,Codeforces
http://codeforces.com/problemset/problem/367/A,Sereja and Algorithm ,Codeforces
http://codeforces.com/problemset/problem/194/A,Exams,Codeforces
http://codeforces.com/problemset/problem/13/A,Numbers,Codeforces
http://codeforces.com/problemset/problem/526/B,Om Nom and Dark Park,Codeforces
http://codeforces.com/problemset/problem/270/B,Multithreading,Codeforces
http://codeforces.com/problemset/problem/479/D,Long Jumps,Codeforces
http://codeforces.com/problemset/problem/257/A,Sockets,Codeforces
http://codeforces.com/problemset/problem/236/B,Easy Number Challenge,Codeforces
http://codeforces.com/problemset/problem/416/C,Booking System,Codeforces
http://codeforces.com/problemset/problem/424/B,Megacity,Codeforces
http://codeforces.com/problemset/problem/749/C,Voting,Codeforces
http://codeforces.com/problemset/problem/350/C,Bombs,Codeforces
http://codeforces.com/problemset/problem/78/B,Easter Eggs,Codeforces
http://codeforces.com/problemset/problem/332/A,Down the Hatch!,Codeforces
http://codeforces.com/problemset/problem/777/C,Alyona and Spreadsheet,Codeforces
http://codeforces.com/problemset/problem/25/B,Phone numbers,Codeforces
http://codeforces.com/problemset/problem/136/B,Ternary Logic,Codeforces
http://codeforces.com/problemset/problem/46/A,Ball Game,Codeforces
http://codeforces.com/problemset/problem/475/A,Bayan Bus,Codeforces
http://codeforces.com/problemset/problem/11/A,Increasing Sequence,Codeforces
http://codeforces.com/problemset/problem/16/B,Burglar and Matches,Codeforces
http://codeforces.com/problemset/problem/585/A,Gennady the Dentist,Codeforces
http://codeforces.com/problemset/problem/245/A,System Administrator,Codeforces
http://codeforces.com/problemset/problem/677/C,Vanya and Label,Codeforces
http://codeforces.com/problemset/problem/550/D,Regular Bridge,Codeforces
http://codeforces.com/problemset/problem/218/A,Mountain Scenery,Codeforces
http://codeforces.com/problemset/problem/291/B,Command Line Arguments,Codeforces
http://codeforces.com/problemset/problem/192/B,Walking in the Rain,Codeforces
http://codeforces.com/problemset/problem/641/C,Little Artem and Dance,Codeforces
http://codeforces.com/problemset/problem/839/B,Game of the Rows,Codeforces
http://www.spoj.com/problems/TROOPS/,Troops of Sand Monsters,SPOJ
http://codeforces.com/problemset/problem/479/E,Riding in a Lift,Codeforces
http://codeforces.com/problemset/problem/404/B,Marathon,Codeforces
http://codeforces.com/problemset/problem/120/B,Quiz League,Codeforces
http://codeforces.com/problemset/problem/248/B,Chilly Willy,Codeforces
http://codeforces.com/problemset/problem/195/B,After Training,Codeforces
http://codeforces.com/problemset/problem/71/B,Progress Bar,Codeforces
http://codeforces.com/problemset/problem/271/C,Secret,Codeforces
http://codeforces.com/problemset/problem/177/A2,Good Matrix Elements,Codeforces
http://codeforces.com/problemset/problem/132/A,Turing Tape,Codeforces
http://codeforces.com/problemset/problem/606/B,Testing Robots,Codeforces
http://codeforces.com/problemset/problem/351/A,Jeff and Rounding,Codeforces
http://codeforces.com/problemset/problem/290/A,Mysterious strings,Codeforces
http://codeforces.com/problemset/problem/378/B,Semifinals,Codeforces
http://codeforces.com/problemset/problem/12/C,Fruits,Codeforces
http://codeforces.com/problemset/problem/144/C,Anagram Search,Codeforces
http://codeforces.com/problemset/problem/412/A,Poster,Codeforces
http://codeforces.com/problemset/problem/353/C,Find Maximum,Codeforces
http://codeforces.com/problemset/problem/234/A,Lefthanders and Righthanders ,Codeforces
http://codeforces.com/problemset/problem/60/A,Where Are My Flakes?,Codeforces
http://codeforces.com/problemset/problem/35/A,Shell Game,Codeforces
http://codeforces.com/problemset/problem/600/A,Extract Numbers,Codeforces
http://codeforces.com/problemset/problem/811/C,Vladik and Memorable Trip,Codeforces
http://codeforces.com/problemset/problem/634/A,Island Puzzle,Codeforces
http://codeforces.com/problemset/problem/120/C,Winnie-the-Pooh and honey,Codeforces
http://codeforces.com/problemset/problem/14/B,Young Photographer,Codeforces
http://codeforces.com/problemset/problem/496/D,Tennis Game,Codeforces
http://codeforces.com/problemset/problem/581/D,Three Logos,Codeforces
http://codeforces.com/problemset/problem/311/A,The Closest Pair,Codeforces
http://codeforces.com/problemset/problem/34/D,Road Map,Codeforces
http://codeforces.com/problemset/problem/9/B,Running Student,Codeforces
http://codeforces.com/problemset/problem/439/C,Devu and Partitioning of the Array,Codeforces
http://codeforces.com/problemset/problem/426/B,Sereja and Mirroring,Codeforces
http://codeforces.com/problemset/problem/63/B,Settlers' Training,Codeforces
http://codeforces.com/problemset/problem/228/B,Two Tables,Codeforces
http://codeforces.com/problemset/problem/52/A,123-sequence,Codeforces
http://codeforces.com/problemset/problem/342/B,Xenia and Spies,Codeforces
http://codeforces.com/problemset/problem/412/C,Pattern,Codeforces
http://codeforces.com/problemset/problem/371/D,Vessels,Codeforces
http://codeforces.com/problemset/problem/148/B,Escape,Codeforces
http://codeforces.com/problemset/problem/435/C,Cardiogram,Codeforces
http://codeforces.com/problemset/problem/245/E,Mishap in Club,Codeforces
http://codeforces.com/problemset/problem/234/C,Weather,Codeforces
http://codeforces.com/problemset/problem/143/B,Help Kingdom of Far Far Away 2,Codeforces
http://codeforces.com/problemset/problem/216/B,Forming Teams,Codeforces
http://codeforces.com/problemset/problem/645/A,Amity Assessment,Codeforces
http://codeforces.com/problemset/problem/421/A,Pasha and Hamsters,Codeforces
http://codeforces.com/problemset/problem/635/A,Orchestra,Codeforces
http://codeforces.com/problemset/problem/652/A,Gabriel and Caterpillar,Codeforces
http://codeforces.com/problemset/problem/375/B,Maximum Submatrix 2,Codeforces
http://codeforces.com/problemset/problem/198/A,About Bacteria,Codeforces
http://codeforces.com/problemset/problem/666/A,Reberland Linguistics,Codeforces
http://codeforces.com/problemset/problem/364/A,Matrix,Codeforces
http://codeforces.com/problemset/problem/319/B,Psychos in a Line,Codeforces
http://codeforces.com/problemset/problem/10/A,Power Consumption Calculation,Codeforces
http://codeforces.com/problemset/problem/272/B,Dima and Sequence,Codeforces
http://codeforces.com/problemset/problem/231/D,Magic Box,Codeforces
http://codeforces.com/problemset/problem/440/A,Forgotten Episode,Codeforces
http://codeforces.com/problemset/problem/106/B,Choosing Laptop,Codeforces
http://codeforces.com/problemset/problem/384/B,Multitasking,Codeforces
http://codeforces.com/problemset/problem/90/B,African Crossword,Codeforces
http://codeforces.com/problemset/problem/53/A,Autocomplete,Codeforces
http://codeforces.com/problemset/problem/455/B,A Lot of Games,Codeforces
http://codeforces.com/problemset/problem/436/B,Om Nom and Spiders,Codeforces
http://codeforces.com/problemset/problem/112/B,Petya and Square,Codeforces
http://codeforces.com/problemset/problem/47/B,Coins,Codeforces
http://codeforces.com/problemset/problem/451/C,Predict Outcome of the Game,Codeforces
http://codeforces.com/problemset/problem/551/B,ZgukistringZ,Codeforces
http://codeforces.com/problemset/problem/219/B,Special Offer! Super Price 999 Bourles!,Codeforces
http://codeforces.com/problemset/problem/88/A,Chord,Codeforces
http://codeforces.com/problemset/problem/538/D,Weird Chess,Codeforces
http://codeforces.com/problemset/problem/159/A,Friends or Not,Codeforces
http://codeforces.com/problemset/problem/808/D,Array Division,Codeforces
http://codeforces.com/problemset/problem/527/D,Clique Problem,Codeforces
http://codeforces.com/problemset/problem/321/A,Ciel and Robot,Codeforces
http://codeforces.com/problemset/problem/146/B,Lucky Mask,Codeforces
http://codeforces.com/problemset/problem/400/C,Inna and Huge Candy Matrix,Codeforces
http://codeforces.com/problemset/problem/231/B,Magic, Wizardry and Wonders,Codeforces
http://codeforces.com/problemset/problem/523/A,Rotate, Flip and Zoom,Codeforces
http://codeforces.com/problemset/problem/59/B,Fortune Telling,Codeforces
http://codeforces.com/problemset/problem/34/C,Page Numbers,Codeforces
http://codeforces.com/problemset/problem/20/A,BerOS file system,Codeforces
http://codeforces.com/problemset/problem/515/D,Drazil and Tiles,Codeforces
http://codeforces.com/problemset/problem/152/B,Steps,Codeforces
http://codeforces.com/problemset/problem/120/A,Elevator,Codeforces
http://codeforces.com/problemset/problem/589/A,Email Aliases,Codeforces
http://codeforces.com/problemset/problem/44/A,Indian Summer,Codeforces
http://codeforces.com/problemset/problem/144/B,Meeting,Codeforces
http://codeforces.com/problemset/problem/177/A1,Good Matrix Elements,Codeforces
http://codeforces.com/problemset/problem/376/B,I.O.U.,Codeforces
http://codeforces.com/problemset/problem/492/D,Vanya and Computer Game,Codeforces
http://codeforces.com/problemset/problem/340/C,Tourist Problem,Codeforces
http://codeforces.com/problemset/problem/160/C,Find Pair,Codeforces
http://codeforces.com/problemset/problem/637/C,Promocodes with Mistakes,Codeforces
http://codeforces.com/problemset/problem/68/A,Irrational problem,Codeforces
http://codeforces.com/problemset/problem/630/L,Cracking the Code,Codeforces
http://codeforces.com/problemset/problem/405/D,Toy Sum,Codeforces
http://codeforces.com/problemset/problem/260/B,Ancient Prophesy,Codeforces
http://codeforces.com/problemset/problem/5/B,Center Alignment,Codeforces
http://codeforces.com/problemset/problem/167/A,Wizards and Trolleybuses,Codeforces
http://codeforces.com/problemset/problem/778/B,Bitwise Formula,Codeforces
http://codeforces.com/problemset/problem/93/A,Frames,Codeforces
http://codeforces.com/problemset/problem/156/B,Suspects,Codeforces
http://codeforces.com/problemset/problem/85/A,Domino,Codeforces
http://codeforces.com/problemset/problem/589/D,Boulevard,Codeforces
http://codeforces.com/problemset/problem/374/C,Inna and Dima,Codeforces
http://codeforces.com/problemset/problem/48/A,Rock-paper-scissors,Codeforces
http://codeforces.com/problemset/problem/8/B,Obsession with Robots,Codeforces
http://codeforces.com/problemset/problem/399/A,Pages,Codeforces
http://codeforces.com/problemset/problem/138/A,Literature Lesson,Codeforces
http://codeforces.com/problemset/problem/388/B,Fox and Minimal path,Codeforces
http://codeforces.com/problemset/problem/656/B,Scrambled,Codeforces
http://codeforces.com/problemset/problem/57/A,Square Earth?,Codeforces
http://codeforces.com/problemset/problem/123/A,Prime Permutation,Codeforces
http://codeforces.com/problemset/problem/46/B,T-shirts from Sponsor,Codeforces
http://codeforces.com/problemset/problem/99/B,Help Chef Gerasim,Codeforces
http://codeforces.com/problemset/problem/394/A,Counting Sticks,Codeforces
http://codeforces.com/problemset/problem/69/B,Bets,Codeforces
http://codeforces.com/problemset/problem/360/A,Levko and Array Recovery,Codeforces
http://codeforces.com/problemset/problem/175/A,Robot Bicorn Attack,Codeforces
http://codeforces.com/problemset/problem/523/D,Statistics of Recompressing Videos,Codeforces
http://codeforces.com/problemset/problem/260/C,Balls and Boxes,Codeforces
http://codeforces.com/problemset/problem/142/B,Help General,Codeforces
http://codeforces.com/problemset/problem/288/C,Polo the Penguin and XOR operation,Codeforces
http://codeforces.com/problemset/problem/291/C,Network Mask,Codeforces
http://codeforces.com/problemset/problem/336/C,Vasily the Bear and Sequence,Codeforces
http://codeforces.com/problemset/problem/571/A,Lengthening Sticks,Codeforces
http://codeforces.com/problemset/problem/40/A,Find Color,Codeforces
p?ID=79,On the Road to LCPC,A2 Online Judge
http://codeforces.com/problemset/problem/417/A,Elimination,Codeforces
http://codeforces.com/problemset/problem/290/B,QR code,Codeforces
http://codeforces.com/problemset/problem/172/B,Pseudorandom Sequence Period,Codeforces
http://codeforces.com/problemset/problem/707/D,Persistent Bookcase ,Codeforces
http://codeforces.com/problemset/problem/124/B,Permutations,Codeforces
http://codeforces.com/problemset/problem/81/B,Sequence Formatting,Codeforces
http://codeforces.com/problemset/problem/275/B,Convex Shape,Codeforces
http://codeforces.com/problemset/problem/14/C,Four Segments,Codeforces
http://codeforces.com/problemset/problem/314/A,Sereja and Contest,Codeforces
http://codeforces.com/problemset/problem/386/A,Second-Price Auction,Codeforces
http://codeforces.com/problemset/problem/292/A,SMSC,Codeforces
http://codeforces.com/problemset/problem/55/A,Flea travel,Codeforces
http://codeforces.com/problemset/problem/15/A,Cottage Village,Codeforces
https://icpcarchive.ecs.baylor.edu/index.php?option=onlinejudge&page=show_problem&problem=1677,Domino,Live Archive
http://codeforces.com/problemset/problem/553/B,Kyoya and Permutation,Codeforces
http://codeforces.com/problemset/problem/390/A,Inna and Alarm Clock,Codeforces
http://codeforces.com/problemset/problem/33/A,What is for dinner?,Codeforces
http://codeforces.com/problemset/problem/254/B,Jury Size,Codeforces
http://codeforces.com/problemset/problem/549/D,Haar Features,Codeforces
http://codeforces.com/problemset/problem/290/D,Orange,Codeforces
http://codeforces.com/problemset/problem/173/A,Rock-Paper-Scissors,Codeforces
http://codeforces.com/problemset/problem/19/A,World Football Cup,Codeforces
http://codeforces.com/problemset/problem/281/B,Nearest Fraction,Codeforces
http://codeforces.com/problemset/problem/79/B,Colorful Field,Codeforces
http://codeforces.com/problemset/problem/633/C,Spy Syndrome 2,Codeforces
http://codeforces.com/problemset/problem/75/B,Facetook Priority Wall,Codeforces
http://codeforces.com/problemset/problem/373/B,Making Sequences is Fun,Codeforces
http://codeforces.com/problemset/problem/193/A,Cutting Figure,Codeforces
http://codeforces.com/problemset/problem/356/B,Xenia and Hamming,Codeforces
http://codeforces.com/problemset/problem/69/E,Subsegments,Codeforces
http://codeforces.com/problemset/problem/7/B,Memory Manager,Codeforces
http://codeforces.com/problemset/problem/36/A,Extra-terrestrial Intelligence,Codeforces
http://codeforces.com/problemset/problem/223/A,Bracket Sequence,Codeforces
http://codeforces.com/problemset/problem/830/B,Cards Sorting,Codeforces
http://codeforces.com/problemset/problem/94/B,Friends,Codeforces
http://codeforces.com/problemset/problem/370/B,Berland Bingo,Codeforces
http://codeforces.com/problemset/problem/547/A,Mike and Frog,Codeforces
http://codeforces.com/problemset/problem/117/A,Elevator,Codeforces
http://www.spoj.com/problems/BOMB2/,Bombing,SPOJ
http://codeforces.com/problemset/problem/41/C,Email address,Codeforces
http://codeforces.com/problemset/problem/45/A,Codecraft III,Codeforces
http://codeforces.com/problemset/problem/433/C,Ryouko's Memory Note,Codeforces
http://codeforces.com/problemset/problem/440/B,Balancer,Codeforces
http://codeforces.com/problemset/problem/676/D,Theseus and labyrinth,Codeforces
http://codeforces.com/problemset/problem/299/B,Ksusha the Squirrel,Codeforces
http://codeforces.com/problemset/problem/181/A,Series of Crimes,Codeforces
http://codeforces.com/problemset/problem/29/C,Mail Stamps,Codeforces
http://codeforces.com/problemset/problem/413/A,Data Recovery,Codeforces
http://codeforces.com/problemset/problem/82/B,Sets,Codeforces
http://codeforces.com/problemset/problem/149/B,Martian Clock,Codeforces
http://codeforces.com/problemset/problem/442/A,Borya and Hanabi,Codeforces
http://codeforces.com/problemset/problem/113/A,Grammar Lessons,Codeforces
http://codeforces.com/problemset/problem/633/D,Fibonacci-ish,Codeforces
http://codeforces.com/problemset/problem/374/A,Inna and Pink Pony,Codeforces
http://codeforces.com/problemset/problem/203/B,Game on Paper,Codeforces
http://codeforces.com/problemset/problem/304/B,Calendar,Codeforces
http://codeforces.com/problemset/problem/665/A,Buses Between Cities,Codeforces
http://codeforces.com/problemset/problem/56/B,Spoilt Permutation,Codeforces
http://codeforces.com/problemset/problem/387/C,George and Number,Codeforces
http://codeforces.com/problemset/problem/509/C,Sums of Digits,Codeforces
http://codeforces.com/problemset/problem/533/C,Board Game,Codeforces
http://codeforces.com/problemset/problem/325/A,Square and Rectangles,Codeforces
http://codeforces.com/problemset/problem/147/A,Punctuation,Codeforces
http://codeforces.com/problemset/problem/280/B,Maximum Xor Secondary,Codeforces
http://codeforces.com/problemset/problem/237/B,Young Table,Codeforces
http://codeforces.com/problemset/problem/42/A,Guilty --- to the kitchen!,Codeforces
http://codeforces.com/problemset/problem/353/B,Two Heaps,Codeforces
http://codeforces.com/problemset/problem/38/B,Chess,Codeforces
http://codeforces.com/problemset/problem/134/A,Average Numbers,Codeforces
http://codeforces.com/problemset/problem/413/B,Spyke Chatting,Codeforces
http://codeforces.com/problemset/problem/54/A,Presents,Codeforces
http://www.spoj.com/problems/FLING1/,FLING1,SPOJ
http://codeforces.com/problemset/problem/76/E,Points,Codeforces
http://codeforces.com/problemset/problem/203/D,Hit Ball,Codeforces
http://codeforces.com/problemset/problem/234/G,Practice,Codeforces
http://codeforces.com/problemset/problem/39/J,Spelling Check,Codeforces
http://codeforces.com/problemset/problem/306/A,Candies,Codeforces
http://codeforces.com/problemset/problem/44/B,Cola,Codeforces
http://codeforces.com/problemset/problem/317/B,Ants,Codeforces
http://codeforces.com/problemset/problem/689/E,Mike and Geometry Problem,Codeforces
http://www.spoj.com/problems/CUBEROO2/,CUBE ROOT,SPOJ
http://codeforces.com/problemset/problem/540/E,Infinite Inversions,Codeforces
http://codeforces.com/problemset/problem/280/C,Game on Tree,Codeforces
http://codeforces.com/problemset/problem/507/D,The Maths Lecture,Codeforces
http://codeforces.com/problemset/problem/819/B,Mister B and PR Shifts,Codeforces
http://codeforces.com/problemset/problem/550/E,Brackets in Implications,Codeforces
http://codeforces.com/problemset/problem/404/D,Minesweeper 1D,Codeforces
http://codeforces.com/problemset/problem/85/D,Sum of Medians,Codeforces
http://codeforces.com/problemset/problem/77/A,Heroes,Codeforces
http://codeforces.com/problemset/problem/48/B,Land Lot,Codeforces
http://codeforces.com/problemset/problem/490/E,Restoring Increasing Sequence,Codeforces
http://codeforces.com/problemset/problem/44/C,Holidays,Codeforces
http://codeforces.com/problemset/problem/520/D,Cubes,Codeforces
http://codeforces.com/problemset/problem/552/E,Vanya and Brackets,Codeforces
http://www.spoj.com/problems/PLAHTE/,PLAHTE,SPOJ
http://codeforces.com/problemset/problem/285/D,Permutation Sum,Codeforces
http://codeforces.com/problemset/problem/290/C,WTF?,Codeforces
http://codeforces.com/problemset/problem/639/C,Bear and Polynomials,Codeforces
http://codeforces.com/problemset/problem/65/A,Harry Potter and Three Spells,Codeforces
http://codeforces.com/problemset/problem/175/B,Plane of Tanks: Pro,Codeforces
http://codeforces.com/problemset/problem/524/A,????????, ?? ?????? ???? ??????,Codeforces
http://codeforces.com/problemset/problem/31/C,Schedule,Codeforces
http://codeforces.com/problemset/problem/168/B,Wizards and Minimal Spell,Codeforces
http://codeforces.com/problemset/problem/250/B,Restoring IPv6,Codeforces
http://codeforces.com/problemset/problem/491/A,Up the hill,Codeforces
http://codeforces.com/problemset/problem/24/B,F1 Champions,Codeforces
http://codeforces.com/problemset/problem/417/B,Crash,Codeforces
http://codeforces.com/problemset/problem/139/B,Wallpaper,Codeforces
http://codeforces.com/problemset/problem/63/C,Bulls and Cows,Codeforces
http://codeforces.com/problemset/problem/358/C,Dima and Containers,Codeforces
http://codeforces.com/problemset/problem/172/C,Bus,Codeforces
http://codeforces.com/problemset/problem/180/F,Mathematical Analysis Rocks!,Codeforces
http://codeforces.com/problemset/problem/333/D,Characteristics of Rectangles,Codeforces
http://codeforces.com/problemset/problem/29/B,Traffic Lights,Codeforces
http://codeforces.com/problemset/problem/448/E,Divisors,Codeforces
http://codeforces.com/problemset/problem/125/B,Simple XML,Codeforces
http://codeforces.com/problemset/problem/848/B,Rooter's Song,Codeforces
http://codeforces.com/problemset/problem/239/B,Easy Tape Programming,Codeforces
http://codeforces.com/problemset/problem/105/A,Transmigration,Codeforces
http://codeforces.com/problemset/problem/65/B,Harry Potter and the History of Magic,Codeforces
http://codeforces.com/problemset/problem/234/D,Cinema,Codeforces
http://codeforces.com/problemset/problem/303/B,Rectangle Puzzle II,Codeforces
http://codeforces.com/problemset/problem/386/B,Fly, freebies, fly!,Codeforces
http://codeforces.com/problemset/problem/461/C,Appleman and a Sheet of Paper,Codeforces
http://codeforces.com/problemset/problem/662/D,International Olympiad,Codeforces
http://codeforces.com/problemset/problem/255/D,Mr. Bender and Square,Codeforces
http://codeforces.com/problemset/problem/62/B,Tyndex.Brome,Codeforces
http://codeforces.com/problemset/problem/411/B,Multi-core Processor,Codeforces
http://codeforces.com/problemset/problem/10/B,Cinema Cashier,Codeforces
http://codeforces.com/problemset/problem/67/A,Partial Teacher,Codeforces
http://codeforces.com/problemset/problem/140/B,New Year Cards,Codeforces
http://codeforces.com/problemset/problem/286/C,Main Sequence,Codeforces
http://codeforces.com/problemset/problem/222/C,Reducing Fractions,Codeforces
http://codeforces.com/problemset/problem/703/C,Chris and Road,Codeforces
http://codeforces.com/problemset/problem/331/A1,Oh Sweet Beaverette,Codeforces
http://codeforces.com/problemset/problem/356/C,Compartments,Codeforces
http://codeforces.com/problemset/problem/362/C,Insertion Sort,Codeforces
http://codeforces.com/problemset/problem/39/H,Multiplication Table,Codeforces
p?ID=258,Polygon,A2 Online Judge
http://codeforces.com/problemset/problem/95/A,Hockey,Codeforces
http://codeforces.com/problemset/problem/653/C,Bear and Up-Down,Codeforces
http://codeforces.com/problemset/problem/251/B,Playing with Permutations,Codeforces
http://codeforces.com/problemset/problem/88/B,Keyboard,Codeforces
http://codeforces.com/problemset/problem/51/A,Cheaterius's Problem,Codeforces
http://codeforces.com/problemset/problem/452/D,Washer, Dryer, Folder,Codeforces
http://codeforces.com/problemset/problem/427/E,Police Patrol,Codeforces
http://codeforces.com/problemset/problem/174/B,File List,Codeforces
http://codeforces.com/problemset/problem/30/B,Codeforces World Finals,Codeforces
http://codeforces.com/problemset/problem/84/C,Biathlon,Codeforces
http://codeforces.com/problemset/problem/420/B,Online Meeting,Codeforces
http://codeforces.com/problemset/problem/331/B1,Shave Beaver!,Codeforces
http://codeforces.com/problemset/problem/21/A,Jabber ID,Codeforces
http://codeforces.com/problemset/problem/526/E,Transmitting Levels,Codeforces
http://codeforces.com/problemset/problem/416/D,Population Size,Codeforces
http://codeforces.com/problemset/problem/32/D,Constellation,Codeforces
http://codeforces.com/problemset/problem/558/D,Guess Your Way Out! II,Codeforces
http://codeforces.com/problemset/problem/162/A,Pentagonal numbers,Codeforces
http://codeforces.com/problemset/problem/200/D,Programming Language,Codeforces
http://codeforces.com/problemset/problem/16/D,Logging,Codeforces
http://codeforces.com/problemset/problem/679/C,Bear and Square Grid,Codeforces
http://codeforces.com/problemset/problem/42/B,Game of chess unfinished,Codeforces
http://codeforces.com/problemset/problem/5/D,Follow Traffic Rules,Codeforces
http://codeforces.com/problemset/problem/641/D,Little Artem and Random Variable,Codeforces
http://codeforces.com/problemset/problem/130/A,Hexagonal numbers,Codeforces
http://codeforces.com/problemset/problem/420/C,Bug in Code,Codeforces
http://www.spoj.com/problems/WITTY/,THE N WITTY FRIENDS,SPOJ
http://codeforces.com/problemset/problem/87/B,Vasya and Types,Codeforces
http://codeforces.com/problemset/problem/195/C,Try and Catch,Codeforces
http://codeforces.com/problemset/problem/21/B,Intersection,Codeforces
http://codeforces.com/problemset/problem/57/B,Martian Architecture,Codeforces
http://codeforces.com/problemset/problem/28/A,Bender Problem,Codeforces
http://codeforces.com/problemset/problem/878/B,Teams Formation,Codeforces
http://codeforces.com/problemset/problem/46/D,Parking Lot,Codeforces
http://codeforces.com/problemset/problem/328/A,IQ Test,Codeforces
http://codeforces.com/problemset/problem/616/E,Sum of Remainders,Codeforces
http://codeforces.com/problemset/problem/39/F,Pacifist frogs,Codeforces
http://acm.timus.ru/problem.aspx?space=1&num=1345,HTML,Timus
http://codeforces.com/problemset/problem/225/D,Snake,Codeforces
http://codeforces.com/problemset/problem/35/B,Warehouse,Codeforces
http://codeforces.com/problemset/problem/120/G,Boom,Codeforces
http://codeforces.com/problemset/problem/66/C,Petya and File System,Codeforces
http://codeforces.com/problemset/problem/37/B,Computer Game,Codeforces
http://codeforces.com/problemset/problem/286/B,Shifting,Codeforces
http://codeforces.com/problemset/problem/412/E,E-mail Addresses,Codeforces
http://codeforces.com/problemset/problem/754/C,Vladik and chat,Codeforces
http://codeforces.com/problemset/problem/441/D,Valera and Swaps,Codeforces
http://codeforces.com/problemset/problem/119/B,Before Exam,Codeforces
http://codeforces.com/problemset/problem/43/D,Journey,Codeforces
http://codeforces.com/problemset/problem/245/F,Log Stream Analysis,Codeforces
http://codeforces.com/problemset/problem/397/B,On Corruption and Numbers,Codeforces
http://codeforces.com/problemset/problem/175/C,Geometry Horse,Codeforces
http://codeforces.com/problemset/problem/784/F,Crunching Numbers Just for You,Codeforces
http://codeforces.com/problemset/problem/31/D,Chocolate,Codeforces
http://codeforces.com/problemset/problem/49/D,Game,Codeforces
http://codeforces.com/problemset/problem/24/C,Sequence of points,Codeforces
http://codeforces.com/problemset/problem/106/D,Treasure Island,Codeforces
http://codeforces.com/problemset/problem/98/A,Help Victoria the Wise,Codeforces
http://codeforces.com/problemset/problem/390/B,Inna, Dima and Song,Codeforces
http://codeforces.com/problemset/problem/53/B,Blog Photo,Codeforces
http://codeforces.com/problemset/problem/407/C,Curious Array,Codeforces
http://codeforces.com/problemset/problem/75/D,Big Maximum Sum,Codeforces
http://codeforces.com/problemset/problem/398/A,Cards,Codeforces
http://codeforces.com/problemset/problem/234/E,Champions' League,Codeforces
http://codeforces.com/problemset/problem/36/B,Fractal,Codeforces
http://codeforces.com/problemset/problem/263/C,Circle of Numbers,Codeforces
http://codeforces.com/problemset/problem/137/E,Last Chance,Codeforces
http://codeforces.com/problemset/problem/255/E,Furlo and Rublo and Game,Codeforces
http://codeforces.com/problemset/problem/382/D,Ksenia and Pawns,Codeforces
http://codeforces.com/problemset/problem/411/C,Kicker,Codeforces
http://codeforces.com/problemset/problem/706/E,Working routine,Codeforces
http://codeforces.com/problemset/problem/56/C,Corporation Mail,Codeforces
http://codeforces.com/problemset/problem/171/F,ucyhf,Codeforces
http://codeforces.com/problemset/problem/200/C,Football Championship,Codeforces
http://codeforces.com/problemset/problem/433/D,Nanami's Digital Board,Codeforces
http://acm.timus.ru/problem.aspx?space=1&num=1347,Blog,Timus
http://codeforces.com/problemset/problem/615/E,Hexagons,Codeforces
http://codeforces.com/problemset/problem/555/D,Case of a Top Secret,Codeforces
http://codeforces.com/problemset/problem/391/A,Genetic Engineering,Codeforces
http://codeforces.com/problemset/problem/518/E,Arthur and Questions,Codeforces
http://codeforces.com/problemset/problem/523/B,Mean Requests,Codeforces
http://codeforces.com/problemset/problem/59/D,Team Arrangement,Codeforces
http://codeforces.com/problemset/problem/34/E,Collisions,Codeforces
http://codeforces.com/problemset/problem/383/B,Volcanoes,Codeforces
http://codeforces.com/problemset/problem/89/B,Widget Library,Codeforces
http://codeforces.com/problemset/problem/11/C,How Many Squares?,Codeforces
http://codeforces.com/problemset/problem/13/B,Letter A,Codeforces
http://codeforces.com/problemset/problem/38/D,Vasya the Architect,Codeforces
http://acm.timus.ru/problem.aspx?space=1&num=1543,Dance Revolution,Timus
http://codeforces.com/problemset/problem/54/B,Cutting Jigsaw Puzzle,Codeforces
http://codeforces.com/problemset/problem/248/D,Sweets for Everyone!,Codeforces
http://codeforces.com/problemset/problem/277/C,Game,Codeforces
http://codeforces.com/problemset/problem/204/E,Little Elephant and Strings,Codeforces
http://codeforces.com/problemset/problem/235/E,Number Challenge,Codeforces
http://codeforces.com/problemset/problem/484/C,Strange Sorting,Codeforces
http://codeforces.com/problemset/problem/180/A,Defragmentation,Codeforces
http://codeforces.com/problemset/problem/132/B,Piet,Codeforces
http://codeforces.com/problemset/problem/253/E,Printer,Codeforces
http://codeforces.com/problemset/problem/89/C,Chip Play,Codeforces
http://codeforces.com/problemset/problem/501/E,Misha and Palindrome Degree,Codeforces
http://codeforces.com/problemset/problem/69/C,Game,Codeforces
http://codeforces.com/problemset/problem/130/B,Gnikool Ssalg,Codeforces
http://codeforces.com/problemset/problem/404/E,Maze 1D,Codeforces
http://codeforces.com/problemset/problem/87/D,Beautiful Road,Codeforces
http://codeforces.com/problemset/problem/243/C,Colorado Potato Beetle,Codeforces
http://codeforces.com/problemset/problem/628/E,Zbazi in Zeydabad,Codeforces
http://codeforces.com/problemset/problem/677/E,Vanya and Balloons,Codeforces
http://codeforces.com/problemset/problem/101/C,Vectors,Codeforces
http://codeforces.com/problemset/problem/215/C,Crosses,Codeforces
http://codeforces.com/problemset/problem/366/E,Dima and Magic Guitar,Codeforces
http://codeforces.com/problemset/problem/188/A,Hexagonal Numbers,Codeforces
http://codeforces.com/problemset/problem/226/C,Anniversary,Codeforces
http://codeforces.com/problemset/problem/171/C,A Piece of Cake,Codeforces
http://codeforces.com/problemset/problem/250/E,Mad Joe,Codeforces
http://codeforces.com/problemset/problem/63/E,Sweets Game,Codeforces
http://codeforces.com/problemset/problem/380/B,Sereja and Tree,Codeforces
http://codeforces.com/problemset/problem/241/C,Mirror Box,Codeforces
http://codeforces.com/problemset/problem/47/C,Crossword,Codeforces
http://codeforces.com/problemset/problem/625/D,Finals in arithmetic,Codeforces
http://codeforces.com/problemset/problem/470/A,Crystal Ball Sequence,Codeforces
http://codeforces.com/problemset/problem/7/E,Defining Macros,Codeforces
http://codeforces.com/problemset/problem/611/F,New Year and Cleaning,Codeforces
http://codeforces.com/problemset/problem/370/D,Broken Monitor,Codeforces
http://codeforces.com/problemset/problem/64/A,Factorial,Codeforces
http://codeforces.com/problemset/problem/254/E,Dormitory,Codeforces
http://codeforces.com/problemset/problem/633/H,Fibonacci-ish II,Codeforces
http://codeforces.com/problemset/problem/356/E,Xenia and String Problem,Codeforces
http://codeforces.com/problemset/problem/188/C,LCM,Codeforces
http://codeforces.com/problemset/problem/294/D,Shaass and Painter Robot,Codeforces
http://codeforces.com/problemset/problem/36/C,Bowls,Codeforces
http://codeforces.com/problemset/problem/51/D,Geometrical problem,Codeforces
http://codeforces.com/problemset/problem/212/B,Polycarpus is Looking for Good Substrings,Codeforces
http://br.spoj.com/problems/SAPATEIR/,O Problema do Sapateiro Viajante,SPOJ Brazil
http://codeforces.com/problemset/problem/64/C,Table,Codeforces
http://codeforces.com/problemset/problem/518/F,Pasha and Pipe,Codeforces
http://codeforces.com/problemset/problem/135/D,Cycle,Codeforces
http://codeforces.com/problemset/problem/93/C,Azembler,Codeforces
http://codeforces.com/problemset/problem/71/D,Solitaire,Codeforces
http://codeforces.com/problemset/problem/188/D,Asterisks,Codeforces
http://codeforces.com/problemset/problem/145/D,Lucky Pair,Codeforces
http://codeforces.com/problemset/problem/97/A,Domino,Codeforces
http://codeforces.com/problemset/problem/32/E,Hide-and-Seek,Codeforces
http://codeforces.com/problemset/problem/36/E,Two Paths,Codeforces
http://codeforces.com/problemset/problem/332/E,Binary Key,Codeforces
http://codeforces.com/problemset/problem/200/E,Tractor College,Codeforces
http://codeforces.com/problemset/problem/534/E,Berland Local Positioning System,Codeforces
http://codeforces.com/problemset/problem/394/D,Physical Education and Buns,Codeforces
http://codeforces.com/problemset/problem/100/A,Carpeting the Room,Codeforces
http://codeforces.com/problemset/problem/288/E,Polo the Penguin and Lucky Numbers,Codeforces
http://codeforces.com/problemset/problem/77/D,Domino Carpet,Codeforces
http://codeforces.com/problemset/problem/832/C,Strange Radiation,Codeforces
http://codeforces.com/problemset/problem/188/E,HQ9+,Codeforces
http://codeforces.com/problemset/problem/257/E,Greedy Elevator,Codeforces
http://www.spoj.com/problems/MODULUS2/,BF_MODULUS,SPOJ
http://codeforces.com/problemset/problem/100/B,Friendly Numbers,Codeforces
http://codeforces.com/problemset/problem/386/D,Game with Points,Codeforces
http://codeforces.com/problemset/problem/812/D,Sagheer and Kindergarten,Codeforces
http://codeforces.com/problemset/problem/375/E,Red and Black Tree,Codeforces
http://codeforces.com/problemset/problem/15/D,Map,Codeforces
http://codeforces.com/problemset/problem/188/F,Binary Notation,Codeforces
http://codeforces.com/problemset/problem/72/H,Reverse It!,Codeforces
http://codeforces.com/problemset/problem/101/E,Candies and Stones,Codeforces
http://codeforces.com/problemset/problem/358/E,Dima and Kicks,Codeforces
http://codeforces.com/problemset/problem/173/D,Deputies,Codeforces
http://codeforces.com/problemset/problem/254/D,Rats,Codeforces
http://www.spoj.com/problems/BLOCK_D/,BLOCK_D SOLVER,SPOJ
http://codeforces.com/problemset/problem/81/E,Pairs,Codeforces
http://codeforces.com/problemset/problem/43/E,Race,Codeforces
http://codeforces.com/problemset/problem/105/C,Item World,Codeforces
http://codeforces.com/problemset/problem/70/E,Information Reform,Codeforces
http://codeforces.com/problemset/problem/241/F,Race,Codeforces
http://codeforces.com/problemset/problem/188/B,A + Reverse B,Codeforces
http://codeforces.com/problemset/problem/100/C,A+B,Codeforces
http://codeforces.com/problemset/problem/62/C,Inquisition,Codeforces
http://codeforces.com/problemset/problem/121/D,Lucky Segments,Codeforces
http://codeforces.com/problemset/problem/704/C,Black Widow,Codeforces
http://codeforces.com/problemset/problem/188/G,Array Sorting,Codeforces
http://codeforces.com/problemset/problem/274/E,Mirror Room,Codeforces
http://codeforces.com/problemset/problem/679/D,Bear and Chase,Codeforces
http://codeforces.com/problemset/problem/72/I,Goofy Numbers,Codeforces
http://codeforces.com/problemset/problem/182/A,Battlefield,Codeforces
http://codeforces.com/problemset/problem/113/E,Sleeping,Codeforces
http://codeforces.com/problemset/problem/100/F,Polynom,Codeforces
http://codeforces.com/problemset/problem/105/D,Entertaining Geodetics,Codeforces
http://www.spoj.com/problems/BFREGEX1/,A Kleene Implementation,SPOJ
http://codeforces.com/problemset/problem/100/G,Name the album,Codeforces
http://codeforces.com/problemset/problem/833/D,Red-Black Cobweb,Codeforces
http://codeforces.com/problemset/problem/251/E,Tree and Table,Codeforces
http://codeforces.com/problemset/problem/406/E,Hamming Triples,Codeforces
http://codeforces.com/problemset/problem/238/D,Tape Programming,Codeforces
http://codeforces.com/problemset/problem/585/F,Digits of Number Pi,Codeforces
http://codeforces.com/problemset/problem/188/H,Stack,Codeforces
http://codeforces.com/problemset/problem/374/E,Inna and Babies,Codeforces
http://codeforces.com/problemset/problem/331/D1,Escaping on Beaveractor,Codeforces
http://codeforces.com/problemset/problem/363/E,Two Circles,Codeforces
http://codeforces.com/problemset/problem/472/E,Design Tutorial: Learn from a Game,Codeforces
http://codeforces.com/problemset/problem/100/H,Battleship,Codeforces
http://www.spoj.com/problems/PROBLEM5/,ALIGNSUBTRACT,SPOJ
http://codeforces.com/problemset/problem/280/E,Sequence Transformation,Codeforces
http://codeforces.com/problemset/problem/336/E,Vasily the Bear and Painting Square,Codeforces
http://codeforces.com/problemset/problem/331/D3,Escaping on Beaveractor,Codeforces
http://codeforces.com/problemset/problem/72/B,INI-file,Codeforces
http://codeforces.com/problemset/problem/44/G,Shooting Gallery,Codeforces
http://codeforces.com/problemset/problem/97/D,Robot in Basement,Codeforces
http://codeforces.com/problemset/problem/403/E,Two Rooted Trees,Codeforces
http://codeforces.com/problemset/problem/39/G,Inverse Function,Codeforces
http://codeforces.com/problemset/problem/316/F1,Suns and Rays,Codeforces
http://codeforces.com/problemset/problem/175/F,Gnomes of Might and Magic,Codeforces
http://codeforces.com/problemset/problem/830/E,Perpetual Motion Machine,Codeforces
http://codeforces.com/problemset/problem/331/E1,Deja Vu,Codeforces
http://codeforces.com/problemset/problem/65/E,Harry Potter and Moving Staircases,Codeforces
http://codeforces.com/problemset/problem/316/F3,Suns and Rays,Codeforces
http://codeforces.com/problemset/problem/171/H,A polyline,Codeforces
http://codeforces.com/problemset/problem/117/E,Tree or not Tree,Codeforces
http://codeforces.com/problemset/problem/98/B,Help King,Codeforces
