link,name,judge
http://codeforces.com/problemset/problem/224/A,Parallelepiped,Codeforces
http://codeforces.com/problemset/problem/688/B,Lovely Palindromes,Codeforces
http://codeforces.com/problemset/problem/6/A,Triangle,Codeforces
http://codeforces.com/problemset/problem/519/C,A and B and Team Training,Codeforces
http://codeforces.com/problemset/problem/650/A,Watchmen,Codeforces
http://codeforces.com/problemset/problem/353/A,Domino,Codeforces
http://codeforces.com/problemset/problem/478/A,Initial Bet,Codeforces
http://codeforces.com/problemset/problem/591/A,Wizards' Duel,Codeforces
http://codeforces.com/problemset/problem/520/B,Two Buttons,Codeforces
http://www.spoj.com/problems/PON/,Prime or Not,SPOJ
http://codeforces.com/problemset/problem/546/C,Soldier and Cards,Codeforces
http://codeforces.com/problemset/problem/492/B,Vanya and Lanterns,Codeforces
http://codeforces.com/problemset/problem/401/A,Vanya and Cards,Codeforces
http://codeforces.com/problemset/problem/552/A,Vanya and Table,Codeforces
http://codeforces.com/problemset/problem/84/A,Toy Army,Codeforces
https://www.urionlinejudge.com.br/judge/en/problems/view/1012,Area,URI
https://icpcarchive.ecs.baylor.edu/index.php?option=onlinejudge&page=show_problem&problem=4416,The Large Family,Live Archive
http://codeforces.com/problemset/problem/318/A,Even Odds,Codeforces
http://codeforces.com/problemset/problem/714/A,Meeting of Old Friends,Codeforces
http://codeforces.com/problemset/problem/230/B,T-primes,Codeforces
http://codeforces.com/problemset/problem/552/B,Vanya and Books,Codeforces
http://codeforces.com/problemset/problem/472/A,Design Tutorial: Learn from Math,Codeforces
http://www.spoj.com/problems/IITKWPCN/,Playing With Balls,SPOJ
http://codeforces.com/problemset/problem/1/B,Spreadsheet,Codeforces
http://www.spoj.com/problems/FANCY/,FANCY NUMBERS,SPOJ
http://codeforces.com/problemset/problem/270/A,Fancy Fence,Codeforces
http://codeforces.com/problemset/problem/822/A,I'm bored with life,Codeforces
http://codeforces.com/problemset/problem/588/B,Duff in Love,Codeforces
http://acm.zju.edu.cn/onlinejudge/showProblem.do?problemCode=1492,Maximum Clique,ZOJ
http://codeforces.com/problemset/problem/554/A,Kyoya and Photobooks,Codeforces
https://www.urionlinejudge.com.br/judge/en/problems/view/1010,Simple Calculate,URI
https://www.urionlinejudge.com.br/judge/en/problems/view/1003,Simple Sum,URI
https://www.urionlinejudge.com.br/judge/en/problems/view/1173,Array fill I,URI
http://codeforces.com/problemset/problem/854/A,Fraction,Codeforces
https://www.urionlinejudge.com.br/judge/en/problems/view/1017,Fuel Spent,URI
http://codeforces.com/problemset/problem/379/A,New Year Candles,Codeforces
http://codeforces.com/problemset/problem/576/A,Vasya and Petya's Game,Codeforces
http://codeforces.com/problemset/problem/592/B,The Monster and the Squirrel,Codeforces
https://uva.onlinejudge.org/index.php?option=onlinejudge&page=show_problem&problem=520,Clock Hands,UVA
http://www.spoj.com/problems/CRAN02/,Roommate Agreement,SPOJ
http://codeforces.com/problemset/problem/659/A,Round House,Codeforces
http://codeforces.com/problemset/problem/869/B,The Eternal Immortality,Codeforces
http://codeforces.com/problemset/problem/546/A,Soldier and Bananas,Codeforces
https://www.urionlinejudge.com.br/judge/en/problems/view/1009,Salary with Bonus,URI
p?ID=347,Simple Math,A2 Online Judge
http://codeforces.com/problemset/problem/598/A,Tricky Sum,Codeforces
http://codeforces.com/problemset/problem/514/B,Han Solo and Lazer Gun,Codeforces
http://codeforces.com/problemset/problem/789/A,Anastasia and pebbles,Codeforces
http://acm.tju.edu.cn/toj/showp1208.html,Fibonacci Numbers,TJU
http://codeforces.com/problemset/problem/50/A,Domino piling,Codeforces
http://www.spoj.com/problems/WTK/,Why this kolaveri di,SPOJ
http://codeforces.com/problemset/problem/570/B,Simple Game,Codeforces
http://www.spoj.com/problems/PRIME1/,Prime Generator,SPOJ
http://codeforces.com/problemset/problem/82/A,Double Cola,Codeforces
http://codeforces.com/problemset/problem/92/A,Chips,Codeforces
http://codeforces.com/problemset/problem/327/B,Hungry Sequence,Codeforces
http://codeforces.com/problemset/problem/764/A,Taymyr is calling you,Codeforces
https://www.urionlinejudge.com.br/judge/en/problems/view/1015,Distance Between Two Points,URI
http://codeforces.com/problemset/problem/9/A,Die Roll,Codeforces
http://codeforces.com/problemset/problem/610/A,Pasha and Stick,Codeforces
http://codeforces.com/problemset/problem/624/A,Save Luke,Codeforces
http://codeforces.com/problemset/problem/787/A,The Monster,Codeforces
http://codeforces.com/problemset/problem/124/A,The number of positions,Codeforces
https://uva.onlinejudge.org/index.php?option=onlinejudge&page=show_problem&problem=947,Carmichael Numbers,UVA
p?ID=344,Add Two numbers,A2 Online Judge
http://www.spoj.com/problems/GAMES/,HOW MANY GAMES,SPOJ
http://codeforces.com/problemset/problem/617/A,Elephant,Codeforces
http://codeforces.com/problemset/problem/630/C,Lucky Numbers,Codeforces
http://codeforces.com/problemset/problem/233/A,Perfect Permutation,Codeforces
https://icpcarchive.ecs.baylor.edu/index.php?option=onlinejudge&page=show_problem&problem=2056,Bachelor Arithmetic,Live Archive
https://www.urionlinejudge.com.br/judge/en/problems/view/1007,Difference,URI
http://codeforces.com/problemset/problem/515/A,Drazil and Date,Codeforces
http://codeforces.com/problemset/problem/268/B,Buttons,Codeforces
http://codeforces.com/problemset/problem/4/A,Watermelon,Codeforces
http://codeforces.com/problemset/problem/294/A,Shaass and Oskols,Codeforces
http://codeforces.com/problemset/problem/189/A,Cut Ribbon,Codeforces
http://codeforces.com/problemset/problem/664/A,Complicated GCD,Codeforces
http://codeforces.com/problemset/problem/550/C,Divisibility by Eight,Codeforces
http://codeforces.com/problemset/problem/478/B,Random Teams,Codeforces
https://uva.onlinejudge.org/index.php?option=onlinejudge&page=show_problem&problem=260,Factorial Frequencies,UVA
https://www.urionlinejudge.com.br/judge/en/problems/view/1019,Time Conversion,URI
p?ID=346,Add them twice,A2 Online Judge
http://codeforces.com/problemset/problem/456/B,Fedya and Maths,Codeforces
http://codeforces.com/problemset/problem/749/A,Bachgold Problem,Codeforces
http://codeforces.com/problemset/problem/200/B,Drinks,Codeforces
http://codeforces.com/problemset/problem/675/A,Infinite Sequence,Codeforces
http://codeforces.com/problemset/problem/230/A,Dragons,Codeforces
p?ID=343,Hello,A2 Online Judge
http://codeforces.com/problemset/problem/620/A,Professor GukiZ's Robot,Codeforces
http://codeforces.com/problemset/problem/69/A,Young Physicist,Codeforces
http://codeforces.com/problemset/problem/148/A,Insomnia cure,Codeforces
http://codeforces.com/problemset/problem/258/A,Little Elephant and Bits,Codeforces
http://codeforces.com/problemset/problem/80/A,Panoramix's Prediction,Codeforces
http://codeforces.com/problemset/problem/476/A,Dreamoon and Stairs,Codeforces
https://www.urionlinejudge.com.br/judge/en/problems/view/1006,Average 2,URI
http://codeforces.com/problemset/problem/389/A,Fox and Number Game,Codeforces
http://codeforces.com/problemset/problem/515/C,Drazil and Factorial,Codeforces
http://codeforces.com/problemset/problem/450/B,Jzzhu and Sequences,Codeforces
http://codeforces.com/problemset/problem/742/A,Arpa’s hard exam and Mehrdad’s naive cheat,Codeforces
http://codeforces.com/problemset/problem/463/B,Caisa and Pylons,Codeforces
http://www.spoj.com/problems/NFACTOR/,N-Factorful,SPOJ
https://uva.onlinejudge.org/index.php?option=onlinejudge&page=show_problem&problem=996,Hashmat the Brave Warrior,UVA
http://codeforces.com/problemset/problem/352/A,Jeff and Digits,Codeforces
http://codeforces.com/problemset/problem/272/A,Dima and Friends,Codeforces
http://codeforces.com/problemset/problem/507/B,Amr and Pins,Codeforces
http://codeforces.com/problemset/problem/559/A,Gerald's Hexagon,Codeforces
http://codeforces.com/problemset/problem/479/A,Expression,Codeforces
https://www.urionlinejudge.com.br/judge/en/problems/view/1050,DDD,URI
https://uva.onlinejudge.org/index.php?option=onlinejudge&page=show_problem&problem=2612,Simple Equations,UVA
http://www.spoj.com/problems/VENOM/,Touch of Venom,SPOJ
https://www.urionlinejudge.com.br/judge/en/problems/view/1011,Sphere,URI
https://uva.onlinejudge.org/index.php?option=onlinejudge&page=show_problem&problem=1410,To Carry or not to Carry,UVA
https://uva.onlinejudge.org/index.php?option=onlinejudge&page=show_problem&problem=1081,Prime Distance,UVA
http://codeforces.com/problemset/problem/841/B,Godsend,Codeforces
https://uva.onlinejudge.org/index.php?option=onlinejudge&page=show_problem&problem=2412,GCD,UVA
http://codeforces.com/problemset/problem/584/A,Olesya and Rodion,Codeforces
http://codeforces.com/problemset/problem/513/A,Game,Codeforces
http://codeforces.com/problemset/problem/527/A,Playing with Paper,Codeforces
http://codeforces.com/problemset/problem/1/A,Theatre Square,Codeforces
http://codeforces.com/problemset/problem/496/A,Minimum Difficulty,Codeforces
http://codeforces.com/problemset/problem/114/A,Cifera,Codeforces
http://www.spoj.com/problems/CODEIT03/,Play with Dates,SPOJ
http://codeforces.com/problemset/problem/486/A,Calculating Function,Codeforces
http://codeforces.com/problemset/problem/832/A,Sasha and Sticks,Codeforces
https://uva.onlinejudge.org/index.php?option=onlinejudge&page=show_problem&problem=2113,Relational Operator,UVA
http://codeforces.com/problemset/problem/166/E,Tetrahedron,Codeforces
http://codeforces.com/problemset/problem/476/B,Dreamoon and WiFi,Codeforces
https://www.urionlinejudge.com.br/judge/en/problems/view/1004,Simple Product,URI
http://codeforces.com/problemset/problem/703/B,Mishka and trip,Codeforces
http://codeforces.com/problemset/problem/538/C,Tourist's Notes,Codeforces
http://poj.org/problem?id=3318,Matrix Multiplication,PKU
http://codeforces.com/problemset/problem/515/B,Drazil and His Happy Friends,Codeforces
http://codeforces.com/problemset/problem/891/A,Pride,Codeforces
http://codeforces.com/problemset/problem/9/C,Hexadecimal's Numbers,Codeforces
http://pl.spoj.com/problems/TDBFS/,Searching the Graph,SPOJ Poland
http://codeforces.com/problemset/problem/742/B,Arpa’s obvious problem and Mehrdad’s terrible solution,Codeforces
http://codeforces.com/problemset/problem/282/B,Painting Eggs,Codeforces
http://codeforces.com/problemset/problem/348/A,Mafia,Codeforces
http://codeforces.com/problemset/problem/622/A,Infinite Sequence,Codeforces
http://codeforces.com/problemset/problem/630/J,Divisibility,Codeforces
http://codeforces.com/problemset/problem/312/B,Archer,Codeforces
https://uva.onlinejudge.org/index.php?option=onlinejudge&page=show_problem&problem=1031,Marbles,UVA
http://codeforces.com/problemset/problem/468/A,24 Game,Codeforces
http://codeforces.com/problemset/problem/608/A,Saitama Destroys Hotel,Codeforces
http://codeforces.com/problemset/problem/900/B,Position in Fraction,Codeforces
http://www.spoj.com/problems/GEEKOUNT/,EVEN COUNT,SPOJ
http://codeforces.com/problemset/problem/633/A,Ebony and Ivory,Codeforces
http://codeforces.com/problemset/problem/735/D,Taxes,Codeforces
http://codeforces.com/problemset/problem/143/A,Help Vasilisa the Wise 2,Codeforces
http://codeforces.com/problemset/problem/707/C,Pythagorean Triples,Codeforces
http://codeforces.com/problemset/problem/534/B,Covered Path,Codeforces
http://codeforces.com/problemset/problem/460/B,Little Dima and Equation,Codeforces
http://codeforces.com/problemset/problem/347/B,Fixed Points,Codeforces
http://codeforces.com/problemset/problem/259/B,Little Elephant and Magic Square,Codeforces
http://codeforces.com/problemset/problem/271/B,Prime Matrix,Codeforces
http://codeforces.com/problemset/problem/840/A,Leha and Function,Codeforces
http://codeforces.com/problemset/problem/500/B,New Year Permutation,Codeforces
http://codeforces.com/problemset/problem/490/C,Hacking Cypher,Codeforces
https://uva.onlinejudge.org/index.php?option=onlinejudge&page=show_problem&problem=1935,Simple Addition,UVA
http://codeforces.com/problemset/problem/677/B,Vanya and Food Processor,Codeforces
https://icpcarchive.ecs.baylor.edu/index.php?option=onlinejudge&page=show_problem&problem=1599,Frugal Search,Live Archive
http://codeforces.com/problemset/problem/675/B,Restoring Painting,Codeforces
http://codeforces.com/problemset/problem/343/A,Rational Resistance,Codeforces
http://codeforces.com/problemset/problem/336/A,Vasily the Bear and Triangle,Codeforces
http://codeforces.com/problemset/problem/735/C,Tennis Championship,Codeforces
http://codeforces.com/problemset/problem/546/D,Soldier and Number Game,Codeforces
http://codeforces.com/problemset/problem/165/C,Another Problem on Strings,Codeforces
http://codeforces.com/problemset/problem/667/A,Pouring Rain,Codeforces
http://codeforces.com/problemset/problem/131/B,Opposites Attract,Codeforces
http://codeforces.com/problemset/problem/743/C,Vladik and fractions,Codeforces
http://codeforces.com/problemset/problem/221/A,Little Elephant and Function,Codeforces
http://codeforces.com/problemset/problem/810/A,Straight <<A>>,Codeforces
http://codeforces.com/problemset/problem/376/A,Lever,Codeforces
http://codeforces.com/problemset/problem/598/B,Queries on a String,Codeforces
http://www.spoj.com/problems/GPA1/,GRADE POINT AVERAGE,SPOJ
http://codeforces.com/problemset/problem/500/C,New Year Book Reading,Codeforces
http://codeforces.com/problemset/problem/246/B,Increase and Decrease,Codeforces
http://codeforces.com/problemset/problem/385/B,Bear and Strings,Codeforces
http://codeforces.com/problemset/problem/47/A,Triangular numbers,Codeforces
http://codeforces.com/problemset/problem/821/B,Okabe and Banana Trees,Codeforces
http://codeforces.com/problemset/problem/785/C,Anton and Fairy Tale,Codeforces
http://codeforces.com/problemset/problem/344/B,Simple Molecules,Codeforces
http://acm.tju.edu.cn/toj/showp1987.html,Faulty Odometer,TJU
http://codeforces.com/problemset/problem/346/A,Alice and Bob,Codeforces
http://codeforces.com/problemset/problem/485/A,Factory,Codeforces
http://codeforces.com/problemset/problem/630/D,Hexagons!,Codeforces
http://codeforces.com/problemset/problem/553/A,Kyoya and Colored Balls,Codeforces
http://codeforces.com/problemset/problem/669/A,Little Artem and Presents,Codeforces
http://codeforces.com/problemset/problem/131/C,The World is a Theatre,Codeforces
https://uva.onlinejudge.org/index.php?option=onlinejudge&page=show_problem&problem=882,Permutations,UVA
http://codeforces.com/problemset/problem/296/A,Yaroslav and Permutations,Codeforces
http://codeforces.com/problemset/problem/340/A,The Wall,Codeforces
http://www.spoj.com/problems/PROBLEM4/,PRIMITIVEROOTS,SPOJ
http://codeforces.com/problemset/problem/239/A,Two Bags of Potatoes,Codeforces
https://uva.onlinejudge.org/index.php?option=onlinejudge&page=show_problem&problem=557,Coconuts, Revisited,UVA
http://codeforces.com/problemset/problem/715/A,Plus and Square Root,Codeforces
http://codeforces.com/problemset/problem/582/A,GCD Table,Codeforces
http://codeforces.com/problemset/problem/322/B,Ciel and Flowers,Codeforces
http://codeforces.com/problemset/problem/260/A,Adding Digits,Codeforces
http://www.spoj.com/problems/AZOOZ/,Azooz,SPOJ
http://www.spoj.com/problems/CMIYC/,Catch Me If You Can ,SPOJ
http://codeforces.com/problemset/problem/507/C,Guess Your Way Out!,Codeforces
p?ID=155,Easy Sum-2,A2 Online Judge
http://www.spoj.com/problems/FUNNUMS/,FUN WITH LETTERS,SPOJ
http://codeforces.com/problemset/problem/371/A,K-Periodic Array,Codeforces
http://codeforces.com/problemset/problem/13/A,Numbers,Codeforces
http://codeforces.com/problemset/problem/284/A,Cows and Primitive Roots,Codeforces
http://codeforces.com/problemset/problem/304/A,Pythagorean Theorem II,Codeforces
http://codeforces.com/problemset/problem/769/A,Year of University Entrance,Codeforces
http://codeforces.com/problemset/problem/685/A,Robbers' watch,Codeforces
http://codeforces.com/problemset/problem/359/B,Permutation,Codeforces
http://codeforces.com/problemset/problem/337/B,Routine Problem,Codeforces
http://codeforces.com/problemset/problem/809/A,Do you want a date?,Codeforces
http://codeforces.com/problemset/problem/569/A,Music,Codeforces
http://codeforces.com/problemset/problem/182/D,Common Divisors,Codeforces
http://codeforces.com/problemset/problem/476/C,Dreamoon and Sums,Codeforces
http://codeforces.com/problemset/problem/303/A,Lucky Permutation Triple,Codeforces
https://icpcarchive.ecs.baylor.edu/index.php?option=onlinejudge&page=show_problem&problem=2677,Geometry Problem,Live Archive
http://codeforces.com/problemset/problem/789/B,Masha and geometric depression,Codeforces
http://codeforces.com/problemset/problem/520/C,DNA Alignment,Codeforces
http://codeforces.com/problemset/problem/484/B,Maximum Value,Codeforces
http://codeforces.com/problemset/problem/190/A,Vasya and the Bus,Codeforces
http://codeforces.com/problemset/problem/401/B,Sereja and Contests,Codeforces
http://codeforces.com/problemset/problem/370/A,Rook, Bishop and King,Codeforces
https://uva.onlinejudge.org/index.php?option=onlinejudge&page=show_problem&problem=498,Burger,UVA
http://codeforces.com/problemset/problem/630/B,Moore's Law,Codeforces
http://codeforces.com/problemset/problem/552/C,Vanya and Scales,Codeforces
http://codeforces.com/problemset/problem/449/A,Jzzhu and Chocolate,Codeforces
http://codeforces.com/problemset/problem/2/B,The least round way,Codeforces
http://codeforces.com/problemset/problem/282/C,XOR and OR,Codeforces
http://www.spoj.com/problems/NITHY/,LUCKYNINE,SPOJ
http://codeforces.com/problemset/problem/337/C,Quiz,Codeforces
http://codeforces.com/problemset/problem/195/A,Let's Watch Football,Codeforces
http://codeforces.com/problemset/problem/405/C,Unusual Product,Codeforces
http://www.spoj.com/problems/NDIGITS/,N - DIGIT NUMBERS,SPOJ
http://codeforces.com/problemset/problem/459/C,Pashmak and Buses,Codeforces
http://codeforces.com/problemset/problem/136/B,Ternary Logic,Codeforces
http://codeforces.com/problemset/problem/276/D,Little Girl and Maximum XOR,Codeforces
http://codeforces.com/problemset/problem/86/D,Powerful array,Codeforces
http://codeforces.com/problemset/problem/578/A,A Problem about Polyline,Codeforces
http://codeforces.com/problemset/problem/442/B,Andrey and Problem,Codeforces
http://codeforces.com/problemset/problem/415/B,Mashmokh and Tokens,Codeforces
http://codeforces.com/problemset/problem/633/B,A Trivial Problem,Codeforces
http://codeforces.com/problemset/problem/659/D,Bicycle Race,Codeforces
http://codeforces.com/problemset/problem/568/A,Primes or Palindromes?,Codeforces
http://codeforces.com/problemset/problem/534/C,Polycarpus' Dice,Codeforces
http://codeforces.com/problemset/problem/495/B,Modular Equations,Codeforces
http://codeforces.com/problemset/problem/833/A,The Meaningless Game,Codeforces
http://www.spoj.com/problems/RANGZER2/,ZEROES IN RANGE V2,SPOJ
http://codeforces.com/problemset/problem/11/A,Increasing Sequence,Codeforces
http://codeforces.com/problemset/problem/612/C,Replace To Make Regular Bracket Sequence,Codeforces
http://codeforces.com/problemset/problem/216/A,Tiling with Hexagons,Codeforces
http://codeforces.com/problemset/problem/625/A,Guest From the Past,Codeforces
http://codeforces.com/problemset/problem/371/B,Fox Dividing Cheese,Codeforces
http://codeforces.com/problemset/problem/354/A,Vasya and Robot,Codeforces
http://codeforces.com/problemset/problem/402/A,Nuts,Codeforces
http://codeforces.com/problemset/problem/185/A,Plant,Codeforces
http://codeforces.com/problemset/problem/741/A,Arpa's loud Owf and Mehrdad's evil plan,Codeforces
http://codeforces.com/problemset/problem/233/B,Non-square Equation,Codeforces
http://codeforces.com/problemset/problem/166/C,Median,Codeforces
http://codeforces.com/problemset/problem/17/A,Noldbach problem,Codeforces
http://codeforces.com/problemset/problem/851/B,Arpa and an exam about geometry,Codeforces
http://codeforces.com/problemset/problem/361/B,Levko and Permutation,Codeforces
http://codeforces.com/problemset/problem/103/A,Testing Pants for Sadness,Codeforces
http://codeforces.com/problemset/problem/407/A,Triangle,Codeforces
http://codeforces.com/problemset/problem/369/B,Valera and Contest,Codeforces
http://codeforces.com/problemset/problem/385/C,Bear and Prime Numbers,Codeforces
http://codeforces.com/problemset/problem/140/A,New Year Table,Codeforces
http://codeforces.com/problemset/problem/712/C,Memory and De-Evolution,Codeforces
https://icpcarchive.ecs.baylor.edu/index.php?option=onlinejudge&page=show_problem&problem=2273,Polynomial-time Reductions,Live Archive
http://codeforces.com/problemset/problem/194/A,Exams,Codeforces
http://www.spoj.com/problems/SPIRAL2/,SPIRAL RUN,SPOJ
https://icpcarchive.ecs.baylor.edu/index.php?option=onlinejudge&page=show_problem&problem=154,Simple Arithmetics,Live Archive
http://codeforces.com/problemset/problem/148/D,Bag of mice,Codeforces
http://codeforces.com/problemset/problem/451/C,Predict Outcome of the Game,Codeforces
http://codeforces.com/problemset/problem/466/B,Wonder Room,Codeforces
http://codeforces.com/problemset/problem/362/A,Two Semiknights Meet,Codeforces
http://codeforces.com/problemset/problem/687/B,Remainders Game,Codeforces
http://codeforces.com/problemset/problem/272/B,Dima and Sequence,Codeforces
http://codeforces.com/problemset/problem/286/A,Lucky Permutation,Codeforces
http://codeforces.com/problemset/problem/197/A,Plate Game,Codeforces
http://codeforces.com/problemset/problem/120/C,Winnie-the-Pooh and honey,Codeforces
http://codeforces.com/problemset/problem/869/C,The Intriguing Obsession,Codeforces
http://codeforces.com/problemset/problem/436/B,Om Nom and Spiders,Codeforces
http://codeforces.com/problemset/problem/340/C,Tourist Problem,Codeforces
http://codeforces.com/problemset/problem/559/C,Gerald and Giant Chess,Codeforces
http://codeforces.com/problemset/problem/483/B,Friends and Presents,Codeforces
http://codeforces.com/problemset/problem/248/B,Chilly Willy,Codeforces
http://codeforces.com/problemset/problem/141/B,Hopscotch,Codeforces
http://codeforces.com/problemset/problem/627/A,XOR Equation,Codeforces
http://codeforces.com/problemset/problem/597/A,Divisibility,Codeforces
http://codeforces.com/problemset/problem/513/B2,Permutations,Codeforces
http://codeforces.com/problemset/problem/404/B,Marathon,Codeforces
http://codeforces.com/problemset/problem/842/C,Ilya And The Tree,Codeforces
http://codeforces.com/problemset/problem/424/C,Magic Formulas,Codeforces
http://codeforces.com/problemset/problem/194/B,Square,Codeforces
http://codeforces.com/problemset/problem/90/A,Cableway,Codeforces
http://codeforces.com/problemset/problem/149/C,Division into Teams,Codeforces
http://codeforces.com/problemset/problem/451/D,Count Good Substrings,Codeforces
http://codeforces.com/problemset/problem/197/B,Limit,Codeforces
http://codeforces.com/problemset/problem/70/A,Cookies,Codeforces
http://codeforces.com/problemset/problem/963/A,Alternating Sum,Codeforces
http://codeforces.com/problemset/problem/492/D,Vanya and Computer Game,Codeforces
http://codeforces.com/problemset/problem/267/A,Subtractions,Codeforces
http://codeforces.com/problemset/problem/160/C,Find Pair,Codeforces
http://codeforces.com/problemset/problem/663/A,Rebus,Codeforces
http://codeforces.com/problemset/problem/894/C,Marco and GCD Sequence,Codeforces
http://codeforces.com/problemset/problem/630/K,Indivisibility,Codeforces
http://codeforces.com/problemset/problem/476/D,Dreamoon and Sets,Codeforces
https://uva.onlinejudge.org/index.php?option=onlinejudge&page=show_problem&problem=2173,Cylinder,UVA
http://codeforces.com/problemset/problem/150/B,Quantity of Strings,Codeforces
http://codeforces.com/problemset/problem/215/B,Olympic Medal,Codeforces
http://codeforces.com/problemset/problem/226/A,Flying Saucer Segments,Codeforces
https://uva.onlinejudge.org/index.php?option=onlinejudge&page=show_problem&problem=2229,Weird Fence,UVA
http://codeforces.com/problemset/problem/287/B,Pipeline,Codeforces
http://codeforces.com/problemset/problem/592/C,The Big Race,Codeforces
http://codeforces.com/problemset/problem/198/A,About Bacteria,Codeforces
http://codeforces.com/problemset/problem/689/C,Mike and Chocolate Thieves,Codeforces
http://codeforces.com/problemset/problem/71/B,Progress Bar,Codeforces
http://codeforces.com/problemset/problem/353/C,Find Maximum,Codeforces
http://codeforces.com/problemset/problem/257/C,View Angle,Codeforces
http://codeforces.com/problemset/problem/321/A,Ciel and Robot,Codeforces
http://codeforces.com/problemset/problem/552/D,Vanya and Triangles,Codeforces
http://codeforces.com/problemset/problem/599/D,Spongebob and Squares,Codeforces
http://codeforces.com/problemset/problem/62/A,A Student's Dream,Codeforces
http://codeforces.com/problemset/problem/359/D,Pair of Numbers,Codeforces
http://codeforces.com/problemset/problem/645/B,Mischievous Mess Makers,Codeforces
http://codeforces.com/problemset/problem/351/A,Jeff and Rounding,Codeforces
http://codeforces.com/problemset/problem/195/B,After Training,Codeforces
http://codeforces.com/problemset/problem/405/D,Toy Sum,Codeforces
http://codeforces.com/problemset/problem/711/D,Directed Roads,Codeforces
http://codeforces.com/problemset/problem/83/A,Magical Array,Codeforces
http://codeforces.com/problemset/problem/92/B,Binary Number,Codeforces
http://www.spoj.com/problems/FACENEMY/,Face the mate,SPOJ
http://codeforces.com/problemset/problem/327/C,Magic Five,Codeforces
http://codeforces.com/problemset/problem/214/B,Hometask,Codeforces
http://codeforces.com/problemset/problem/581/D,Three Logos,Codeforces
http://codeforces.com/problemset/problem/112/B,Petya and Square,Codeforces
http://codeforces.com/problemset/problem/510/D,Fox And Jumping,Codeforces
http://codeforces.com/problemset/problem/444/A,DZY Loves Physics,Codeforces
http://codeforces.com/problemset/problem/71/C,Round Table Knights,Codeforces
http://codeforces.com/problemset/problem/535/C,Tavas and Karafs,Codeforces
http://codeforces.com/problemset/problem/148/B,Escape,Codeforces
http://codeforces.com/problemset/problem/375/A,Divisible by Seven,Codeforces
http://codeforces.com/problemset/problem/189/B,Counting Rhombi,Codeforces
http://codeforces.com/problemset/problem/120/A,Elevator,Codeforces
http://codeforces.com/problemset/problem/894/B,Ralph And His Magic Field,Codeforces
http://codeforces.com/problemset/problem/700/A,As Fast As Possible,Codeforces
http://codeforces.com/problemset/problem/400/C,Inna and Huge Candy Matrix,Codeforces
http://codeforces.com/problemset/problem/630/N,Forecast,Codeforces
http://codeforces.com/problemset/problem/471/C,MUH and House of Cards,Codeforces
http://codeforces.com/problemset/problem/615/D,Multipliers,Codeforces
http://codeforces.com/problemset/problem/1/C,Ancient Berland Circus,Codeforces
http://codeforces.com/problemset/problem/154/B,Colliders,Codeforces
http://codeforces.com/problemset/problem/595/B,Pasha and Phone,Codeforces
http://codeforces.com/problemset/problem/269/A,Magical Boxes,Codeforces
http://codeforces.com/problemset/problem/80/B,Depression,Codeforces
http://codeforces.com/problemset/problem/87/A,Trains,Codeforces
http://codeforces.com/problemset/problem/108/B,Datatypes,Codeforces
http://codeforces.com/problemset/problem/55/A,Flea travel,Codeforces
http://codeforces.com/problemset/problem/66/D,Petya and His Friends,Codeforces
http://codeforces.com/problemset/problem/30/A,Accounting,Codeforces
http://codeforces.com/problemset/problem/201/A,Clear Symmetry,Codeforces
http://codeforces.com/problemset/problem/533/C,Board Game,Codeforces
http://codeforces.com/problemset/problem/238/A,Not Wool Sequences,Codeforces
http://codeforces.com/problemset/problem/20/B,Equation,Codeforces
http://codeforces.com/problemset/problem/40/A,Find Color,Codeforces
http://codeforces.com/problemset/problem/7/C,Line,Codeforces
https://uva.onlinejudge.org/index.php?option=onlinejudge&page=show_problem&problem=3891,Careful teacher,UVA
http://codeforces.com/problemset/problem/135/B,Rectangle and Square,Codeforces
http://codeforces.com/problemset/problem/353/B,Two Heaps,Codeforces
http://codeforces.com/problemset/problem/272/D,Dima and Two Sequences,Codeforces
http://codeforces.com/problemset/problem/109/C,Lucky Tree,Codeforces
http://codeforces.com/problemset/problem/340/E,Iahub and Permutations,Codeforces
http://codeforces.com/problemset/problem/566/F,Clique in the Divisibility Graph,Codeforces
http://codeforces.com/problemset/problem/94/B,Friends,Codeforces
http://codeforces.com/problemset/problem/785/D,Anton and School - 2,Codeforces
http://codeforces.com/problemset/problem/14/C,Four Segments,Codeforces
http://codeforces.com/problemset/problem/388/B,Fox and Minimal path,Codeforces
http://codeforces.com/problemset/problem/305/B,Continued Fractions,Codeforces
http://codeforces.com/problemset/problem/319/A,Malek Dance Club,Codeforces
http://codeforces.com/problemset/problem/142/A,Help Farmer,Codeforces
http://codeforces.com/problemset/problem/79/B,Colorful Field,Codeforces
https://www.urionlinejudge.com.br/judge/en/problems/view/2063,Hunting Digletts,URI
http://codeforces.com/problemset/problem/359/C,Prime Number,Codeforces
http://codeforces.com/problemset/problem/117/A,Elevator,Codeforces
http://codeforces.com/problemset/problem/549/H,Degenerate Matrix,Codeforces
http://codeforces.com/problemset/problem/316/A2,Special Task,Codeforces
http://codeforces.com/problemset/problem/501/D,Misha and Permutations Summation,Codeforces
http://codeforces.com/problemset/problem/509/E,Pretty Song,Codeforces
http://codeforces.com/problemset/problem/839/D,Winter is here,Codeforces
http://codeforces.com/problemset/problem/475/D,CGCDSSQ,Codeforces
http://codeforces.com/problemset/problem/571/A,Lengthening Sticks,Codeforces
http://codeforces.com/problemset/problem/173/A,Rock-Paper-Scissors,Codeforces
http://codeforces.com/problemset/problem/557/D,Vitaly and Cycle,Codeforces
http://codeforces.com/problemset/problem/490/D,Chocolate,Codeforces
https://icpcarchive.ecs.baylor.edu/index.php?option=onlinejudge&page=show_problem&problem=2028,Expensive Drink,Live Archive
http://codeforces.com/problemset/problem/118/C,Fancy Number,Codeforces
http://codeforces.com/problemset/problem/288/C,Polo the Penguin and XOR operation,Codeforces
http://codeforces.com/problemset/problem/125/A,Measuring Lengths in Baden,Codeforces
http://codeforces.com/problemset/problem/526/C,Om Nom and Candies,Codeforces
http://www.spoj.com/problems/NARYTREE/,N-ARY TREE,SPOJ
http://codeforces.com/problemset/problem/417/A,Elimination,Codeforces
http://codeforces.com/problemset/problem/633/D,Fibonacci-ish,Codeforces
http://codeforces.com/problemset/problem/568/B,Symmetric and Transitive,Codeforces
http://codeforces.com/problemset/problem/38/B,Chess,Codeforces
http://codeforces.com/problemset/problem/546/E,Soldier and Traveling,Codeforces
http://codeforces.com/problemset/problem/373/B,Making Sequences is Fun,Codeforces
http://codeforces.com/problemset/problem/603/B,Moodular Arithmetic,Codeforces
http://codeforces.com/problemset/problem/590/B,Chip 'n Dale Rescue Rangers,Codeforces
http://codeforces.com/problemset/problem/433/C,Ryouko's Memory Note,Codeforces
http://codeforces.com/problemset/problem/11/B,Jumping Jack,Codeforces
http://codeforces.com/problemset/problem/77/B,Falling Anvils,Codeforces
https://icpcarchive.ecs.baylor.edu/index.php?option=onlinejudge&page=show_problem&problem=2654,Array Game,Live Archive
http://codeforces.com/problemset/problem/356/B,Xenia and Hamming,Codeforces
http://codeforces.com/problemset/problem/402/D,Upgrading Array,Codeforces
http://codeforces.com/problemset/problem/895/C,Square Subsets,Codeforces
http://codeforces.com/problemset/problem/49/B,Sum,Codeforces
http://codeforces.com/problemset/problem/547/A,Mike and Frog,Codeforces
http://codeforces.com/problemset/problem/553/B,Kyoya and Permutation,Codeforces
http://codeforces.com/problemset/problem/486/D,Valid Sets,Codeforces
http://codeforces.com/problemset/problem/39/D,Cubical Planet,Codeforces
https://icpcarchive.ecs.baylor.edu/index.php?option=onlinejudge&page=show_problem&problem=345,Parallel Expectations,Live Archive
http://codeforces.com/problemset/problem/711/E,ZS and The Birthday Paradox,Codeforces
http://codeforces.com/problemset/problem/41/E,3-cycles,Codeforces
http://codeforces.com/problemset/problem/632/D,Longest Subsequence,Codeforces
http://codeforces.com/problemset/problem/251/B,Playing with Permutations,Codeforces
http://www.spoj.com/problems/DIE4MARK/,ANYTHING FOR ATTENDANCE,SPOJ
http://codeforces.com/problemset/problem/662/D,International Olympiad,Codeforces
http://codeforces.com/problemset/problem/325/B,Stadium and Games,Codeforces
http://codeforces.com/problemset/problem/261/B,Maxim and Restaurant,Codeforces
http://codeforces.com/problemset/problem/81/C,Average Score,Codeforces
http://codeforces.com/problemset/problem/486/E,LIS of Sequence,Codeforces
http://codeforces.com/problemset/problem/538/E,Demiurges Play Again,Codeforces
http://codeforces.com/problemset/problem/362/C,Insertion Sort,Codeforces
p?ID=310,Prizes,A2 Online Judge
http://codeforces.com/problemset/problem/57/C,Array,Codeforces
http://codeforces.com/problemset/problem/32/C,Flea,Codeforces
http://www.spoj.com/problems/CUBEROO2/,CUBE ROOT,SPOJ
http://codeforces.com/problemset/problem/413/C,Jeopardy!,Codeforces
http://codeforces.com/problemset/problem/180/F,Mathematical Analysis Rocks!,Codeforces
http://codeforces.com/problemset/problem/23/B,Party,Codeforces
http://codeforces.com/problemset/problem/232/B,Table,Codeforces
http://codeforces.com/problemset/problem/201/B,Guess That Car!,Codeforces
p?ID=292,Functions,A2 Online Judge
http://codeforces.com/problemset/problem/427/E,Police Patrol,Codeforces
http://codeforces.com/problemset/problem/815/B,Karen and Test,Codeforces
http://codeforces.com/problemset/problem/452/C,Magic Trick,Codeforces
https://icpcarchive.ecs.baylor.edu/index.php?option=onlinejudge&page=show_problem&problem=4205,Collision Detection,Live Archive
http://codeforces.com/problemset/problem/382/B,Number Busters,Codeforces
http://codeforces.com/problemset/problem/303/B,Rectangle Puzzle II,Codeforces
http://codeforces.com/problemset/problem/538/F,A Heap of Heaps,Codeforces
http://codeforces.com/problemset/problem/520/E,Pluses everywhere,Codeforces
http://codeforces.com/problemset/problem/492/E,Vanya and Field,Codeforces
http://www.spoj.com/problems/CHOCLATE/,CHOCOLATES,SPOJ
http://codeforces.com/problemset/problem/255/D,Mr. Bender and Square,Codeforces
http://codeforces.com/problemset/problem/145/C,Lucky Subsequence,Codeforces
http://codeforces.com/problemset/problem/257/D,Sum,Codeforces
http://codeforces.com/problemset/problem/372/C,Watching Fireworks is Fun,Codeforces
http://codeforces.com/problemset/problem/203/D,Hit Ball,Codeforces
http://codeforces.com/problemset/problem/73/A,The Elder Trolls IV: Oblivon,Codeforces
http://codeforces.com/problemset/problem/431/D,Random Task,Codeforces
http://codeforces.com/problemset/problem/266/C,Below the Diagonal,Codeforces
p?ID=291,Fibonacci 2.0,A2 Online Judge
http://codeforces.com/problemset/problem/76/E,Points,Codeforces
http://codeforces.com/problemset/problem/83/B,Doctor,Codeforces
http://codeforces.com/problemset/problem/139/B,Wallpaper,Codeforces
http://codeforces.com/problemset/problem/280/C,Game on Tree,Codeforces
http://codeforces.com/problemset/problem/900/D,Unusual Sequences,Codeforces
http://codeforces.com/problemset/problem/336/B,Vasily the Bear and Fly,Codeforces
http://www.spoj.com/problems/GAMARENA/,GAMING ARENA,SPOJ
https://www.urionlinejudge.com.br/judge/en/problems/view/2683,Design Space,URI
http://codeforces.com/problemset/problem/223/C,Partial Sums,Codeforces
http://codeforces.com/problemset/problem/65/A,Harry Potter and Three Spells,Codeforces
http://codeforces.com/problemset/problem/551/D,GukiZ and Binary Operations,Codeforces
http://codeforces.com/problemset/problem/174/A,Problem About Equation,Codeforces
http://www.spoj.com/problems/RANGEZER/,ZEROES IN RANGE,SPOJ
http://codeforces.com/problemset/problem/229/C,Triangles,Codeforces
http://codeforces.com/problemset/problem/457/A,Golden System,Codeforces
http://codeforces.com/problemset/problem/126/A,Hot Bath,Codeforces
http://codeforces.com/problemset/problem/639/C,Bear and Polynomials,Codeforces
http://codeforces.com/problemset/problem/346/C,Number Transformation II,Codeforces
http://codeforces.com/problemset/problem/258/C,Little Elephant and LCM,Codeforces
http://codeforces.com/problemset/problem/185/B,Mushroom Scientists,Codeforces
http://codeforces.com/problemset/problem/630/E,A rectangle,Codeforces
http://codeforces.com/problemset/problem/235/B,Let's Play Osu!,Codeforces
http://codeforces.com/problemset/problem/18/B,Platforms,Codeforces
http://codeforces.com/problemset/problem/75/D,Big Maximum Sum,Codeforces
http://codeforces.com/problemset/problem/300/E,Empire Strikes Back,Codeforces
http://codeforces.com/problemset/problem/134/B,Pairs of Numbers,Codeforces
http://codeforces.com/problemset/problem/407/C,Curious Array,Codeforces
http://codeforces.com/problemset/problem/615/E,Hexagons,Codeforces
http://codeforces.com/problemset/problem/217/B,Blackboard Fibonacci,Codeforces
http://codeforces.com/problemset/problem/49/C,Disposition,Codeforces
http://codeforces.com/problemset/problem/830/C,Bamboo Partition,Codeforces
http://codeforces.com/problemset/problem/676/E,The Last Fight Between Human and AI,Codeforces
http://codeforces.com/problemset/problem/895/D,String Mark,Codeforces
http://codeforces.com/problemset/problem/509/D,Restoring Numbers,Codeforces
http://codeforces.com/problemset/problem/123/B,Squares,Codeforces
http://codeforces.com/problemset/problem/439/E,Devu and Birthday Celebration,Codeforces
http://codeforces.com/problemset/problem/616/E,Sum of Remainders,Codeforces
http://codeforces.com/problemset/problem/86/A,Reflection,Codeforces
http://codeforces.com/problemset/problem/371/E,Subway Innovation,Codeforces
http://codeforces.com/problemset/problem/641/D,Little Artem and Random Variable,Codeforces
http://codeforces.com/problemset/problem/261/C,Maxim and Matrix,Codeforces
http://codeforces.com/problemset/problem/555/D,Case of a Top Secret,Codeforces
http://codeforces.com/problemset/problem/575/B,Bribes,Codeforces
http://codeforces.com/problemset/problem/21/B,Intersection,Codeforces
http://codeforces.com/problemset/problem/40/B,Repaintings,Codeforces
http://www.spoj.com/problems/TAPS/,The Water Taps,SPOJ
http://codeforces.com/problemset/problem/76/D,Plus and xor,Codeforces
http://codeforces.com/problemset/problem/468/C,Hack it!,Codeforces
http://codeforces.com/problemset/problem/15/B,Laser,Codeforces
http://codeforces.com/problemset/problem/630/M,Turn,Codeforces
http://codeforces.com/problemset/problem/396/B,On Sum of Fractions,Codeforces
http://codeforces.com/problemset/problem/303/C,Minimum Modular,Codeforces
http://codeforces.com/problemset/problem/255/E,Furlo and Rublo and Game,Codeforces
http://codeforces.com/problemset/problem/268/E,Playlist,Codeforces
http://codeforces.com/problemset/problem/397/B,On Corruption and Numbers,Codeforces
http://codeforces.com/problemset/problem/5/D,Follow Traffic Rules,Codeforces
http://codeforces.com/problemset/problem/204/C,Little Elephant and Furik and Rubik,Codeforces
https://icpcarchive.ecs.baylor.edu/index.php?option=onlinejudge&page=show_problem&problem=1025,Powers,Live Archive
http://codeforces.com/problemset/problem/195/D,Analyzing Polyline,Codeforces
http://codeforces.com/problemset/problem/54/C,First Digit Law,Codeforces
http://codeforces.com/problemset/problem/24/C,Sequence of points,Codeforces
http://codeforces.com/problemset/problem/626/E,Simple Skewness,Codeforces
http://codeforces.com/problemset/problem/542/C,Idempotent functions,Codeforces
http://codeforces.com/problemset/problem/417/E,Square Table,Codeforces
http://codeforces.com/problemset/problem/336/D,Vasily the Bear and Beautiful Strings,Codeforces
http://codeforces.com/problemset/problem/662/C,Binary Table,Codeforces
http://codeforces.com/problemset/problem/621/D,Rat Kwesh and Cheese,Codeforces
http://codeforces.com/problemset/problem/392/A,Blocked Points,Codeforces
p?ID=23,Math Homework,A2 Online Judge
http://codeforces.com/problemset/problem/209/A,Multicolored Marbles,Codeforces
http://codeforces.com/problemset/problem/266/E,More Queries to Array...,Codeforces
http://codeforces.com/problemset/problem/385/E,Bear in the Field,Codeforces
http://codeforces.com/problemset/problem/293/C,Cube Problem,Codeforces
http://codeforces.com/problemset/problem/126/D,Fibonacci Sums,Codeforces
http://codeforces.com/problemset/problem/115/C,Plumber,Codeforces
http://codeforces.com/problemset/problem/258/D,Little Elephant and Broken Sorting,Codeforces
http://codeforces.com/problemset/problem/167/C,Wizards and Numbers,Codeforces
http://codeforces.com/problemset/problem/501/E,Misha and Palindrome Degree,Codeforces
http://codeforces.com/problemset/problem/622/F,The Sum of the k-th Powers,Codeforces
http://codeforces.com/problemset/problem/225/E,Unsolvable,Codeforces
http://codeforces.com/problemset/problem/286/E,Ladies' Shop,Codeforces
http://codeforces.com/problemset/problem/61/C,Capture Valerian,Codeforces
http://codeforces.com/problemset/problem/712/E,Memory and Casinos,Codeforces
http://codeforces.com/problemset/problem/364/D,Ghd,Codeforces
http://codeforces.com/problemset/problem/484/C,Strange Sorting,Codeforces
http://codeforces.com/problemset/problem/193/C,Hamming Distance,Codeforces
http://codeforces.com/problemset/problem/34/E,Collisions,Codeforces
http://codeforces.com/problemset/problem/44/D,Hyperdrive,Codeforces
http://codeforces.com/problemset/problem/183/A,Headquarters,Codeforces
http://codeforces.com/problemset/problem/305/D,Olya and Graph,Codeforces
http://codeforces.com/problemset/problem/283/D,Cows and Cool Sequences,Codeforces
http://codeforces.com/problemset/problem/338/D,GCD Table,Codeforces
http://codeforces.com/problemset/problem/271/E,Three Horses,Codeforces
http://codeforces.com/problemset/problem/283/E,Cow Tennis Tournament,Codeforces
http://codeforces.com/problemset/problem/101/C,Vectors,Codeforces
http://codeforces.com/problemset/problem/366/E,Dima and Magic Guitar,Codeforces
http://codeforces.com/problemset/problem/226/C,Anniversary,Codeforces
http://codeforces.com/problemset/problem/150/C,Smart Cheater,Codeforces
http://codeforces.com/problemset/problem/493/E,Vasya and Polynomial,Codeforces
http://codeforces.com/problemset/problem/48/C,The Race,Codeforces
http://codeforces.com/problemset/problem/309/A,Morning run,Codeforces
p?ID=415,Lannion Visit,A2 Online Judge
http://codeforces.com/problemset/problem/645/F,Cowslip Collections,Codeforces
http://codeforces.com/problemset/problem/285/E,Positions in Permutations,Codeforces
http://codeforces.com/problemset/problem/839/E,Mother of Dragons,Codeforces
http://codeforces.com/problemset/problem/266/D,BerDonalds,Codeforces
http://codeforces.com/problemset/problem/83/D,Numbers,Codeforces
http://codeforces.com/problemset/problem/316/E3,Summer Homework,Codeforces
http://codeforces.com/problemset/problem/216/E,Martian Luck,Codeforces
http://codeforces.com/problemset/problem/311/D,Interval Cubing,Codeforces
http://codeforces.com/problemset/problem/375/E,Red and Black Tree,Codeforces
http://codeforces.com/problemset/problem/603/D,Ruminations on Ruminants,Codeforces
http://codeforces.com/problemset/problem/575/A,Fibonotci,Codeforces
http://codeforces.com/problemset/problem/180/B,Divisibility Rules,Codeforces
http://codeforces.com/problemset/problem/93/E,Lostborn,Codeforces
http://codeforces.com/problemset/problem/332/D,Theft of Blueprints,Codeforces
http://codeforces.com/problemset/problem/542/D,Superhero's Job,Codeforces
http://codeforces.com/problemset/problem/154/D,Flatland Fencing,Codeforces
http://codeforces.com/problemset/problem/809/E,Surprise me!,Codeforces
http://codeforces.com/problemset/problem/78/D,Archer's Shot,Codeforces
http://codeforces.com/problemset/problem/60/E,Mushroom Gnomes,Codeforces
http://codeforces.com/problemset/problem/72/C,Extraordinarily Nice Numbers,Codeforces
http://codeforces.com/problemset/problem/585/E,Present for Vitalik the Philatelist ,Codeforces
http://codeforces.com/problemset/problem/639/E,Bear and Paradox,Codeforces
http://codeforces.com/problemset/problem/185/D,Visit of the Great,Codeforces
http://codeforces.com/problemset/problem/100/I,Rotation,Codeforces
http://codeforces.com/problemset/problem/392/C,Yet Another Number Sequence,Codeforces
http://codeforces.com/problemset/problem/380/D,Sereja and Cinema,Codeforces
http://codeforces.com/problemset/problem/209/B,Pixels,Codeforces
http://codeforces.com/problemset/problem/42/D,Strange town,Codeforces
http://codeforces.com/problemset/problem/249/D,Donkey and Stars,Codeforces
http://codeforces.com/problemset/problem/251/D,Two Sets,Codeforces
http://codeforces.com/problemset/problem/217/D,Bitonix' Patrol,Codeforces
http://codeforces.com/problemset/problem/472/F,Design Tutorial: Change the Goal,Codeforces
http://codeforces.com/problemset/problem/220/D,Little Elephant and Triangle,Codeforces
http://codeforces.com/problemset/problem/460/E,Roland and Rose,Codeforces
http://codeforces.com/problemset/problem/293/D,Ksusha and Square,Codeforces
http://codeforces.com/problemset/problem/188/C,LCM,Codeforces
http://codeforces.com/problemset/problem/589/K,Task processing,Codeforces
http://codeforces.com/problemset/problem/212/C,Cowboys,Codeforces
http://codeforces.com/problemset/problem/241/B,Friends,Codeforces
http://codeforces.com/problemset/problem/167/E,Wizards and Bets,Codeforces
http://codeforces.com/problemset/problem/394/D,Physical Education and Buns,Codeforces
http://codeforces.com/problemset/problem/57/D,Journey,Codeforces
http://codeforces.com/problemset/problem/97/C,Winning Strategy,Codeforces
http://codeforces.com/problemset/problem/48/E,Ivan the Fool VS Gorynych the Dragon,Codeforces
http://codeforces.com/problemset/problem/388/D,Fox and Perfect Sets,Codeforces
http://codeforces.com/problemset/problem/37/D,Lesson Timetable,Codeforces
http://codeforces.com/problemset/problem/86/B,Tetris revisited,Codeforces
http://codeforces.com/problemset/problem/461/D,Appleman and Complicated Task,Codeforces
http://codeforces.com/problemset/problem/64/C,Table,Codeforces
http://codeforces.com/problemset/problem/513/E1,Subarray Cuts,Codeforces
http://codeforces.com/problemset/problem/832/C,Strange Radiation,Codeforces
http://codeforces.com/problemset/problem/117/D,Not Quick Transformation,Codeforces
http://codeforces.com/problemset/problem/50/E,Square Equation Roots,Codeforces
http://codeforces.com/problemset/problem/23/D,Tetragon,Codeforces
http://codeforces.com/problemset/problem/40/C,Berland Square,Codeforces
http://codeforces.com/problemset/problem/316/D3,PE Lesson,Codeforces
http://codeforces.com/problemset/problem/316/E2,Summer Homework,Codeforces
http://codeforces.com/problemset/problem/593/C,Beautiful Function,Codeforces
http://codeforces.com/problemset/problem/193/E,Fibonacci Number,Codeforces
http://codeforces.com/problemset/problem/662/A,Gambling Nim,Codeforces
http://codeforces.com/problemset/problem/321/D,Ciel and Flipboard,Codeforces
http://codeforces.com/problemset/problem/73/E,Morrowindows,Codeforces
http://codeforces.com/problemset/problem/665/F,Four Divisors,Codeforces
http://codeforces.com/problemset/problem/93/D,Flags,Codeforces
http://codeforces.com/problemset/problem/491/B,New York Hotel,Codeforces
http://codeforces.com/problemset/problem/249/E,Endless Matrix,Codeforces
http://codeforces.com/problemset/problem/303/D,Rotatable Number,Codeforces
http://codeforces.com/problemset/problem/288/E,Polo the Penguin and Lucky Numbers,Codeforces
http://codeforces.com/problemset/problem/200/E,Tractor College,Codeforces
http://codeforces.com/problemset/problem/685/C,Optimal Point,Codeforces
http://codeforces.com/problemset/problem/60/D,Savior,Codeforces
http://codeforces.com/problemset/problem/568/D,Sign Posts,Codeforces
http://codeforces.com/problemset/problem/95/D,Horse Races,Codeforces
http://codeforces.com/problemset/problem/891/E,Lust,Codeforces
http://codeforces.com/problemset/problem/446/E,DZY Loves Bridges,Codeforces
http://codeforces.com/problemset/problem/457/E,Flow Optimality,Codeforces
http://codeforces.com/problemset/problem/346/E,Doodle Jump,Codeforces
http://codeforces.com/problemset/problem/497/D,Gears,Codeforces
http://codeforces.com/problemset/problem/549/E,Sasha Circle,Codeforces
http://codeforces.com/problemset/problem/76/C,Mutation,Codeforces
http://codeforces.com/problemset/problem/652/F,Ants on a Circle,Codeforces
http://codeforces.com/problemset/problem/335/E,Counting Skyscrapers,Codeforces
http://codeforces.com/problemset/problem/830/E,Perpetual Motion Machine,Codeforces
http://codeforces.com/problemset/problem/128/E,Birthday,Codeforces
http://codeforces.com/problemset/problem/72/F,Oil,Codeforces
http://codeforces.com/problemset/problem/100/J,Interval Coloring,Codeforces
http://codeforces.com/problemset/problem/109/E,Lucky Interval,Codeforces
http://codeforces.com/problemset/problem/401/E,Olympic Games,Codeforces
http://codeforces.com/problemset/problem/267/C,Berland Traffic,Codeforces
http://community.topcoder.com/stat?c=problem_statement&pm=6077,BigFibonacci,TopCoder
http://codeforces.com/problemset/problem/28/E,DravDe saves the world,Codeforces
http://codeforces.com/problemset/problem/889/E,Mod Mod Mod,Codeforces
http://codeforces.com/problemset/problem/79/E,Security System,Codeforces
http://codeforces.com/problemset/problem/449/E,Jzzhu and Squares,Codeforces
http://codeforces.com/problemset/problem/589/L,Agricultural Archaeology,Codeforces
http://codeforces.com/problemset/problem/468/E,Permanent,Codeforces
http://codeforces.com/problemset/problem/538/G,Berserk Robot ,Codeforces
https://icpcarchive.ecs.baylor.edu/index.php?option=onlinejudge&page=show_problem&problem=1023,Wisdom,Live Archive
http://codeforces.com/problemset/problem/57/E,Chess,Codeforces
http://codeforces.com/problemset/problem/98/E,Help Shrek and Donkey,Codeforces
http://codeforces.com/problemset/problem/113/E,Sleeping,Codeforces
http://codeforces.com/problemset/problem/896/D,Nephren Runs a Cinema,Codeforces
http://codeforces.com/problemset/problem/86/E,Long sequence,Codeforces
http://codeforces.com/problemset/problem/571/E,Geometric Progressions,Codeforces
http://codeforces.com/problemset/problem/406/E,Hamming Triples,Codeforces
http://codeforces.com/problemset/problem/40/D,Interesting Sequence,Codeforces
http://codeforces.com/problemset/problem/329/E,Evil,Codeforces
http://codeforces.com/problemset/problem/848/E,Days of Floral Colours,Codeforces
http://codeforces.com/problemset/problem/446/D,DZY Loves Games,Codeforces
http://codeforces.com/problemset/problem/72/A,Goshtasp, Vishtasp and Eidi,Codeforces
http://codeforces.com/problemset/problem/457/D,Bingo!,Codeforces
http://codeforces.com/problemset/problem/280/E,Sequence Transformation,Codeforces
http://codeforces.com/problemset/problem/100/E,Lamps in a Line,Codeforces
