link,name,judge
http://www.spoj.com/problems/MMMGAME/,M&M Game,SPOJ
http://www.spoj.com/problems/IITKWPCN/,Playing With Balls,SPOJ
http://www.spoj.com/problems/HC/,Happy Coins,SPOJ
http://www.spoj.com/problems/XOINC/,A Coin Game,SPOJ
http://www.spoj.com/problems/QCJ3/,The Game,SPOJ
http://www.spoj.com/problems/FACENEMY/,Face the mate,SPOJ
http://www.spoj.com/problems/NUMGAME/,Number Game,SPOJ
http://www.spoj.com/problems/BNWNIM/,Black and White Nim,SPOJ
http://www.spoj.com/problems/GAMARENA/,GAMING ARENA,SPOJ
