link,name,judge
http://www.spoj.com/problems/BLINNET/,Bytelandian Blingors Network,SPOJ
https://uva.onlinejudge.org/index.php?option=onlinejudge&page=show_problem&problem=183,Calling Circles,UVA
https://uva.onlinejudge.org/index.php?option=onlinejudge&page=show_problem&problem=975,Freckles,UVA
https://uva.onlinejudge.org/index.php?option=onlinejudge&page=show_problem&problem=1040,The Tourist Guide,UVA
http://www.spoj.com/problems/HERDING/,Herding,SPOJ
https://uva.onlinejudge.org/index.php?option=onlinejudge&page=show_problem&problem=475,Frogger,UVA
https://uva.onlinejudge.org/index.php?option=onlinejudge&page=show_problem&problem=1524,Ubiquitous Religions,UVA
https://uva.onlinejudge.org/index.php?option=onlinejudge&page=show_problem&problem=2678,Dark roads,UVA
http://www.spoj.com/problems/CSTREET/,Cobbled streets,SPOJ
https://uva.onlinejudge.org/index.php?option=onlinejudge&page=show_problem&problem=2499,Dominos,UVA
https://uva.onlinejudge.org/index.php?option=onlinejudge&page=show_problem&problem=2267,Dragon of Loowater,UVA
https://uva.onlinejudge.org/index.php?option=onlinejudge&page=show_problem&problem=1549,Friends,UVA
https://uva.onlinejudge.org/index.php?option=onlinejudge&page=show_problem&problem=1541,ACM Contest and Blackout,UVA
http://www.spoj.com/problems/BUGLIFE/,A Bug&#8217;s Life,SPOJ
http://www.spoj.com/problems/BENEFACT/,The Benefactor,SPOJ
p?ID=17,Kids Love Candies,A2 Online Judge
https://uva.onlinejudge.org/index.php?option=onlinejudge&page=show_problem&problem=734,Network Connections,UVA
http://www.spoj.com/problems/TOUR/,Fake tournament,SPOJ
https://uva.onlinejudge.org/index.php?option=onlinejudge&page=show_problem&problem=400,Graph Connectivity,UVA
https://uva.onlinejudge.org/index.php?option=onlinejudge&page=show_problem&problem=1310,Arctic Network,UVA
https://uva.onlinejudge.org/index.php?option=onlinejudge&page=show_problem&problem=849,Re-connecting Computer Sites,UVA
http://www.spoj.com/problems/BOTTOM/,The Bottom of a Graph,SPOJ
http://www.spoj.com/problems/CAPCITY/,Capital City,SPOJ
https://uva.onlinejudge.org/index.php?option=onlinejudge&page=show_problem&problem=2498,Virtual Friends,UVA
https://uva.onlinejudge.org/index.php?option=onlinejudge&page=show_problem&problem=989,Audiophobia,UVA
https://uva.onlinejudge.org/index.php?option=onlinejudge&page=show_problem&problem=1338,Connect the Campus,UVA
https://uva.onlinejudge.org/index.php?option=onlinejudge&page=show_problem&problem=485,Heavy Cargo,UVA
https://uva.onlinejudge.org/index.php?option=onlinejudge&page=show_problem&problem=2737,Money Matters,UVA
http://acm.tju.edu.cn/toj/showp1348.html,Freckles,TJU
https://uva.onlinejudge.org/index.php?option=onlinejudge&page=show_problem&problem=2847,Heavy Cycle Edges,UVA
https://icpcarchive.ecs.baylor.edu/index.php?option=onlinejudge&page=show_problem&problem=4551,Fibonacci Tree,Live Archive
https://uva.onlinejudge.org/index.php?option=onlinejudge&page=show_problem&problem=2938,Come and Go,UVA
http://acm.tju.edu.cn/toj/showp1172.html,Heavy Cargo,TJU
http://www.spoj.com/problems/CORNET/,Corporative Network,SPOJ
https://uva.onlinejudge.org/index.php?option=onlinejudge&page=show_problem&problem=1099,War,UVA
http://www.spoj.com/problems/CHAIN/,Strange Food Chain,SPOJ
https://uva.onlinejudge.org/index.php?option=onlinejudge&page=show_problem&problem=2957,Driving Range,UVA
https://uva.onlinejudge.org/index.php?option=onlinejudge&page=show_problem&problem=1783,Traffic Flow,UVA
http://www.spoj.com/problems/RELINETS/,Reliable Nets,SPOJ
http://acm.tju.edu.cn/toj/showp3499.html,Network,TJU
http://www.spoj.com/problems/KOICOST/,Cost,SPOJ
https://uva.onlinejudge.org/index.php?option=onlinejudge&page=show_problem&problem=3615,IP-TV,UVA
https://uva.onlinejudge.org/index.php?option=onlinejudge&page=show_problem&problem=2169,Transportation system.,UVA
https://uva.onlinejudge.org/index.php?option=onlinejudge&page=show_problem&problem=2833,Airports,UVA
http://acm.tju.edu.cn/toj/showp3518.html,Buy Car,TJU
https://uva.onlinejudge.org/index.php?option=onlinejudge&page=show_problem&problem=1403,Is There A Second Way Left?,UVA
https://uva.onlinejudge.org/index.php?option=onlinejudge&page=show_problem&problem=2870,Lighting Away,UVA
https://uva.onlinejudge.org/index.php?option=onlinejudge&page=show_problem&problem=2757,Expensive subway,UVA
http://acm.tju.edu.cn/toj/showp2288.html,Highways,TJU
https://uva.onlinejudge.org/index.php?option=onlinejudge&page=show_problem&problem=1088,Highways,UVA
https://icpcarchive.ecs.baylor.edu/index.php?option=onlinejudge&page=show_problem&problem=5013,Bus Problem,Live Archive
https://uva.onlinejudge.org/index.php?option=onlinejudge&page=show_problem&problem=1242,Rings and Glue,UVA
https://icpcarchive.ecs.baylor.edu/index.php?option=onlinejudge&page=show_problem&problem=4147,Fix the Pond,Live Archive
http://www.spoj.com/problems/TFRIENDS/,True Friends,SPOJ
https://uva.onlinejudge.org/index.php?option=onlinejudge&page=show_problem&problem=1626,Nature,UVA
https://uva.onlinejudge.org/index.php?option=onlinejudge&page=show_problem&problem=3676,Anti Brute Force Lock,UVA
https://uva.onlinejudge.org/index.php?option=onlinejudge&page=show_problem&problem=3138,Almost Union-Find,UVA
https://uva.onlinejudge.org/index.php?option=onlinejudge&page=show_problem&problem=1248,Killing Aliens in Borg Maze,UVA
http://poj.org/problem?id=3646,The Dragon of Loowater,PKU
http://www.spoj.com/problems/SQDANCE/,Square dance,SPOJ
https://uva.onlinejudge.org/index.php?option=onlinejudge&page=show_problem&problem=3649,Oreon,UVA
https://uva.onlinejudge.org/index.php?option=onlinejudge&page=show_problem&problem=3675,RACING,UVA
http://www.spoj.com/problems/PMATRIX/,Proving Equivalences,SPOJ
http://acm.tju.edu.cn/toj/showp2531.html,Oreon,TJU
http://www.spoj.com/problems/MOWS/,Madrids One Way Streets,SPOJ
https://uva.onlinejudge.org/index.php?option=onlinejudge&page=show_problem&problem=3601,X-Plosives,UVA
http://codeforces.com/problemset/problem/455/C,Civilization,Codeforces
http://www.spoj.com/problems/FATAWY/,Fatawy,SPOJ
https://uva.onlinejudge.org/index.php?option=onlinejudge&page=show_problem&problem=3657,The Bug Sensor Problem,UVA
http://www.spoj.com/problems/MSTS/,Count Minimum Spanning Trees,SPOJ
http://www.spoj.com/problems/ISLHOP/,Island Hopping,SPOJ
https://uva.onlinejudge.org/index.php?option=onlinejudge&page=show_problem&problem=3974,Fix the Pond,UVA
https://uva.onlinejudge.org/index.php?option=onlinejudge&page=show_problem&problem=3785,Hedge Mazes,UVA
https://uva.onlinejudge.org/index.php?option=onlinejudge&page=show_problem&problem=1748,Prim,UVA
https://uva.onlinejudge.org/index.php?option=onlinejudge&page=show_problem&problem=3951,Kingdoms,UVA
http://codeforces.com/problemset/problem/687/D,Dividing Kingdom II,Codeforces
http://codeforces.com/problemset/problem/73/D,FreeDiv,Codeforces
