link,name,judge
http://www.spoj.com/problems/MTOTALF/,Total Flow,SPOJ
http://www.spoj.com/problems/MATCHING/,Fast Maximum Matching,SPOJ
https://icpcarchive.ecs.baylor.edu/index.php?option=onlinejudge&page=show_problem&problem=1563,Remember the A La Mode!,Live Archive
http://poj.org/problem?id=1273,Drainage Ditches,PKU
https://uva.onlinejudge.org/index.php?option=onlinejudge&page=show_problem&problem=761,Internet Bandwidth,UVA
http://www.spoj.com/problems/FASTFLOW/,Fast Maximum Flow,SPOJ
http://www.spoj.com/problems/TAXI/,Taxi,SPOJ
http://www.spoj.com/problems/QUEST4/,Dungeon of Death,SPOJ
http://codeforces.com/problemset/problem/61/A,Ultra-Fast Mathematician,Codeforces
http://www.spoj.com/problems/ACODE/,Alphacode,SPOJ
http://www.spoj.com/problems/POTHOLE/,Potholers,SPOJ
https://icpcarchive.ecs.baylor.edu/index.php?option=onlinejudge&page=show_problem&problem=2260,Dangerous Tunnels,Live Archive
http://acm.tju.edu.cn/toj/showp2842.html,Course,TJU
https://uva.onlinejudge.org/index.php?option=onlinejudge&page=show_problem&problem=1021,Gopher II,UVA
http://www.spoj.com/problems/NETADMIN/,Smart Network Administrator,SPOJ
http://www.spoj.com/problems/ANGELS/,Angels and Devils,SPOJ
https://uva.onlinejudge.org/index.php?option=onlinejudge&page=show_problem&problem=195,Software Allocation,UVA
https://icpcarchive.ecs.baylor.edu/index.php?option=onlinejudge&page=show_problem&problem=2323,Destroying the bus stations,Live Archive
http://www.spoj.com/problems/GREED/,Greedy island,SPOJ
http://www.spoj.com/problems/SCITIES/,Selfish Cities,SPOJ
https://icpcarchive.ecs.baylor.edu/index.php?option=onlinejudge&page=show_problem&problem=3815,Route Redundancy,Live Archive
http://www.spoj.com/problems/EN/,Entrapment,SPOJ
http://www.spoj.com/problems/IM/,Intergalactic Map,SPOJ
http://www.spoj.com/problems/OPTM/,Optimal Marks,SPOJ
http://www.spoj.com/problems/COCONUTS/,Coconuts,SPOJ
https://uva.onlinejudge.org/index.php?option=onlinejudge&page=show_problem&problem=1190,The Grand Dinner,UVA
https://icpcarchive.ecs.baylor.edu/index.php?option=onlinejudge&page=show_problem&problem=4582,It Can Be Arranged,Live Archive
https://icpcarchive.ecs.baylor.edu/index.php?option=onlinejudge&page=show_problem&problem=928,"Shortest" pair of paths,Live Archive
https://uva.onlinejudge.org/index.php?option=onlinejudge&page=show_problem&problem=1033,The Problem with the Problem Setter,UVA
http://acm.tju.edu.cn/toj/showp1636.html,Going Home,TJU
http://www.spoj.com/problems/CABLETV/,Cable TV Network,SPOJ
https://uva.onlinejudge.org/index.php?option=onlinejudge&page=show_problem&problem=1986,My T-shirt suits me,UVA
https://uva.onlinejudge.org/index.php?option=onlinejudge&page=show_problem&problem=1421,Sabotage,UVA
https://uva.onlinejudge.org/index.php?option=onlinejudge&page=show_problem&problem=2501,Angry Programmer,UVA
http://www.spoj.com/problems/MUDDY/,Muddy Fields,SPOJ
https://icpcarchive.ecs.baylor.edu/index.php?option=onlinejudge&page=show_problem&problem=3221,Internet Bandwidth,Live Archive
https://uva.onlinejudge.org/index.php?option=onlinejudge&page=show_problem&problem=1747,Dijkstra, Dijkstra.,UVA
https://icpcarchive.ecs.baylor.edu/index.php?option=onlinejudge&page=show_problem&problem=1032,Cable TV Network,Live Archive
http://poj.org/problem?id=2226,Muddy Fields,PKU
http://www.spoj.com/problems/BABY/,Baby,SPOJ
http://www.spoj.com/problems/TTTABLE/,Train TimeTable,SPOJ
https://uva.onlinejudge.org/index.php?option=onlinejudge&page=show_problem&problem=1271,Power Transmission,UVA
https://uva.onlinejudge.org/index.php?option=onlinejudge&page=show_problem&problem=4663,Handball,UVA
https://uva.onlinejudge.org/index.php?option=onlinejudge&page=show_problem&problem=504,Crimewave,UVA
https://uva.onlinejudge.org/index.php?option=onlinejudge&page=show_problem&problem=2413,Clever Naming Patterns,UVA
http://www.spoj.com/problems/DIVREL/,Divisibility Relation,SPOJ
https://uva.onlinejudge.org/index.php?option=onlinejudge&page=show_problem&problem=1452,Councilling,UVA
http://www.spoj.com/problems/DISJPATH/,Disjoint Paths,SPOJ
https://uva.onlinejudge.org/index.php?option=onlinejudge&page=show_problem&problem=1290,Antenna Placement,UVA
https://icpcarchive.ecs.baylor.edu/index.php?option=onlinejudge&page=show_problem&problem=3690,Pahom on Water,Live Archive
https://uva.onlinejudge.org/index.php?option=onlinejudge&page=show_problem&problem=2079,Nuts and Bolts,UVA
http://acm.tju.edu.cn/toj/showp1159.html,A Plug for UNIX,TJU
https://uva.onlinejudge.org/index.php?option=onlinejudge&page=show_problem&problem=1535,Data Flow,UVA
https://uva.onlinejudge.org/index.php?option=onlinejudge&page=show_problem&problem=1687,Crime Wave - The Sequel,UVA
https://icpcarchive.ecs.baylor.edu/index.php?option=onlinejudge&page=show_problem&problem=5918,Kill the Werewolf,Live Archive
https://uva.onlinejudge.org/index.php?option=onlinejudge&page=show_problem&problem=694,A Plug for UNIX,UVA
https://icpcarchive.ecs.baylor.edu/index.php?option=onlinejudge&page=show_problem&problem=3762,Safety Grade,Live Archive
https://uva.onlinejudge.org/index.php?option=onlinejudge&page=show_problem&problem=2100,Factors and Multiples,UVA
http://www.spoj.com/problems/STEAD/,Steady Cow Assignment,SPOJ
http://www.spoj.com/problems/PROFIT/,Maximum Profit,SPOJ
https://uva.onlinejudge.org/index.php?option=onlinejudge&page=show_problem&problem=604,Sorting Slides,UVA
http://www.spoj.com/problems/MSE06I/,"Shortest" pair of paths ,SPOJ
https://uva.onlinejudge.org/index.php?option=onlinejudge&page=show_problem&problem=2375,Down Went The Titanic,UVA
https://uva.onlinejudge.org/index.php?option=onlinejudge&page=show_problem&problem=2414,SAM I AM,UVA
http://www.spoj.com/problems/MOBIVINA/,MobiZone vs VinaGone,SPOJ
https://uva.onlinejudge.org/index.php?option=onlinejudge&page=show_problem&problem=1720,Collectors Problem,UVA
https://uva.onlinejudge.org/index.php?option=onlinejudge&page=show_problem&problem=611,The dog task,UVA
http://www.spoj.com/problems/TOURS/,Travelling tours,SPOJ
https://uva.onlinejudge.org/index.php?option=onlinejudge&page=show_problem&problem=3635,Machine Schedule,UVA
https://uva.onlinejudge.org/index.php?option=onlinejudge&page=show_problem&problem=3320,Cat vs. Dog,UVA
https://uva.onlinejudge.org/index.php?option=onlinejudge&page=show_problem&problem=3642,Taxi Cab Scheme,UVA
https://uva.onlinejudge.org/index.php?option=onlinejudge&page=show_problem&problem=2108,Monkeys in the Emei Mountain,UVA
https://uva.onlinejudge.org/index.php?option=onlinejudge&page=show_problem&problem=1930,Bomb, Divide and Conquer,UVA
https://uva.onlinejudge.org/index.php?option=onlinejudge&page=show_problem&problem=3277,March of the Penguins,UVA
https://uva.onlinejudge.org/index.php?option=onlinejudge&page=show_problem&problem=2023,Matrix Decompressing,UVA
http://www.spoj.com/problems/AMR12A/,The Black Riders,SPOJ
https://uva.onlinejudge.org/index.php?option=onlinejudge&page=show_problem&problem=2378,Golden Tiger Claw,UVA
https://uva.onlinejudge.org/index.php?option=onlinejudge&page=show_problem&problem=1829,Warehouse,UVA
http://www.spoj.com/problems/GASWARS/,Gas Wars,SPOJ
https://uva.onlinejudge.org/index.php?option=onlinejudge&page=show_problem&problem=2229,Weird Fence,UVA
https://uva.onlinejudge.org/index.php?option=onlinejudge&page=show_problem&problem=1676,Euler Circuit,UVA
https://uva.onlinejudge.org/index.php?option=onlinejudge&page=show_problem&problem=1013,Bob Laptop Woolmer and Eddie Desktop Barlow,UVA
http://acm.tju.edu.cn/toj/showp2906.html,Gavin's Promise,TJU
https://uva.onlinejudge.org/index.php?option=onlinejudge&page=show_problem&problem=1924,Buy one, get the rest free,UVA
https://uva.onlinejudge.org/index.php?option=onlinejudge&page=show_problem&problem=3235,Guardian of Decency,UVA
https://uva.onlinejudge.org/index.php?option=onlinejudge&page=show_problem&problem=1745,Gopher Strategy,UVA
http://www.spoj.com/problems/GCPC11I/,Suiting Weavers,SPOJ
http://acm.tju.edu.cn/toj/showp3551.html,Treasure Hunting,TJU
http://codeforces.com/problemset/problem/546/E,Soldier and Traveling,Codeforces
https://uva.onlinejudge.org/index.php?option=onlinejudge&page=show_problem&problem=1556,Rooks,UVA
http://codeforces.com/problemset/problem/498/C,Array and Operations,Codeforces
http://acm.timus.ru/problem.aspx?space=1&num=1774,Barber of the Army of Mages,Timus
https://uva.onlinejudge.org/index.php?option=onlinejudge&page=show_problem&problem=2434,Maximizing the ICPC,UVA
http://codeforces.com/problemset/problem/589/F,Gourmet and Banquet,Codeforces
https://uva.onlinejudge.org/index.php?option=onlinejudge&page=show_problem&problem=3625,Air Raid,UVA
http://acm.tju.edu.cn/toj/showp3309.html,Wukong and Tang Monk,TJU
https://uva.onlinejudge.org/index.php?option=onlinejudge&page=show_problem&problem=2276,Great Wall of China,UVA
https://uva.onlinejudge.org/index.php?option=onlinejudge&page=show_problem&problem=2660,Acme Corporation,UVA
http://acm.tju.edu.cn/toj/showp1891.html,Leapin' Lizards,TJU
http://codeforces.com/problemset/problem/321/B,Ciel and Duel,Codeforces
http://acm.tju.edu.cn/toj/showp1692.html,Cable TV Network,TJU
http://codeforces.com/problemset/problem/653/D,Delivery Bears,Codeforces
https://uva.onlinejudge.org/index.php?option=onlinejudge&page=show_problem&problem=2766,Gridland Airports,UVA
https://uva.onlinejudge.org/index.php?option=onlinejudge&page=show_problem&problem=2376,Elegant Strings,UVA
https://icpcarchive.ecs.baylor.edu/index.php?option=onlinejudge&page=show_problem&problem=2315,Mining Station on the Sea,Live Archive
http://www.spoj.com/problems/MILPATR/,Military patrol,SPOJ
https://uva.onlinejudge.org/index.php?option=onlinejudge&page=show_problem&problem=1063,Mysterious Mountain,UVA
https://uva.onlinejudge.org/index.php?option=onlinejudge&page=show_problem&problem=1321,Shogi Tournament,UVA
http://codeforces.com/problemset/problem/190/D,Non-Secret Cypher,Codeforces
http://codeforces.com/problemset/problem/510/E,Fox And Dinner,Codeforces
https://uva.onlinejudge.org/index.php?option=onlinejudge&page=show_problem&problem=2650,Its all about the Bandwidth,UVA
https://uva.onlinejudge.org/index.php?option=onlinejudge&page=show_problem&problem=2641,All Pairs Maximum Flow,UVA
http://codeforces.com/problemset/problem/269/C,Flawed Flow,Codeforces
https://uva.onlinejudge.org/index.php?option=onlinejudge&page=show_problem&problem=2865,Component Placement,UVA
https://uva.onlinejudge.org/index.php?option=onlinejudge&page=show_problem&problem=2857,Winger Trial,UVA
https://uva.onlinejudge.org/index.php?option=onlinejudge&page=show_problem&problem=3683,Necklace,UVA
http://acm.tju.edu.cn/toj/showp3591.html,Thieves,TJU
https://uva.onlinejudge.org/index.php?option=onlinejudge&page=show_problem&problem=2343,Faster Processing Feasibility,UVA
https://icpcarchive.ecs.baylor.edu/index.php?option=onlinejudge&page=show_problem&problem=6008,Delivering Goods,Live Archive
https://uva.onlinejudge.org/index.php?option=onlinejudge&page=show_problem&problem=2539,Recruiter's Problem,UVA
http://codeforces.com/problemset/problem/237/E,Build String,Codeforces
http://acm.tju.edu.cn/toj/showp2616.html,Budget,TJU
http://codeforces.com/problemset/problem/277/E,Binary Tree on Plane,Codeforces
https://uva.onlinejudge.org/index.php?option=onlinejudge&page=show_problem&problem=4417,It Can Be Arranged,UVA
http://acm.tju.edu.cn/toj/showp3672.html,Task Schedule,TJU
http://codeforces.com/problemset/problem/280/D,k-Maximum Subsequence Sum,Codeforces
http://codeforces.com/problemset/problem/362/E,Petya and Pipes,Codeforces
http://acm.tju.edu.cn/toj/showp3526.html,A New Graph Game,TJU
http://codeforces.com/problemset/problem/316/C1,Tidying Up,Codeforces
http://codeforces.com/problemset/problem/164/C,Machine Programming,Codeforces
http://acm.tju.edu.cn/toj/showp3555.html,HS BDC,TJU
https://uva.onlinejudge.org/index.php?option=onlinejudge&page=show_problem&problem=3529,Subway Timing,UVA
http://codeforces.com/problemset/problem/316/C2,Tidying Up,Codeforces
http://codeforces.com/problemset/problem/739/E,Gosha is hunting,Codeforces
http://codeforces.com/problemset/problem/491/C,Deciphering,Codeforces
http://codeforces.com/problemset/problem/343/E,Pumping Stations,Codeforces
http://codeforces.com/problemset/problem/311/E,Biologist,Codeforces
http://codeforces.com/problemset/problem/132/E,Bits of merry old England,Codeforces
https://uva.onlinejudge.org/index.php?option=onlinejudge&page=show_problem&problem=2689,Bangladesh Premier League,UVA
http://codeforces.com/problemset/problem/434/D,Nanami's Power Plant,Codeforces
http://codeforces.com/problemset/problem/78/E,Evacuation,Codeforces
http://codeforces.com/problemset/problem/513/F1,Scaygerboss,Codeforces
http://codeforces.com/problemset/problem/628/F,Bear and Fair Set,Codeforces
http://codeforces.com/problemset/problem/103/E,Buying Sets,Codeforces
http://acm.tju.edu.cn/toj/showp3874.html,Seikimatsu Occult Tonneru,TJU
http://codeforces.com/problemset/problem/513/F2,Scaygerboss,Codeforces
https://uva.onlinejudge.org/index.php?option=onlinejudge&page=show_problem&problem=2694,Judgment Day,UVA
http://codeforces.com/problemset/problem/786/E,ALT,Codeforces
http://codeforces.com/problemset/problem/126/E,Pills,Codeforces
http://codeforces.com/problemset/problem/848/D,Shake It!,Codeforces
p?ID=226,Critical Network Lines,A2 Online Judge
http://codeforces.com/problemset/problem/62/E,World Evil,Codeforces
http://codeforces.com/problemset/problem/223/E,Planar Graph,Codeforces
http://codeforces.com/problemset/problem/736/E,Chess Championship,Codeforces
http://codeforces.com/problemset/problem/704/D,Captain America,Codeforces
http://codeforces.com/problemset/problem/611/H,New Year  and Forgotten Tree,Codeforces
http://codeforces.com/problemset/problem/212/A,Privatization,Codeforces
http://www.spoj.com/problems/MAXFLOWW/,Max Flow Minimum Cost,SPOJ
http://codeforces.com/problemset/problem/457/E,Flow Optimality,Codeforces
