link,name,judge
http://www.spoj.com/problems/MKTHNUM/,K-th Number,SPOJ
http://www.spoj.com/problems/COT/,Count on a tree,SPOJ
http://www.spoj.com/problems/DQUERY/,D-query,SPOJ
http://www.spoj.com/problems/TTM/,To the moon,SPOJ
http://codeforces.com/problemset/problem/707/D,Persistent Bookcase ,Codeforces
http://codeforces.com/problemset/problem/960/F,Pathwalks,Codeforces
http://codeforces.com/problemset/problem/813/E,Army Creation,Codeforces
http://codeforces.com/problemset/problem/786/C,Till I Collapse,Codeforces
http://codeforces.com/problemset/problem/837/G,Functions On The Segments,Codeforces
