link,name,judge
https://uva.onlinejudge.org/index.php?option=onlinejudge&page=show_problem&problem=1335,Twin Primes,UVA
https://uva.onlinejudge.org/index.php?option=onlinejudge&page=show_problem&problem=36,The 3n + 1 problem,UVA
https://uva.onlinejudge.org/index.php?option=onlinejudge&page=show_problem&problem=1640,Count the factors,UVA
http://codeforces.com/problemset/problem/474/B,Worms,Codeforces
http://codeforces.com/problemset/problem/805/A,Fake NP,Codeforces
https://uva.onlinejudge.org/index.php?option=onlinejudge&page=show_problem&problem=1193,Common Permutation,UVA
https://uva.onlinejudge.org/index.php?option=onlinejudge&page=show_problem&problem=562,Secret Research,UVA
https://uva.onlinejudge.org/index.php?option=onlinejudge&page=show_problem&problem=1471,Guessing Game,UVA
http://codeforces.com/problemset/problem/520/B,Two Buttons,Codeforces
http://codeforces.com/problemset/problem/282/A,Bit++,Codeforces
http://codeforces.com/problemset/problem/519/C,A and B and Team Training,Codeforces
https://uva.onlinejudge.org/index.php?option=onlinejudge&page=show_problem&problem=1020,Pizza Cutting,UVA
https://uva.onlinejudge.org/index.php?option=onlinejudge&page=show_problem&problem=429,Triangle Wave,UVA
https://uva.onlinejudge.org/index.php?option=onlinejudge&page=show_problem&problem=4022,Hajj-e-Akbar,UVA
https://uva.onlinejudge.org/index.php?option=onlinejudge&page=show_problem&problem=3666,Digit Counting,UVA
https://uva.onlinejudge.org/index.php?option=onlinejudge&page=show_problem&problem=82,ID Codes,UVA
https://uva.onlinejudge.org/index.php?option=onlinejudge&page=show_problem&problem=3999,A Special "Happy Birthday" Song!!!,UVA
https://uva.onlinejudge.org/index.php?option=onlinejudge&page=show_problem&problem=384,Humble Numbers,UVA
https://uva.onlinejudge.org/index.php?option=onlinejudge&page=show_problem&problem=1275,Ray Through Glasses,UVA
https://uva.onlinejudge.org/index.php?option=onlinejudge&page=show_problem&problem=1130,Minesweeper,UVA
https://uva.onlinejudge.org/index.php?option=onlinejudge&page=show_problem&problem=1081,Prime Distance,UVA
https://uva.onlinejudge.org/index.php?option=onlinejudge&page=show_problem&problem=1714,Back to Intermediate Math,UVA
http://www.spoj.com/problems/HAMSTER1/,Hamster flight,SPOJ
http://codeforces.com/problemset/problem/124/A,The number of positions,Codeforces
https://uva.onlinejudge.org/index.php?option=onlinejudge&page=show_problem&problem=1373,Polygon Inside A Circle,UVA
https://uva.onlinejudge.org/index.php?option=onlinejudge&page=show_problem&problem=1491,Combination Lock,UVA
https://uva.onlinejudge.org/index.php?option=onlinejudge&page=show_problem&problem=2502,Bender B. Rodríguez Problem,UVA
https://uva.onlinejudge.org/index.php?option=onlinejudge&page=show_problem&problem=1432,Cows and Cars,UVA
http://codeforces.com/problemset/problem/1/A,Theatre Square,Codeforces
https://uva.onlinejudge.org/index.php?option=onlinejudge&page=show_problem&problem=564,500!,UVA
https://uva.onlinejudge.org/index.php?option=onlinejudge&page=show_problem&problem=1051,Light, more light,UVA
http://codeforces.com/problemset/problem/337/A,Puzzles,Codeforces
https://uva.onlinejudge.org/index.php?option=onlinejudge&page=show_problem&problem=3166,Google is Feeling Lucky,UVA
https://uva.onlinejudge.org/index.php?option=onlinejudge&page=show_problem&problem=1102,Ant on a Chessboard,UVA
https://uva.onlinejudge.org/index.php?option=onlinejudge&page=show_problem&problem=1167,Hardwood Species,UVA
https://uva.onlinejudge.org/index.php?option=onlinejudge&page=show_problem&problem=1124,How Many Fibs?,UVA
https://uva.onlinejudge.org/index.php?option=onlinejudge&page=show_problem&problem=1886,Mother bear,UVA
https://uva.onlinejudge.org/index.php?option=onlinejudge&page=show_problem&problem=1011,Leap Year or Not Leap Year and ...,UVA
https://uva.onlinejudge.org/index.php?option=onlinejudge&page=show_problem&problem=484,Goldbach's Conjecture,UVA
https://uva.onlinejudge.org/index.php?option=onlinejudge&page=show_problem&problem=1410,To Carry or not to Carry,UVA
https://uva.onlinejudge.org/index.php?option=onlinejudge&page=show_problem&problem=230,Divisors,UVA
http://codeforces.com/problemset/problem/230/B,T-primes,Codeforces
https://uva.onlinejudge.org/index.php?option=onlinejudge&page=show_problem&problem=272,A Node Too Far,UVA
https://uva.onlinejudge.org/index.php?option=onlinejudge&page=show_problem&problem=396,Periodic Strings,UVA
https://uva.onlinejudge.org/index.php?option=onlinejudge&page=show_problem&problem=2493,Division of Nlogonia,UVA
https://uva.onlinejudge.org/index.php?option=onlinejudge&page=show_problem&problem=1265,Zeros and Ones,UVA
http://codeforces.com/problemset/problem/546/B,Soldier and Badges,Codeforces
https://uva.onlinejudge.org/index.php?option=onlinejudge&page=show_problem&problem=260,Factorial Frequencies,UVA
https://uva.onlinejudge.org/index.php?option=onlinejudge&page=show_problem&problem=2396,Triangle Counting,UVA
https://uva.onlinejudge.org/index.php?option=onlinejudge&page=show_problem&problem=1023,WERTYU,UVA
http://codeforces.com/problemset/problem/732/A,Buy a Shovel,Codeforces
https://uva.onlinejudge.org/index.php?option=onlinejudge&page=show_problem&problem=1881,Throwing cards away II,UVA
https://uva.onlinejudge.org/index.php?option=onlinejudge&page=show_problem&problem=2899,Horror Dash,UVA
https://uva.onlinejudge.org/index.php?option=onlinejudge&page=show_problem&problem=342,Palindromes,UVA
https://uva.onlinejudge.org/index.php?option=onlinejudge&page=show_problem&problem=3922,Hardest Problem Ever (Easy),UVA
https://uva.onlinejudge.org/index.php?option=onlinejudge&page=show_problem&problem=1012,Back to High School Physics,UVA
https://www.urionlinejudge.com.br/judge/en/problems/view/1068,Parenthesis Balance I,URI
https://uva.onlinejudge.org/index.php?option=onlinejudge&page=show_problem&problem=1731,How Many Points of Intersection?,UVA
https://uva.onlinejudge.org/index.php?option=onlinejudge&page=show_problem&problem=787,Steps,UVA
https://uva.onlinejudge.org/index.php?option=onlinejudge&page=show_problem&problem=1730,Prime Frequency,UVA
https://uva.onlinejudge.org/index.php?option=onlinejudge&page=show_problem&problem=2827,Cost Cutting,UVA
https://uva.onlinejudge.org/index.php?option=onlinejudge&page=show_problem&problem=513,Oil Deposits,UVA
https://uva.onlinejudge.org/index.php?option=onlinejudge&page=show_problem&problem=514,The Snail,UVA
http://codeforces.com/problemset/problem/339/A,Helpful Maths,Codeforces
http://codeforces.com/problemset/problem/4/A,Watermelon,Codeforces
https://uva.onlinejudge.org/index.php?option=onlinejudge&page=show_problem&problem=2927,Maximum GCD,UVA
https://uva.onlinejudge.org/index.php?option=onlinejudge&page=show_problem&problem=305,Combinations,UVA
https://uva.onlinejudge.org/index.php?option=onlinejudge&page=show_problem&problem=310,Big Mod,UVA
https://uva.onlinejudge.org/index.php?option=onlinejudge&page=show_problem&problem=42,Fermat vs. Pythagoras,UVA
https://uva.onlinejudge.org/index.php?option=onlinejudge&page=show_problem&problem=318,Perfection,UVA
https://uva.onlinejudge.org/index.php?option=onlinejudge&page=show_problem&problem=2864,Jumping Mario,UVA
https://uva.onlinejudge.org/index.php?option=onlinejudge&page=show_problem&problem=2843,Credit Check,UVA
https://uva.onlinejudge.org/index.php?option=onlinejudge&page=show_problem&problem=2949,CD,UVA
https://uva.onlinejudge.org/index.php?option=onlinejudge&page=show_problem&problem=2834,Big Number of Teams will Solve This,UVA
https://uva.onlinejudge.org/index.php?option=onlinejudge&page=show_problem&problem=3834,Save Setu,UVA
https://uva.onlinejudge.org/index.php?option=onlinejudge&page=show_problem&problem=3146,I Can Guess the Data Structure!,UVA
https://uva.onlinejudge.org/index.php?option=onlinejudge&page=show_problem&problem=55,Greedy Gift Givers,UVA
https://uva.onlinejudge.org/index.php?option=onlinejudge&page=show_problem&problem=2683,Hello World!,UVA
https://uva.onlinejudge.org/index.php?option=onlinejudge&page=show_problem&problem=614,Parentheses Balance,UVA
https://uva.onlinejudge.org/index.php?option=onlinejudge&page=show_problem&problem=3904,Airplane,UVA
https://uva.onlinejudge.org/index.php?option=onlinejudge&page=show_problem&problem=2730,Laser Sculpture,UVA
https://uva.onlinejudge.org/index.php?option=onlinejudge&page=show_problem&problem=2162,Magic square palindromes.,UVA
https://uva.onlinejudge.org/index.php?option=onlinejudge&page=show_problem&problem=298,18,000 Seconds Remaining,UVA
https://uva.onlinejudge.org/index.php?option=onlinejudge&page=show_problem&problem=2644,Spanning Subtree,UVA
https://uva.onlinejudge.org/index.php?option=onlinejudge&page=show_problem&problem=1153,The Last Non-zero Digit.,UVA
https://uva.onlinejudge.org/index.php?option=onlinejudge&page=show_problem&problem=3988,Longest Word,UVA
http://codeforces.com/problemset/problem/977/D,Divide by three, multiply by two,Codeforces
http://codeforces.com/problemset/problem/1051/C,Vasya and Multisets,Codeforces
https://uva.onlinejudge.org/index.php?option=onlinejudge&page=show_problem&problem=3155,Bubble Sort,UVA
https://uva.onlinejudge.org/index.php?option=onlinejudge&page=show_problem&problem=3266,Bachelor Arithmetic,UVA
https://uva.onlinejudge.org/index.php?option=onlinejudge&page=show_problem&problem=1384,Rock, Scissors, Paper,UVA
https://uva.onlinejudge.org/index.php?option=onlinejudge&page=show_problem&problem=2734,Digits,UVA
https://uva.onlinejudge.org/index.php?option=onlinejudge&page=show_problem&problem=1333,Factoring Large Numbers,UVA
https://uva.onlinejudge.org/index.php?option=onlinejudge&page=show_problem&problem=557,Coconuts, Revisited,UVA
https://uva.onlinejudge.org/index.php?option=onlinejudge&page=show_problem&problem=395,Anagrams,UVA
https://uva.onlinejudge.org/index.php?option=onlinejudge&page=show_problem&problem=2454,Snakes and Ladders,UVA
https://uva.onlinejudge.org/index.php?option=onlinejudge&page=show_problem&problem=1692,Chessboard,UVA
http://codeforces.com/problemset/problem/994/B,Knights of a Polygonal Table,Codeforces
https://uva.onlinejudge.org/index.php?option=onlinejudge&page=show_problem&problem=2623,Scrolling Sign,UVA
https://uva.onlinejudge.org/index.php?option=onlinejudge&page=show_problem&problem=2900,Determine the Shape,UVA
