link,name,judge
http://codeforces.com/problemset/problem/584/D,Dima and Lisa,Codeforces
http://codeforces.com/problemset/problem/735/D,Taxes,Codeforces
https://uva.onlinejudge.org/index.php?option=onlinejudge&page=show_problem&problem=1923,Troublemakers,UVA
http://codeforces.com/problemset/problem/843/B,Interactive LowerBound,Codeforces
http://codeforces.com/problemset/problem/364/D,Ghd,Codeforces
http://codeforces.com/problemset/problem/23/C,Oranges and Apples,Codeforces
http://codeforces.com/problemset/problem/852/A,Digits,Codeforces
http://codeforces.com/problemset/problem/1061/F,Lost Root,Codeforces
