link,name,judge
http://www.spoj.com/problems/KQUERY/,K-query,SPOJ
http://www.spoj.com/problems/HORRIBLE/,Horrible Queries,SPOJ
http://www.spoj.com/problems/KGSS/,Maximum Sum,SPOJ
http://www.spoj.com/problems/MKTHNUM/,K-th Number,SPOJ
http://codeforces.com/problemset/problem/339/D,Xenia and Bit Operations,Codeforces
https://icpcarchive.ecs.baylor.edu/index.php?option=onlinejudge&page=show_problem&problem=4150,Interval Product,Live Archive
http://www.spoj.com/problems/POSTERS/,Election Posters,SPOJ
http://www.spoj.com/problems/KQUERYO/,K-Query Online,SPOJ
http://www.spoj.com/problems/KQUERY2/,K-query II,SPOJ
