link,name,judge
http://www.spoj.com/problems/RACETIME/,Race Against Time,SPOJ
https://uva.onlinejudge.org/index.php?option=onlinejudge&page=show_problem&problem=3238,Potentiometers,UVA
http://www.spoj.com/problems/KQUERY2/,K-query II,SPOJ
https://uva.onlinejudge.org/index.php?option=onlinejudge&page=show_problem&problem=3154,Array Transformer,UVA
http://codeforces.com/problemset/problem/446/C,DZY Loves Fibonacci Numbers,Codeforces
http://codeforces.com/problemset/problem/121/E,Lucky Array,Codeforces
