link,name,judge
http://community.topcoder.com/stat?c=problem_statement&pm=6872,FunnyFence,TopCoder
http://community.topcoder.com/stat?c=problem_statement&pm=9761,FallingFactorialPower,TopCoder
http://community.topcoder.com/stat?c=problem_statement&pm=10461,ToolsBox,TopCoder
http://community.topcoder.com/stat?c=problem_statement&pm=7894,ValueAddedTax,TopCoder
http://community.topcoder.com/stat?c=problem_statement&pm=8761,CircularLine,TopCoder
http://community.topcoder.com/stat?c=problem_statement&pm=13125,WakingUpEasy,TopCoder
http://community.topcoder.com/stat?c=problem_statement&pm=10078,ColumnDiagramPerimeter,TopCoder
http://community.topcoder.com/stat?c=problem_statement&pm=8483,RussianSpeedLimits,TopCoder
http://community.topcoder.com/stat?c=problem_statement&pm=6584,EsperantoNumbers,TopCoder
http://community.topcoder.com/stat?c=problem_statement&pm=7277,TextStatistics,TopCoder
http://community.topcoder.com/stat?c=problem_statement&pm=7576,Chessboard,TopCoder
http://community.topcoder.com/stat?c=problem_statement&pm=8723,LangfordSequence,TopCoder
http://community.topcoder.com/stat?c=problem_statement&pm=13110,SwitchingGame,TopCoder
http://community.topcoder.com/stat?c=problem_statement&pm=7558,AdvertisingAgency,TopCoder
http://community.topcoder.com/stat?c=problem_statement&pm=8253,Police,TopCoder
http://community.topcoder.com/stat?c=problem_statement&pm=8110,LetterInterchange,TopCoder
http://community.topcoder.com/stat?c=problem_statement&pm=8760,MaximalProduct,TopCoder
http://community.topcoder.com/stat?c=problem_statement&pm=10054,Undo,TopCoder
http://community.topcoder.com/stat?c=problem_statement&pm=7523,TriangleConstruction,TopCoder
http://community.topcoder.com/stat?c=problem_statement&pm=8554,QueryFilter,TopCoder
http://community.topcoder.com/stat?c=problem_statement&pm=7625,SimpleRotationDecoder,TopCoder
http://community.topcoder.com/stat?c=problem_statement&pm=8482,UnderscoreJustification,TopCoder
http://community.topcoder.com/stat?c=problem_statement&pm=7555,BrokenKeyboardRepair,TopCoder
http://community.topcoder.com/stat?c=problem_statement&pm=9760,RelativePath,TopCoder
http://community.topcoder.com/stat?c=problem_statement&pm=8256,CardsAndSlots,TopCoder
http://community.topcoder.com/stat?c=problem_statement&pm=6498,ParallelepipedUnion,TopCoder
http://community.topcoder.com/stat?c=problem_statement&pm=13094,ColorfulCoinsEasy,TopCoder
http://community.topcoder.com/stat?c=problem_statement&pm=7252,VolleyballTournament,TopCoder
http://community.topcoder.com/stat?c=problem_statement&pm=7557,AlmostPerfectNumber,TopCoder
http://community.topcoder.com/stat?c=problem_statement&pm=7554,PowerOfInteger,TopCoder
http://community.topcoder.com/stat?c=problem_statement&pm=13124,WakingUp,TopCoder
http://community.topcoder.com/stat?c=problem_statement&pm=6600,IQTest,TopCoder
http://community.topcoder.com/stat?c=problem_statement&pm=7759,NoEights,TopCoder
http://community.topcoder.com/stat?c=problem_statement&pm=7309,CreatePairs,TopCoder
http://community.topcoder.com/stat?c=problem_statement&pm=6493,PizzaDivision,TopCoder
http://community.topcoder.com/stat?c=problem_statement&pm=7886,MixingLiquids,TopCoder
http://community.topcoder.com/stat?c=problem_statement&pm=7501,LongestSubanagramChain,TopCoder
http://community.topcoder.com/stat?c=problem_statement&pm=8474,SummingArithmeticProgressions,TopCoder
http://community.topcoder.com/stat?c=problem_statement&pm=9757,IdealString,TopCoder
http://community.topcoder.com/stat?c=problem_statement&pm=8580,TriangularSubsequence,TopCoder
http://community.topcoder.com/stat?c=problem_statement&pm=13069,TwoLLogo,TopCoder
http://community.topcoder.com/stat?c=problem_statement&pm=8471,TurningMaze,TopCoder
http://community.topcoder.com/stat?c=problem_statement&pm=7556,ColorfulDisks,TopCoder
http://community.topcoder.com/stat?c=problem_statement&pm=8246,UnfriendlyMultiPermutation,TopCoder
http://community.topcoder.com/stat?c=problem_statement&pm=7552,EntertainingSegment,TopCoder
http://community.topcoder.com/stat?c=problem_statement&pm=7323,Squares,TopCoder
http://community.topcoder.com/stat?c=problem_statement&pm=7500,SortingPhotos,TopCoder
http://community.topcoder.com/stat?c=problem_statement&pm=13061,ColorfulCoins,TopCoder
http://community.topcoder.com/stat?c=problem_statement&pm=8711,BinarySum,TopCoder
http://community.topcoder.com/stat?c=problem_statement&pm=7553,DigramAnalysis,TopCoder
http://community.topcoder.com/stat?c=problem_statement&pm=10077,CactusCount,TopCoder
http://community.topcoder.com/stat?c=problem_statement&pm=8758,AvoidingProduct,TopCoder
http://community.topcoder.com/stat?c=problem_statement&pm=7540,QuantumAlchemy,TopCoder
http://community.topcoder.com/stat?c=problem_statement&pm=6871,NiceOrUgly,TopCoder
http://community.topcoder.com/stat?c=problem_statement&pm=7539,Tetrahedron,TopCoder
http://community.topcoder.com/stat?c=problem_statement&pm=8713,ReversingPrefixes,TopCoder
http://community.topcoder.com/stat?c=problem_statement&pm=6402,RestoringPolygon,TopCoder
http://community.topcoder.com/stat?c=problem_statement&pm=6501,AntarcticaPolice,TopCoder
http://community.topcoder.com/stat?c=problem_statement&pm=10085,NimForK,TopCoder
http://community.topcoder.com/stat?c=problem_statement&pm=9764,AllCycleLengths,TopCoder
http://community.topcoder.com/stat?c=problem_statement&pm=6832,QuadraticEquations,TopCoder
http://community.topcoder.com/stat?c=problem_statement&pm=8238,PointsOnACircle,TopCoder
http://community.topcoder.com/stat?c=problem_statement&pm=8111,RLESum,TopCoder
http://community.topcoder.com/stat?c=problem_statement&pm=8712,PredictionCardGame,TopCoder
http://community.topcoder.com/stat?c=problem_statement&pm=7502,MultiprocessorProgramming,TopCoder
http://community.topcoder.com/stat?c=problem_statement&pm=8553,UnfixedArrangements,TopCoder
http://community.topcoder.com/stat?c=problem_statement&pm=7332,FairTournament,TopCoder
http://community.topcoder.com/stat?c=problem_statement&pm=8254,Polygon,TopCoder
http://community.topcoder.com/stat?c=problem_statement&pm=7496,Provinces,TopCoder
http://community.topcoder.com/stat?c=problem_statement&pm=6175,LadderPermutation,TopCoder
http://community.topcoder.com/stat?c=problem_statement&pm=10055,CactusAutomorphisms,TopCoder
http://community.topcoder.com/stat?c=problem_statement&pm=13060,AlwaysDefined,TopCoder
http://community.topcoder.com/stat?c=problem_statement&pm=13059,ThreeLLogo,TopCoder
http://community.topcoder.com/stat?c=problem_statement&pm=8162,KSlopePermutation,TopCoder
http://community.topcoder.com/stat?c=problem_statement&pm=8754,DancingParty,TopCoder
http://community.topcoder.com/stat?c=problem_statement&pm=6381,BlockCounter,TopCoder
http://community.topcoder.com/stat?c=problem_statement&pm=7761,BeautifulHexagonalTilings,TopCoder
http://community.topcoder.com/stat?c=problem_statement&pm=7308,MoreBlack,TopCoder
http://community.topcoder.com/stat?c=problem_statement&pm=8248,AncientLanguage,TopCoder
http://community.topcoder.com/stat?c=problem_statement&pm=6177,JobPlanner,TopCoder
http://community.topcoder.com/stat?c=problem_statement&pm=6482,CheapestIsland,TopCoder
http://community.topcoder.com/stat?c=problem_statement&pm=9744,ReasonableOdds,TopCoder
http://community.topcoder.com/stat?c=problem_statement&pm=6834,PostfixRLE,TopCoder
http://community.topcoder.com/stat?c=problem_statement&pm=8458,InfiniteAddition,TopCoder
